customerID,Segment,BusinessName,tenure,MonthlyCharges,PredictedChurnProbability
7590-VHVEG,4,"New, Low-Spend, High-Risk",1,29.85,0.5344144895006219
5575-GNVDE,3,"Established, Low-Spend, Low-Risk",34,56.95,0.052563038907561525
3668-QPYBK,4,"New, Low-Spend, High-Risk",2,53.85,0.27592036022563393
7795-CFOCW,3,"Established, Low-Spend, Low-Risk",45,42.3,0.03617223935723609
9237-HQITU,2,"New, High-Spend, High-Risk",2,70.7,0.6353112291507164
9305-CDSKC,2,"New, High-Spend, High-Risk",8,99.65,0.7708200846690046
1452-KIOVK,2,"New, High-Spend, High-Risk",22,89.1,0.5326801575462253
6713-OKOMC,4,"New, Low-Spend, High-Risk",10,29.75,0.35820329815939744
7892-POOKP,2,"New, High-Spend, High-Risk",28,104.8,0.5712167647553006
6388-TABGU,3,"Established, Low-Spend, Low-Risk",62,56.15,0.01314206465415555
9763-GRSKD,4,"New, Low-Spend, High-Risk",13,49.95,0.18444173642515016
7469-LKBCI,4,"New, Low-Spend, High-Risk",16,18.95,0.03274621035420264
8091-TTVAX,1,"Established, High-Spend, Low-Risk",58,100.35,0.2675190970814826
0280-XJGEX,1,"Established, High-Spend, Low-Risk",49,103.7,0.4728666717589322
5129-JLPIS,2,"New, High-Spend, High-Risk",25,105.5,0.38970442324183363
3655-SNQYZ,1,"Established, High-Spend, Low-Risk",69,113.25,0.044866230656290106
8191-XWSZG,3,"Established, Low-Spend, Low-Risk",52,20.65,0.01193261466293642
9959-WOFKT,1,"Established, High-Spend, Low-Risk",71,106.7,0.060016169026998224
4190-MFLUW,4,"New, Low-Spend, High-Risk",10,55.2,0.20404875286443655
4183-MYFRB,2,"New, High-Spend, High-Risk",21,90.05,0.5011500469160051
8779-QRDMV,2,"New, High-Spend, High-Risk",1,39.65,0.6686470989279764
1680-VDCWW,4,"New, Low-Spend, High-Risk",12,19.8,0.07434911987952536
1066-JKSGK,4,"New, Low-Spend, High-Risk",1,20.15,0.21732216413845315
3638-WEABW,3,"Established, Low-Spend, Low-Risk",58,59.9,0.015791406678667942
6322-HRPFA,3,"Established, Low-Spend, Low-Risk",49,59.6,0.03293778206891624
6865-JZNKO,4,"New, Low-Spend, High-Risk",30,55.3,0.1082234865949654
6467-CHFZW,1,"Established, High-Spend, Low-Risk",47,99.35,0.4390759826296904
8665-UTDHZ,4,"New, Low-Spend, High-Risk",1,30.2,0.47276351415652595
5248-YGIJN,1,"Established, High-Spend, Low-Risk",72,90.25,0.014683354795780553
8773-HHUOZ,4,"New, Low-Spend, High-Risk",17,64.7,0.3574458381695263
3841-NFECX,1,"Established, High-Spend, Low-Risk",71,96.35,0.02770950648662259
4929-XIHVW,2,"New, High-Spend, High-Risk",2,95.5,0.783527244356368
6827-IEAUQ,4,"New, Low-Spend, High-Risk",27,66.15,0.033806152655374566
7310-EGVHZ,4,"New, Low-Spend, High-Risk",1,20.2,0.21718757676509345
3413-BMNZE,4,"New, Low-Spend, High-Risk",1,45.25,0.4726957577046525
6234-RAAPL,1,"Established, High-Spend, Low-Risk",72,99.9,0.027079601157865247
6047-YHPVI,2,"New, High-Spend, High-Risk",5,69.7,0.6142116564480599
6572-ADKRS,1,"Established, High-Spend, Low-Risk",46,74.8,0.27122978094637223
5380-WJKOV,2,"New, High-Spend, High-Risk",34,106.35,0.5719030072376643
8168-UQWWF,2,"New, High-Spend, High-Risk",11,97.85,0.7596946871498348
8865-TNMNX,4,"New, Low-Spend, High-Risk",10,49.55,0.14083184937850396
9489-DEDVP,1,"Established, High-Spend, Low-Risk",70,69.2,0.011392798275877952
9867-JCZSP,4,"New, Low-Spend, High-Risk",17,20.75,0.04719058709606557
4671-VJLCL,1,"Established, High-Spend, Low-Risk",63,79.85,0.012480316291322667
4080-IIARD,4,"New, Low-Spend, High-Risk",13,76.2,0.2356296732154086
3714-NTNFO,1,"Established, High-Spend, Low-Risk",49,84.5,0.3958983334440301
5948-UJZLF,4,"New, Low-Spend, High-Risk",2,49.25,0.37771567990841076
7760-OYPDY,2,"New, High-Spend, High-Risk",2,80.65,0.6982145252174536
7639-LIAYI,1,"Established, High-Spend, Low-Risk",52,79.75,0.031104024999665088
2954-PIBKO,1,"Established, High-Spend, Low-Risk",69,64.15,0.005897684511050672
8012-SOUDQ,2,"New, High-Spend, High-Risk",43,90.25,0.471995440934798
9420-LOJKX,2,"New, High-Spend, High-Risk",15,99.1,0.5248804128583078
6575-SUVOI,4,"New, Low-Spend, High-Risk",25,69.5,0.22711523488817686
7495-OOKFY,2,"New, High-Spend, High-Risk",8,80.65,0.6699519355604249
4667-QONEA,1,"Established, High-Spend, Low-Risk",60,74.85,0.0181965823905488
1658-BYGOY,2,"New, High-Spend, High-Risk",18,95.45,0.7605098710129369
8769-KKTPH,1,"Established, High-Spend, Low-Risk",63,99.65,0.14295965779323053
5067-XJQFU,1,"Established, High-Spend, Low-Risk",66,108.45,0.15036429393398856
3957-SQXML,3,"Established, Low-Spend, Low-Risk",34,24.95,0.016039315725820378
5954-BDFSG,1,"Established, High-Spend, Low-Risk",72,107.5,0.08221893179125464
0434-CSFON,2,"New, High-Spend, High-Risk",47,100.5,0.5209797790863981
1215-FIGMP,1,"Established, High-Spend, Low-Risk",60,89.9,0.3092737555996033
0526-SXDJP,3,"Established, Low-Spend, Low-Risk",72,42.1,0.008052729621644945
0557-ASKVU,4,"New, Low-Spend, High-Risk",18,54.4,0.0819031759019789
5698-BQJOH,2,"New, High-Spend, High-Risk",9,94.4,0.7744927136274855
5122-CYFXA,2,"New, High-Spend, High-Risk",3,75.3,0.39965174725213454
8627-ZYGSZ,1,"Established, High-Spend, Low-Risk",47,78.9,0.1782373234985062
3410-YOQBQ,1,"Established, High-Spend, Low-Risk",31,79.2,0.056547437918146426
3170-NMYVV,3,"Established, Low-Spend, Low-Risk",50,20.15,0.00533473578793204
7410-OIEDU,2,"New, High-Spend, High-Risk",10,79.85,0.44960922263321623
2273-QCKXA,4,"New, Low-Spend, High-Risk",1,49.05,0.33283965383587916
0731-EBJQB,3,"Established, Low-Spend, Low-Risk",52,20.4,0.009724639391668923
1891-QRQSA,1,"Established, High-Spend, Low-Risk",64,111.6,0.06585354611074354
8028-PNXHQ,3,"Established, Low-Spend, Low-Risk",62,24.25,0.004515596152150373
5630-AHZIL,4,"New, Low-Spend, High-Risk",3,64.5,0.2236897645444124
2673-CXQEU,1,"Established, High-Spend, Low-Risk",56,110.5,0.2134224536008439
6416-JNVRK,3,"Established, Low-Spend, Low-Risk",46,55.65,0.0748267135567747
5590-ZSKRV,4,"New, Low-Spend, High-Risk",8,54.65,0.19210773646268675
0191-ZHSKZ,1,"Established, High-Spend, Low-Risk",30,74.75,0.2276312107559051
3887-PBQAO,3,"Established, Low-Spend, Low-Risk",45,25.9,0.019027579558469274
5919-TMRGD,2,"New, High-Spend, High-Risk",1,79.35,0.6558265327694238
8108-UXRQN,4,"New, Low-Spend, High-Risk",11,50.55,0.4346101406620959
9191-MYQKX,2,"New, High-Spend, High-Risk",7,75.15,0.5870408523511187
9919-YLNNG,1,"Established, High-Spend, Low-Risk",42,103.8,0.34513460356726317
0318-ZOPWS,3,"Established, Low-Spend, Low-Risk",49,20.15,0.007267493768910634
4445-ZJNMU,2,"New, High-Spend, High-Risk",9,99.3,0.7473099616144785
4808-YNLEU,3,"Established, Low-Spend, Low-Risk",35,62.15,0.07475398608692499
1862-QRWPE,3,"Established, Low-Spend, Low-Risk",48,20.65,0.0060094448937747765
2796-NNUFI,3,"Established, Low-Spend, Low-Risk",46,19.95,0.006536159222134964
3016-KSVCP,4,"New, Low-Spend, High-Risk",29,33.75,0.3588600100455652
4767-HZZHQ,2,"New, High-Spend, High-Risk",30,82.05,0.3069477096938224
2424-WVHPL,2,"New, High-Spend, High-Risk",1,74.7,0.597112277658362
7233-PAHHL,1,"Established, High-Spend, Low-Risk",66,84.0,0.016304152633255388
6067-NGCEU,1,"Established, High-Spend, Low-Risk",65,111.05,0.2693485730364096
9848-JQJTX,1,"Established, High-Spend, Low-Risk",72,100.9,0.10518812681550163
8637-XJIVR,2,"New, High-Spend, High-Risk",12,78.95,0.5193925487898339
9803-FTJCG,1,"Established, High-Spend, Low-Risk",71,66.85,0.00999964939623565
0278-YXOOG,4,"New, Low-Spend, High-Risk",5,21.05,0.18576621734820267
3212-KXOCR,3,"Established, Low-Spend, Low-Risk",52,21.0,0.0062446150998817515
4598-XLKNJ,2,"New, High-Spend, High-Risk",25,98.5,0.6151786667566881
6380-ARCEH,4,"New, Low-Spend, High-Risk",1,20.2,0.21718757676509345
3679-XASPY,4,"New, Low-Spend, High-Risk",1,19.45,0.1815716174171203
7123-WQUHX,1,"Established, High-Spend, Low-Risk",38,95.0,0.2419253997004403
5386-THSLQ,3,"Established, Low-Spend, Low-Risk",66,45.55,0.054397316554008035
3192-NQECA,1,"Established, High-Spend, Low-Risk",68,110.0,0.08628209335685226
6180-YBIQI,4,"New, Low-Spend, High-Risk",5,24.3,0.5294819845471666
6728-DKUCO,1,"Established, High-Spend, Low-Risk",72,104.15,0.09969571560336872
9750-BOOHV,3,"Established, Low-Spend, Low-Risk",32,30.15,0.08925180951619974
8597-CWYHH,1,"Established, High-Spend, Low-Risk",43,94.35,0.3600241212434403
2848-YXSMW,3,"Established, Low-Spend, Low-Risk",72,19.4,0.001976443526752198
0486-HECZI,1,"Established, High-Spend, Low-Risk",55,96.75,0.2546730460980035
4549-ZDQYY,3,"Established, Low-Spend, Low-Risk",52,57.95,0.019547170017447178
5712-AHQNN,1,"Established, High-Spend, Low-Risk",43,91.65,0.33845404262142265
4846-WHAFZ,2,"New, High-Spend, High-Risk",37,76.5,0.470138988728681
5256-SKJGO,3,"Established, Low-Spend, Low-Risk",64,54.6,0.020615574164352782
3071-VBYPO,2,"New, High-Spend, High-Risk",3,89.85,0.4898845675572958
9560-BBZXK,3,"Established, Low-Spend, Low-Risk",36,31.05,0.040205946908572106
5299-RULOA,2,"New, High-Spend, High-Risk",10,100.25,0.6258114492155247
8402-OOOHJ,3,"Established, Low-Spend, Low-Risk",41,20.65,0.010181160444148903
9445-ZUEQE,2,"New, High-Spend, High-Risk",27,85.2,0.3168372672269202
1091-SOZGA,1,"Established, High-Spend, Low-Risk",56,99.8,0.23244947193423443
2928-HLDBA,4,"New, Low-Spend, High-Risk",6,20.7,0.1775445810712378
0404-SWRVG,2,"New, High-Spend, High-Risk",3,74.4,0.7028198953420933
6497-TILVL,4,"New, Low-Spend, High-Risk",7,50.7,0.221601424751326
7219-TLZHO,4,"New, Low-Spend, High-Risk",4,20.85,0.15837251592648338
4622-YNKIJ,1,"Established, High-Spend, Low-Risk",33,88.95,0.08355425209919307
4412-YLTKF,2,"New, High-Spend, High-Risk",27,78.05,0.5495255479727591
6734-PSBAW,3,"Established, Low-Spend, Low-Risk",72,23.55,0.00378107538457323
3930-ZGWVE,4,"New, Low-Spend, High-Risk",1,19.75,0.21840103137687206
2639-UGMAZ,3,"Established, Low-Spend, Low-Risk",71,56.45,0.04388611720019717
2876-GZYZC,2,"New, High-Spend, High-Risk",13,85.95,0.6897183010392481
6207-WIOLX,4,"New, Low-Spend, High-Risk",25,58.6,0.2742714204233612
8587-XYZSF,3,"Established, Low-Spend, Low-Risk",67,50.55,0.00816693234539823
3091-FYHKI,2,"New, High-Spend, High-Risk",1,35.45,0.6354905384691691
2372-HWUHI,4,"New, Low-Spend, High-Risk",2,44.35,0.41829748745013534
7799-LGRDP,3,"Established, Low-Spend, Low-Risk",43,25.7,0.013451884483723088
7850-VWJUU,2,"New, High-Spend, High-Risk",23,75.0,0.34934404938344654
3774-VBNXY,3,"Established, Low-Spend, Low-Risk",64,20.2,0.0028378106704948897
6217-KDYWC,3,"Established, Low-Spend, Low-Risk",57,19.6,0.003919605802408281
0390-DCFDQ,2,"New, High-Spend, High-Risk",1,70.45,0.6922553359952631
3146-MSEGF,1,"Established, High-Spend, Low-Risk",72,88.05,0.014361209027522994
4080-OGPJL,4,"New, Low-Spend, High-Risk",8,71.15,0.2930039867739167
1095-WGNGG,1,"Established, High-Spend, Low-Risk",61,101.05,0.1290820660171895
2636-SJDOU,1,"Established, High-Spend, Low-Risk",64,84.3,0.07277130633865686
1131-QQZEB,3,"Established, Low-Spend, Low-Risk",71,23.95,0.0048160455422529185
5716-EZXZN,1,"Established, High-Spend, Low-Risk",65,99.05,0.032539926422811366
6837-BJYDQ,4,"New, Low-Spend, High-Risk",3,19.6,0.10711792482499358
2135-RXIHG,4,"New, Low-Spend, High-Risk",1,45.65,0.42367241713262144
6440-DKQGE,4,"New, Low-Spend, High-Risk",30,64.5,0.09037110984559274
3466-BYAVD,4,"New, Low-Spend, High-Risk",15,69.5,0.20053760025073591
3780-YVMFA,2,"New, High-Spend, High-Risk",8,68.55,0.351166988021676
3874-EQOEP,2,"New, High-Spend, High-Risk",7,95.0,0.7845658154866527
1679-JRFBR,1,"Established, High-Spend, Low-Risk",70,108.15,0.11819432843359158
9073-ZZIAY,1,"Established, High-Spend, Low-Risk",62,86.1,0.010763021140860439
3077-RSNTJ,4,"New, Low-Spend, High-Risk",6,19.7,0.14904228509655565
6551-GNYDG,2,"New, High-Spend, High-Risk",14,80.9,0.5503199763752784
9167-APMXZ,2,"New, High-Spend, High-Risk",22,84.15,0.6268717268786776
2749-CTKAJ,4,"New, Low-Spend, High-Risk",22,20.15,0.03778124802218744
6371-NZYEG,4,"New, Low-Spend, High-Risk",16,64.25,0.06062435319177132
7554-NEWDD,4,"New, Low-Spend, High-Risk",10,25.7,0.05634099694251797
8992-VONJD,4,"New, Low-Spend, High-Risk",13,56.0,0.15753284845050544
0867-MKZVY,2,"New, High-Spend, High-Risk",20,82.4,0.4467713938298921
4482-EWFMI,2,"New, High-Spend, High-Risk",2,69.7,0.638211923004483
4648-YPBTM,1,"Established, High-Spend, Low-Risk",53,73.9,0.027249131312851033
2907-ILJBN,4,"New, Low-Spend, High-Risk",11,20.6,0.060701610714940395
6345-FZOQH,3,"Established, Low-Spend, Low-Risk",69,19.9,0.002931187587116597
3376-BMGFE,2,"New, High-Spend, High-Risk",4,70.9,0.6169741636422107
5997-OPVFA,1,"Established, High-Spend, Low-Risk",72,89.05,0.014608010161988878
3445-HXXGF,3,"Established, Low-Spend, Low-Risk",58,45.3,0.14453836731982675
1159-WFSGR,4,"New, Low-Spend, High-Risk",16,20.4,0.09850734792805536
7654-YWJUF,1,"Established, High-Spend, Low-Risk",43,84.25,0.08034431123322447
1875-QIVME,2,"New, High-Spend, High-Risk",2,104.4,0.7328652435330355
6727-IOTLZ,4,"New, Low-Spend, High-Risk",14,81.95,0.09588748999456811
0691-JVSYA,1,"Established, High-Spend, Low-Risk",53,94.85,0.22962042616734063
5918-VUKWP,3,"Established, Low-Spend, Low-Risk",32,20.55,0.029780558638552796
1744-JHKYS,3,"Established, Low-Spend, Low-Risk",34,24.7,0.07917788950111582
2656-FMOKZ,2,"New, High-Spend, High-Risk",15,74.45,0.6527145445868542
2070-FNEXE,2,"New, High-Spend, High-Risk",7,76.45,0.5208047552594821
5947-SGKCL,2,"New, High-Spend, High-Risk",15,105.35,0.6469940494092103
3712-PKXZA,3,"Established, Low-Spend, Low-Risk",61,20.55,0.008294017242236749
6317-YPKDH,4,"New, Low-Spend, High-Risk",1,29.95,0.5274597261515855
6582-OIVSP,4,"New, Low-Spend, High-Risk",1,45.3,0.42253141155851104
9367-WXLCH,2,"New, High-Spend, High-Risk",8,84.5,0.7245219756102024
5524-KHNJP,1,"Established, High-Spend, Low-Risk",33,74.75,0.08638089036023222
1918-ZBFQJ,2,"New, High-Spend, High-Risk",13,79.25,0.4983319920759797
1024-GUALD,4,"New, Low-Spend, High-Risk",1,24.8,0.577385093535285
4827-USJHP,4,"New, Low-Spend, High-Risk",20,51.8,0.2224277256491285
8167-GJLRN,4,"New, Low-Spend, High-Risk",3,30.4,0.44608403460392665
0956-SYCWG,4,"New, Low-Spend, High-Risk",13,19.65,0.06931220135689833
8017-UVSZU,3,"Established, Low-Spend, Low-Risk",40,56.6,0.16179607144217886
7100-FQPRV,1,"Established, High-Spend, Low-Risk",43,71.9,0.044141540491570895
2472-OVKUP,2,"New, High-Spend, High-Risk",6,91.0,0.6223894663194374
2984-RGEYA,3,"Established, Low-Spend, Low-Risk",69,19.75,0.002268688376320997
9680-NIAUV,1,"Established, High-Spend, Low-Risk",72,109.7,0.05902267650180003
2146-EGVDT,3,"Established, Low-Spend, Low-Risk",59,19.3,0.0036735105548901937
2604-IJPDU,2,"New, High-Spend, High-Risk",20,96.55,0.32152872105602265
9178-JHUVJ,4,"New, Low-Spend, High-Risk",24,24.1,0.025253814911628394
6168-YBYNP,1,"Established, High-Spend, Low-Risk",59,111.35,0.3198785240449261
7255-SSFBC,1,"Established, High-Spend, Low-Risk",72,112.25,0.059633054768652646
3645-DEYGF,4,"New, Low-Spend, High-Risk",1,20.75,0.1761805699710015
9323-HGFWY,1,"Established, High-Spend, Low-Risk",27,101.9,0.22215661052600713
8544-GOQSH,2,"New, High-Spend, High-Risk",14,80.05,0.39548040539000806
3363-DTIVD,1,"Established, High-Spend, Low-Risk",71,105.55,0.06288430803974952
7018-WBJNK,2,"New, High-Spend, High-Risk",13,78.3,0.5668913804959803
9142-KZXOP,1,"Established, High-Spend, Low-Risk",44,68.85,0.2833655734586029
7674-YTAFD,1,"Established, High-Spend, Low-Risk",33,79.95,0.14148165150769737
6348-SNFUS,3,"Established, Low-Spend, Low-Risk",72,55.45,0.007205023614679182
1285-OKIPP,2,"New, High-Spend, High-Risk",1,79.9,0.7071157726625358
7825-ECJRF,2,"New, High-Spend, High-Risk",19,106.6,0.41739697430443606
1347-KTTTA,1,"Established, High-Spend, Low-Risk",64,102.45,0.1241639146225059
7841-TZDMQ,4,"New, Low-Spend, High-Risk",2,46.0,0.4120388721340098
4195-NZGTA,4,"New, Low-Spend, High-Risk",1,25.25,0.5691984533225514
7157-SMCFK,3,"Established, Low-Spend, Low-Risk",61,19.75,0.0031662845761888745
4709-LKHYG,3,"Established, Low-Spend, Low-Risk",29,20.0,0.027304237162468117
2504-DSHIH,2,"New, High-Spend, High-Risk",23,86.8,0.6616706351126217
0699-NDKJM,3,"Established, Low-Spend, Low-Risk",57,58.75,0.1270264609171932
9286-BHDQG,3,"Established, Low-Spend, Low-Risk",72,45.25,0.004443779098775544
0230-WEQUW,3,"Established, Low-Spend, Low-Risk",66,56.6,0.011472644706343385
2040-LDIWQ,1,"Established, High-Spend, Low-Risk",65,84.2,0.0211304855348992
6496-JDSSB,2,"New, High-Spend, High-Risk",8,80.0,0.6566932055166081
9408-SSNVZ,2,"New, High-Spend, High-Risk",4,70.15,0.6195800958065514
4443-EMBNA,3,"Established, Low-Spend, Low-Risk",71,24.75,0.003954618694218591
6469-MRVET,4,"New, Low-Spend, High-Risk",1,20.2,0.0942163637815241
0742-MOABM,4,"New, Low-Spend, High-Risk",4,50.05,0.30815042061107667
5961-VUSRV,4,"New, Low-Spend, High-Risk",12,19.35,0.07259958939523026
6778-JFCMK,4,"New, Low-Spend, High-Risk",24,50.6,0.2164436459543209
6341-JVQGF,1,"Established, High-Spend, Low-Risk",31,81.15,0.06388033764985025
2232-DMLXU,2,"New, High-Spend, High-Risk",1,55.2,0.5005492959943413
4811-JBUVU,2,"New, High-Spend, High-Risk",30,89.9,0.4686510458476586
0945-TSONX,1,"Established, High-Spend, Low-Risk",47,85.3,0.02586428179288586
2651-ZCBXV,1,"Established, High-Spend, Low-Risk",54,108.0,0.07899192708953348
3316-UWXUY,1,"Established, High-Spend, Low-Risk",50,93.5,0.16256934455184194
8937-RDTHP,2,"New, High-Spend, High-Risk",1,84.6,0.6017846236086899
7083-MIOPC,3,"Established, Low-Spend, Low-Risk",72,20.25,0.0025231209257662985
1984-GPTEH,4,"New, Low-Spend, High-Risk",29,25.15,0.09523109768235587
1251-KRREG,4,"New, Low-Spend, High-Risk",2,54.4,0.45276719412280725
0621-JFHOL,4,"New, Low-Spend, High-Risk",10,29.6,0.12425603740956578
9903-LYSAB,2,"New, High-Spend, High-Risk",18,73.15,0.593633435561893
0094-OIFMO,2,"New, High-Spend, High-Risk",11,95.0,0.7085459591797507
9227-UAQFT,4,"New, Low-Spend, High-Risk",16,19.75,0.03206065878789839
7301-ABVAD,1,"Established, High-Spend, Low-Risk",72,86.6,0.02200635070374887
6614-FHDBO,1,"Established, High-Spend, Low-Risk",72,109.2,0.07456229571917837
7576-ASEJU,1,"Established, High-Spend, Low-Risk",41,74.7,0.048794015662155674
9058-HRZSV,1,"Established, High-Spend, Low-Risk",65,94.4,0.17438926266336796
4522-AKYLR,4,"New, Low-Spend, High-Risk",13,54.8,0.30872263270288636
0221-WMXNQ,2,"New, High-Spend, High-Risk",4,75.35,0.5531936341532087
0303-UNCIP,1,"Established, High-Spend, Low-Risk",41,65.0,0.11647788414668915
9947-OTFQU,2,"New, High-Spend, High-Risk",15,74.4,0.5358994015053264
0322-YINQP,4,"New, Low-Spend, High-Risk",1,48.55,0.32131515264620447
0959-WHOKV,1,"Established, High-Spend, Low-Risk",42,99.0,0.192823032987477
4075-JFPGR,1,"Established, High-Spend, Low-Risk",51,93.5,0.11049527401706839
4629-NRXKX,2,"New, High-Spend, High-Risk",2,70.4,0.5826507852262142
9514-JDSKI,2,"New, High-Spend, High-Risk",1,40.2,0.6505073438584741
3282-ZISZV,1,"Established, High-Spend, Low-Risk",32,83.7,0.11056289475513197
3675-YDUPJ,4,"New, Low-Spend, High-Risk",10,19.85,0.15524331391946042
4111-BNXIF,3,"Established, Low-Spend, Low-Risk",67,59.55,0.019335438946081564
7017-VFHAY,1,"Established, High-Spend, Low-Risk",61,115.1,0.05351729095944421
6655-LHBYW,1,"Established, High-Spend, Low-Risk",50,114.35,0.1606884748022028
4959-JOSRX,4,"New, Low-Spend, High-Risk",2,44.6,0.42121280595432253
5046-NUHWD,4,"New, Low-Spend, High-Risk",29,45.0,0.2845169794698934
7273-TEFQD,2,"New, High-Spend, High-Risk",3,41.15,0.6449110853474646
3606-TWKGI,2,"New, High-Spend, High-Risk",13,106.9,0.7442160702758485
7529-ZDFXI,1,"Established, High-Spend, Low-Risk",57,89.85,0.36329097287376805
7605-BDWDC,3,"Established, Low-Spend, Low-Risk",31,49.85,0.041579816885262376
1950-KSVVJ,1,"Established, High-Spend, Low-Risk",45,113.3,0.17810817520323902
0123-CRBRT,1,"Established, High-Spend, Low-Risk",61,88.1,0.01699629199627606
6292-TOSSS,3,"Established, Low-Spend, Low-Risk",50,24.9,0.009719022771687316
3197-ARFOY,2,"New, High-Spend, High-Risk",19,105.0,0.44642162578125755
6323-AYBRX,3,"Established, Low-Spend, Low-Risk",59,19.35,0.0045039827009137
7014-ZZXAW,3,"Established, Low-Spend, Low-Risk",71,24.25,0.0038994708955389533
4385-GZQXV,2,"New, High-Spend, High-Risk",16,94.45,0.6197144533550727
7633-MVPUY,3,"Established, Low-Spend, Low-Risk",57,59.75,0.00766182601640578
6366-ZGQGL,4,"New, Low-Spend, High-Risk",1,24.8,0.5734446157404397
4716-HHKQH,2,"New, High-Spend, High-Risk",20,107.05,0.635519814198865
5940-AHUHD,2,"New, High-Spend, High-Risk",1,70.6,0.6456843883766362
6432-TWQLB,2,"New, High-Spend, High-Risk",5,85.4,0.5543149172536749
4484-GLZOU,1,"Established, High-Spend, Low-Risk",52,105.05,0.4649650993864465
3179-GBRWV,4,"New, Low-Spend, High-Risk",21,64.95,0.23272612729384115
8645-KWHJO,2,"New, High-Spend, High-Risk",14,55.0,0.4686602821406007
4130-MZLCC,4,"New, Low-Spend, High-Risk",5,50.55,0.34291658109382783
0314-TKOSI,4,"New, Low-Spend, High-Risk",6,55.15,0.2401092788197589
8229-MYEJZ,4,"New, Low-Spend, High-Risk",10,51.2,0.29750488328613117
2080-SRCDE,4,"New, Low-Spend, High-Risk",1,25.4,0.22486692432116304
9577-WJVCQ,3,"Established, Low-Spend, Low-Risk",68,54.45,0.044292941987257854
9512-UIBFX,2,"New, High-Spend, High-Risk",18,95.15,0.594045818001168
6202-DYYFX,2,"New, High-Spend, High-Risk",22,76.0,0.36369449639510115
3808-HFKDE,4,"New, Low-Spend, High-Risk",20,44.35,0.2556657073569202
5583-SXDAG,2,"New, High-Spend, High-Risk",1,70.0,0.6538404367608195
3488-PGMQJ,2,"New, High-Spend, High-Risk",8,74.5,0.5977425142132582
3580-REOAC,4,"New, Low-Spend, High-Risk",10,44.85,0.3393333665302145
7534-BFESC,2,"New, High-Spend, High-Risk",24,76.1,0.5698090160318695
3727-OWVYD,3,"Established, Low-Spend, Low-Risk",35,61.2,0.04408218277082155
2294-SALNE,1,"Established, High-Spend, Low-Risk",23,86.8,0.146684417524648
4847-TAJYI,2,"New, High-Spend, High-Risk",6,89.35,0.7699515035476411
1563-IWQEX,4,"New, Low-Spend, High-Risk",12,19.7,0.1422149508487472
8203-XJZRC,4,"New, Low-Spend, High-Risk",1,20.25,0.21705304962688596
6556-DBKZF,1,"Established, High-Spend, Low-Risk",71,76.05,0.028593641348846476
6851-WEFYX,2,"New, High-Spend, High-Risk",35,100.8,0.649542789952074
2985-JUUBZ,1,"Established, High-Spend, Low-Risk",40,74.55,0.2591384990594038
6390-DSAZX,2,"New, High-Spend, High-Risk",1,73.6,0.47419844278729784
0895-LMRSF,4,"New, Low-Spend, High-Risk",23,64.9,0.21452198795445743
8098-LLAZX,2,"New, High-Spend, High-Risk",4,95.45,0.8268324141938506
8266-VBFQL,2,"New, High-Spend, High-Risk",4,90.4,0.5762126144447117
8181-YHCMF,3,"Established, Low-Spend, Low-Risk",68,60.3,0.01820445883936094
2240-HSJQD,1,"Established, High-Spend, Low-Risk",38,81.85,0.3204490860853035
1248-DYXUB,3,"Established, Low-Spend, Low-Risk",52,24.8,0.007094489737431532
0265-EDXBD,2,"New, High-Spend, High-Risk",32,74.9,0.5121252530270074
4115-BNPJY,1,"Established, High-Spend, Low-Risk",29,75.55,0.05365730792918779
3167-SNQPL,2,"New, High-Spend, High-Risk",38,101.15,0.5394793884275695
4091-TVOCN,1,"Established, High-Spend, Low-Risk",48,78.75,0.07201971933381691
1098-TDVUQ,4,"New, Low-Spend, High-Risk",1,19.25,0.21800862100643167
7277-OZCGZ,2,"New, High-Spend, High-Risk",22,89.05,0.3364322935410414
1557-EMYVT,1,"Established, High-Spend, Low-Risk",43,115.05,0.10086213364375705
2799-ARNLO,2,"New, High-Spend, High-Risk",5,69.35,0.6646550525053903
7563-BIUPC,2,"New, High-Spend, High-Risk",5,80.6,0.68051469534263
5027-YOCXN,1,"Established, High-Spend, Low-Risk",51,110.05,0.1297912748420769
3973-SKMLN,3,"Established, Low-Spend, Low-Risk",71,19.9,0.0025771463067124556
2321-OMBXY,1,"Established, High-Spend, Low-Risk",38,80.3,0.046079912719420586
2840-XANRC,2,"New, High-Spend, High-Risk",24,93.15,0.6569140420703494
6745-JEFZB,2,"New, High-Spend, High-Risk",35,91.5,0.4374217789354907
5020-ZSTTY,1,"Established, High-Spend, Low-Risk",54,82.45,0.057784716031602894
9880-TDQAC,3,"Established, Low-Spend, Low-Risk",72,60.0,0.01549165210185534
8705-WZCYL,4,"New, Low-Spend, High-Risk",1,44.8,0.42696095324780586
7102-JJVTX,4,"New, Low-Spend, High-Risk",9,48.6,0.11263192086586563
8626-PTQGE,3,"Established, Low-Spend, Low-Risk",69,60.05,0.014787574798791567
4983-CLMLV,1,"Established, High-Spend, Low-Risk",52,102.7,0.3633778037678066
5701-YVSVF,2,"New, High-Spend, High-Risk",11,82.9,0.5961756426121149
5804-LEPIM,2,"New, High-Spend, High-Risk",2,70.35,0.6791923248781212
5697-GOMBF,4,"New, Low-Spend, High-Risk",28,35.9,0.3448712386256526
2739-CACDQ,2,"New, High-Spend, High-Risk",17,82.65,0.6196731114645242
9385-EHGDO,3,"Established, Low-Spend, Low-Risk",35,19.85,0.010912035203147485
9498-FIMXL,4,"New, Low-Spend, High-Risk",8,19.2,0.08664425392350886
2379-GYFLQ,1,"Established, High-Spend, Low-Risk",46,94.9,0.24400156245622323
0122-OAHPZ,2,"New, High-Spend, High-Risk",7,73.85,0.6720328640979311
2868-SNELZ,2,"New, High-Spend, High-Risk",2,80.6,0.6913689257849338
4322-RCYMT,1,"Established, High-Spend, Low-Risk",68,75.8,0.0258816769716374
6680-NENYN,1,"Established, High-Spend, Low-Risk",43,104.6,0.21067255496105275
2088-IEBAU,1,"Established, High-Spend, Low-Risk",68,88.15,0.01705303900016455
7982-VCELR,2,"New, High-Spend, High-Risk",36,94.8,0.48945914271897933
1343-EHPYB,1,"Established, High-Spend, Low-Risk",63,103.4,0.3891646036050948
6035-BXTTY,4,"New, Low-Spend, High-Risk",32,54.65,0.13198945076300891
6885-PKOAM,1,"Established, High-Spend, Low-Risk",71,85.75,0.015909687410495206
7520-HQWJU,1,"Established, High-Spend, Low-Risk",66,67.45,0.03545556882244783
9639-BUJXT,3,"Established, Low-Spend, Low-Risk",63,20.5,0.007434294864131786
5924-SNGKP,3,"Established, Low-Spend, Low-Risk",41,20.25,0.0156733587617732
0021-IKXGC,2,"New, High-Spend, High-Risk",1,72.1,0.7589547555197821
2034-GDRCN,2,"New, High-Spend, High-Risk",2,90.4,0.7532505048457981
8966-SNIZF,3,"Established, Low-Spend, Low-Risk",70,19.45,0.00274385275551208
6243-OZGFH,4,"New, Low-Spend, High-Risk",23,44.95,0.48305729233851125
4654-DLAMQ,1,"Established, High-Spend, Low-Risk",64,97.0,0.0964742912140182
0513-RBGPE,3,"Established, Low-Spend, Low-Risk",37,62.8,0.019832759153604065
5160-UXJED,4,"New, Low-Spend, High-Risk",17,44.6,0.12231510728351516
4115-NZRKS,2,"New, High-Spend, High-Risk",7,89.15,0.7617249099362334
0219-YTZUE,2,"New, High-Spend, High-Risk",4,84.8,0.5926408364349406
0623-IIHUG,4,"New, Low-Spend, High-Risk",21,41.9,0.3585131308955711
4572-DVCGN,2,"New, High-Spend, High-Risk",10,80.25,0.6397518079844997
3351-NGXYI,4,"New, Low-Spend, High-Risk",16,54.1,0.30057829333726943
8984-EYLLL,1,"Established, High-Spend, Low-Risk",64,105.25,0.09362067102298648
9057-MSWCO,4,"New, Low-Spend, High-Risk",27,30.75,0.2457003132841241
9833-TGFHX,1,"Established, High-Spend, Low-Risk",42,97.1,0.23722401466463466
9294-TDIPC,4,"New, Low-Spend, High-Risk",5,20.2,0.1515966632782436
5229-DTFYB,1,"Established, High-Spend, Low-Risk",41,98.8,0.11501825096052581
0104-PPXDV,3,"Established, Low-Spend, Low-Risk",58,50.3,0.03338579203728832
5176-LMJXE,3,"Established, Low-Spend, Low-Risk",47,20.55,0.007731169877132614
3583-KRKMD,2,"New, High-Spend, High-Risk",18,75.9,0.40137399448019406
1010-DIAUQ,2,"New, High-Spend, High-Risk",5,96.5,0.7244441352895107
9069-LGEUL,4,"New, Low-Spend, High-Risk",23,59.95,0.2145914037238629
7302-ZHMHP,4,"New, Low-Spend, High-Risk",1,19.15,0.21827858998535504
9571-EDEBV,1,"Established, High-Spend, Low-Risk",71,98.65,0.2036767062026119
3520-FJGCV,1,"Established, High-Spend, Low-Risk",72,112.6,0.041498921987143625
6563-VRERX,3,"Established, Low-Spend, Low-Risk",33,20.6,0.02314864892137042
0259-GBZSH,2,"New, High-Spend, High-Risk",2,85.65,0.7623304594441006
6122-EFVKN,4,"New, Low-Spend, High-Risk",24,35.75,0.03624775241171729
2805-EDJPQ,1,"Established, High-Spend, Low-Risk",56,99.75,0.11435869103493376
6862-CQUMB,2,"New, High-Spend, High-Risk",37,96.1,0.47850801523475983
7156-MXBJE,1,"Established, High-Spend, Low-Risk",43,85.1,0.09953505610923656
6158-HDPXZ,4,"New, Low-Spend, High-Risk",1,25.35,0.5713137845046635
9601-BRXPO,2,"New, High-Spend, High-Risk",25,104.95,0.5826855274937565
2863-IMQDR,1,"Established, High-Spend, Low-Risk",61,89.65,0.019770037289711422
5686-CMAWK,2,"New, High-Spend, High-Risk",17,86.75,0.29695756329070677
5651-CRHKQ,1,"Established, High-Spend, Low-Risk",41,86.2,0.10707855177691984
6905-NIQIN,4,"New, Low-Spend, High-Risk",1,50.65,0.3819932731728588
8204-YJCLA,1,"Established, High-Spend, Low-Risk",72,64.8,0.01311207457700632
5167-ZFFMM,2,"New, High-Spend, High-Risk",1,90.85,0.7315674333430153
6583-SZVGP,1,"Established, High-Spend, Low-Risk",48,108.1,0.17454503946172856
4895-TMWIR,4,"New, Low-Spend, High-Risk",11,19.95,0.179002630362718
0533-BNWKF,1,"Established, High-Spend, Low-Risk",55,85.45,0.3061012345928924
1708-PBBOA,3,"Established, Low-Spend, Low-Risk",42,54.75,0.05221214697116901
8782-LKFPK,2,"New, High-Spend, High-Risk",44,90.4,0.4499909240874709
5522-JBWMO,4,"New, Low-Spend, High-Risk",1,44.0,0.36977019473763273
3597-MVHJT,2,"New, High-Spend, High-Risk",27,95.6,0.6627998584705
9774-NRNAU,2,"New, High-Spend, High-Risk",27,84.8,0.3332947678397064
0224-RLWWD,4,"New, Low-Spend, High-Risk",2,44.3,0.46371205570102425
9967-ATRFS,4,"New, Low-Spend, High-Risk",19,19.9,0.10695217450316956
3951-NJCVI,2,"New, High-Spend, High-Risk",42,95.05,0.6065729690138056
2977-CEBSX,1,"Established, High-Spend, Low-Risk",66,90.05,0.01759169931182459
0177-PXBAT,2,"New, High-Spend, High-Risk",33,109.9,0.4747189988919455
6599-CEBNN,2,"New, High-Spend, High-Risk",34,73.95,0.3314243414105997
2519-ERQOJ,4,"New, Low-Spend, High-Risk",33,54.6,0.339254105028946
5876-QMYLD,4,"New, Low-Spend, High-Risk",23,20.05,0.03565565735376064
2277-AXSDC,3,"Established, Low-Spend, Low-Risk",32,19.75,0.029965000478966275
9442-JTWDL,4,"New, Low-Spend, High-Risk",11,20.05,0.07555933136747552
0979-PHULV,1,"Established, High-Spend, Low-Risk",69,99.45,0.31829617099011537
3067-SVMTC,3,"Established, Low-Spend, Low-Risk",68,55.9,0.010850252947431851
5495-GPSRW,4,"New, Low-Spend, High-Risk",20,19.7,0.027121833921513766
7606-BPHHN,3,"Established, Low-Spend, Low-Risk",72,19.8,0.002514448132315628
4742-DRORA,1,"Established, High-Spend, Low-Risk",60,95.4,0.11153392709085858
0111-KLBQG,2,"New, High-Spend, High-Risk",32,93.95,0.5001377751912904
4800-VHZKI,4,"New, Low-Spend, High-Risk",1,19.9,0.21625969513770485
7989-CHGTL,4,"New, Low-Spend, High-Risk",1,19.6,0.21880660024712612
0334-GDDSO,2,"New, High-Spend, High-Risk",3,81.35,0.7001428872499994
4163-NCJAK,3,"Established, Low-Spend, Low-Risk",46,24.45,0.022970990601281247
5233-AOZUF,2,"New, High-Spend, High-Risk",29,74.95,0.49101133771539446
5973-EJGDP,1,"Established, High-Spend, Low-Risk",51,87.35,0.21849288228372776
1996-DBMUS,1,"Established, High-Spend, Low-Risk",48,70.65,0.304551039807222
7916-VCCPB,2,"New, High-Spend, High-Risk",16,73.25,0.428033786402645
4686-GEFRM,1,"Established, High-Spend, Low-Risk",70,98.7,0.05291219056146657
5249-QYHEX,3,"Established, Low-Spend, Low-Risk",40,24.8,0.012257694171676367
0578-SKVMF,2,"New, High-Spend, High-Risk",22,83.3,0.453354094445168
5564-NEMQO,2,"New, High-Spend, High-Risk",1,75.3,0.6744148787706666
2233-FAGXV,4,"New, Low-Spend, High-Risk",5,24.3,0.20218081707904934
5605-IYGFG,2,"New, High-Spend, High-Risk",7,69.85,0.5971777604843254
7663-ZTEGJ,1,"Established, High-Spend, Low-Risk",29,100.55,0.2134764650883394
3935-TBRZZ,3,"Established, Low-Spend, Low-Risk",44,25.7,0.019814477063327677
8111-BKVDS,4,"New, Low-Spend, High-Risk",10,40.7,0.30980150998784606
2055-SIFSS,3,"Established, Low-Spend, Low-Risk",55,51.65,0.12579568651143994
2806-MLNTI,1,"Established, High-Spend, Low-Risk",52,105.1,0.32134883829366795
8734-DKSTZ,2,"New, High-Spend, High-Risk",10,85.95,0.6567861954699248
4360-PNRQB,2,"New, High-Spend, High-Risk",18,75.6,0.5823239445923646
6152-ONASV,3,"Established, Low-Spend, Low-Risk",68,58.25,0.015756537522588758
9063-ZGTUY,3,"Established, Low-Spend, Low-Risk",61,19.4,0.01357004082669776
7781-HVGMK,1,"Established, High-Spend, Low-Risk",72,65.2,0.010786377284604586
2181-UAESM,4,"New, Low-Spend, High-Risk",2,53.45,0.30130940385058985
2957-LOLHO,4,"New, Low-Spend, High-Risk",12,45.4,0.3190196108672858
6048-NJXHX,3,"Established, Low-Spend, Low-Risk",41,19.75,0.010854033865130938
2320-SLKMB,4,"New, Low-Spend, High-Risk",26,44.45,0.28636135673365465
4980-URKXC,3,"Established, Low-Spend, Low-Risk",36,20.85,0.025583222986054813
4376-KFVRS,1,"Established, High-Spend, Low-Risk",72,114.05,0.04350975975987016
5886-VLQVU,2,"New, High-Spend, High-Risk",35,89.85,0.43595333134470865
3577-AMVUX,4,"New, Low-Spend, High-Risk",1,55.05,0.316545761040387
0771-WLCLA,2,"New, High-Spend, High-Risk",16,112.95,0.4671815488066301
5628-RKIFK,1,"Established, High-Spend, Low-Risk",49,101.55,0.44878550105073617
0206-TBWLC,1,"Established, High-Spend, Low-Risk",54,114.65,0.14322819112475554
2937-FTHUR,4,"New, Low-Spend, High-Risk",18,64.8,0.2547913265671158
1910-FMXJM,2,"New, High-Spend, High-Risk",36,80.4,0.4331106450042489
7752-XUSCI,1,"Established, High-Spend, Low-Risk",60,105.9,0.3965169766576689
4110-PFEUZ,2,"New, High-Spend, High-Risk",1,69.55,0.6471484365220141
0732-OCQOC,3,"Established, Low-Spend, Low-Risk",52,25.05,0.0070560707905072614
5168-MSWXT,2,"New, High-Spend, High-Risk",8,94.75,0.6625773741433406
1090-ESELR,1,"Established, High-Spend, Low-Risk",72,105.5,0.0280640623259678
8592-PLTMQ,3,"Established, Low-Spend, Low-Risk",64,24.7,0.010286524602739142
5760-WRAHC,4,"New, Low-Spend, High-Risk",22,69.75,0.17766932884161854
8847-GEOOQ,3,"Established, Low-Spend, Low-Risk",60,60.2,0.1191114203703804
0256-LTHVJ,2,"New, High-Spend, High-Risk",28,81.05,0.43080661892054734
4785-FCIFB,3,"Established, Low-Spend, Low-Risk",61,24.4,0.006013871641840222
8313-NDOIA,2,"New, High-Spend, High-Risk",24,104.15,0.6445315332367648
5149-CUZUJ,1,"Established, High-Spend, Low-Risk",28,92.9,0.18391320109080275
0942-KOWSM,1,"Established, High-Spend, Low-Risk",30,80.8,0.04555849310899395
4237-CLSMM,4,"New, Low-Spend, High-Risk",2,20.0,0.2142875568528886
1452-VOQCH,2,"New, High-Spend, High-Risk",1,75.1,0.7145584793228255
4719-UMSIY,4,"New, Low-Spend, High-Risk",6,19.65,0.1467727595174016
6614-VBEGU,4,"New, Low-Spend, High-Risk",24,69.45,0.3270715933617133
0880-TKATG,2,"New, High-Spend, High-Risk",4,101.15,0.74711426757553
3811-VBYBZ,2,"New, High-Spend, High-Risk",7,99.8,0.7549178878316465
1480-BKXGA,1,"Established, High-Spend, Low-Risk",72,116.05,0.06343668241316644
2996-XAUVF,3,"Established, Low-Spend, Low-Risk",70,40.05,0.015093016950352157
9076-AXYIK,1,"Established, High-Spend, Low-Risk",64,102.1,0.1220279326695299
5968-XQIVE,1,"Established, High-Spend, Low-Risk",72,89.7,0.10480555577827776
8896-RAZCR,3,"Established, Low-Spend, Low-Risk",44,19.9,0.006957285152455004
4640-UHDOS,4,"New, Low-Spend, High-Risk",13,55.95,0.32319498529153645
4933-IKULF,4,"New, Low-Spend, High-Risk",17,20.65,0.06882066045030895
3583-EKAPL,2,"New, High-Spend, High-Risk",1,55.0,0.49319720917935567
1304-BCCFO,2,"New, High-Spend, High-Risk",9,70.05,0.4819728932442454
4104-PVRPS,4,"New, Low-Spend, High-Risk",24,53.6,0.11632395826037138
9399-APLBT,2,"New, High-Spend, High-Risk",1,74.7,0.5511980177238434
2359-KMGLI,2,"New, High-Spend, High-Risk",24,80.25,0.48996812666327544
3780-DDGSE,1,"Established, High-Spend, Low-Risk",35,76.05,0.1787767010451887
4431-EDMIQ,4,"New, Low-Spend, High-Risk",7,75.7,0.17128804366099615
0306-JAELE,2,"New, High-Spend, High-Risk",5,96.1,0.6479896283191561
6227-HWPWX,2,"New, High-Spend, High-Risk",15,69.0,0.46354283309576166
0486-LGCCH,4,"New, Low-Spend, High-Risk",11,19.65,0.03256951572716852
0447-BEMNG,3,"Established, Low-Spend, Low-Risk",48,45.3,0.1320259593109627
4612-SSVHJ,2,"New, High-Spend, High-Risk",20,81.45,0.6029988581047419
5168-MQQCA,1,"Established, High-Spend, Low-Risk",72,108.5,0.14322662630805064
5949-XIKAE,2,"New, High-Spend, High-Risk",8,83.55,0.5705134206923022
7971-HLVXI,1,"Established, High-Spend, Low-Risk",72,84.5,0.05969083062255759
9094-AZPHK,2,"New, High-Spend, High-Risk",15,100.15,0.7033254888122333
3649-JPUGY,1,"Established, High-Spend, Low-Risk",72,88.6,0.02088434013362145
4472-LVYGI,4,"New, Low-Spend, High-Risk",0,52.55,0.14980524828434347
8372-JUXUI,2,"New, High-Spend, High-Risk",1,74.35,0.6632686585397228
3552-CTCYF,1,"Established, High-Spend, Low-Risk",63,104.8,0.10360934709776931
6778-YSNIH,2,"New, High-Spend, High-Risk",2,59.0,0.4458934049938312
0388-EOPEX,2,"New, High-Spend, High-Risk",2,74.4,0.5312936794334336
5756-OZRIO,1,"Established, High-Spend, Low-Risk",61,64.05,0.06752365327371236
6579-JPICP,4,"New, Low-Spend, High-Risk",1,20.4,0.21664982963972595
8205-OTCHB,4,"New, Low-Spend, High-Risk",22,43.75,0.21720240763423967
4134-BSXLX,4,"New, Low-Spend, High-Risk",28,60.9,0.08779212318758663
0505-SPOOW,3,"Established, Low-Spend, Low-Risk",70,19.8,0.002783593612593237
6235-VDHOM,4,"New, Low-Spend, High-Risk",5,28.45,0.5363517180318836
7783-YKGDV,2,"New, High-Spend, High-Risk",12,99.7,0.5413703841709283
4374-YMUSQ,1,"Established, High-Spend, Low-Risk",34,116.25,0.21780169251627926
4513-CXYIX,1,"Established, High-Spend, Low-Risk",71,80.7,0.04182451794998793
3957-HHLMR,1,"Established, High-Spend, Low-Risk",70,65.2,0.023762764448378937
7803-XOCCZ,1,"Established, High-Spend, Low-Risk",52,84.05,0.0973333782467321
5736-YEJAX,1,"Established, High-Spend, Low-Risk",69,79.45,0.008388439918515999
5609-CEBID,2,"New, High-Spend, High-Risk",20,94.1,0.6350109747204125
8981-FJGLA,2,"New, High-Spend, High-Risk",11,78.0,0.5745959437098253
7218-HKQFK,2,"New, High-Spend, High-Risk",2,94.2,0.6808410213294228
4636-QRJKY,2,"New, High-Spend, High-Risk",6,80.5,0.5250572946184381
1135-LMECX,4,"New, Low-Spend, High-Risk",1,19.85,0.21639386646475212
4332-MUOEZ,1,"Established, High-Spend, Low-Risk",20,94.3,0.19230480979163697
8535-SFUTN,1,"Established, High-Spend, Low-Risk",61,106.45,0.3122852893839938
5956-VKDTT,2,"New, High-Spend, High-Risk",5,74.35,0.7293225431840404
8677-HDZEE,1,"Established, High-Spend, Low-Risk",56,105.45,0.3390838585030381
2475-MROZF,1,"Established, High-Spend, Low-Risk",30,95.0,0.25424985373692327
9412-GHEEC,2,"New, High-Spend, High-Risk",40,104.8,0.47402290544235726
3482-ABPKK,4,"New, Low-Spend, High-Risk",28,54.3,0.048149907419413045
6705-LXORM,2,"New, High-Spend, High-Risk",5,70.05,0.6602886282119451
0257-ZESQC,2,"New, High-Spend, High-Risk",27,75.2,0.3597268050654917
7531-GQHME,4,"New, Low-Spend, High-Risk",12,20.05,0.14395564071109107
5174-ITUMV,1,"Established, High-Spend, Low-Risk",67,105.4,0.16658674387707792
4109-CYRBD,4,"New, Low-Spend, High-Risk",29,51.6,0.28652257484185395
0913-XWSCN,1,"Established, High-Spend, Low-Risk",55,85.5,0.31326588633046315
6825-UYPFK,2,"New, High-Spend, High-Risk",23,75.6,0.5367004870026381
8397-MVTAZ,2,"New, High-Spend, High-Risk",34,100.05,0.6216425978923562
0750-EBAIU,1,"Established, High-Spend, Low-Risk",52,91.25,0.11954967620805053
8606-CIQUL,1,"Established, High-Spend, Low-Risk",72,115.75,0.05020219398867319
3571-DPYUH,1,"Established, High-Spend, Low-Risk",58,94.7,0.10921373699612921
7601-GNDYK,3,"Established, Low-Spend, Low-Risk",35,19.6,0.010945271965837439
0356-OBMAC,1,"Established, High-Spend, Low-Risk",56,99.9,0.09358698538247624
8067-NIOYM,4,"New, Low-Spend, High-Risk",24,21.1,0.017556624054474508
1403-GYAFU,3,"Established, Low-Spend, Low-Risk",70,20.05,0.002161943233940787
4234-XTNEA,2,"New, High-Spend, High-Risk",2,79.95,0.7040588093991273
1297-VQDRP,1,"Established, High-Spend, Low-Risk",68,107.15,0.16069792537100028
9282-IZGQK,2,"New, High-Spend, High-Risk",1,85.0,0.7648057457383591
5348-CAGXB,2,"New, High-Spend, High-Risk",12,89.55,0.6894575708441493
0621-HJWXJ,1,"Established, High-Spend, Low-Risk",63,81.55,0.20758386793783462
5844-QVTAT,3,"Established, Low-Spend, Low-Risk",33,58.45,0.03988626793391788
8905-IAZPF,1,"Established, High-Spend, Low-Risk",69,95.65,0.14495271894649875
5394-MEITZ,1,"Established, High-Spend, Low-Risk",60,80.6,0.01790033426867714
6859-QNXIQ,1,"Established, High-Spend, Low-Risk",72,113.1,0.04180600494292984
2782-LFZVW,2,"New, High-Spend, High-Risk",11,58.95,0.4748848907479556
2866-IKBTM,4,"New, Low-Spend, High-Risk",1,19.55,0.21720015950777147
1342-JPNKI,2,"New, High-Spend, High-Risk",10,86.05,0.7097375680331413
2817-NTQDO,4,"New, Low-Spend, High-Risk",13,45.55,0.3091821788709189
7129-AZJDE,1,"Established, High-Spend, Low-Risk",34,78.95,0.23077159262954403
6986-IJDHX,1,"Established, High-Spend, Low-Risk",39,86.3,0.3176557474069018
2560-PPCHE,1,"Established, High-Spend, Low-Risk",65,105.05,0.15511221293022737
4676-MQUEA,1,"Established, High-Spend, Low-Risk",50,101.9,0.19131278491826004
8138-EALND,4,"New, Low-Spend, High-Risk",15,19.75,0.12790352373660988
3580-HYCSP,1,"Established, High-Spend, Low-Risk",72,110.3,0.05716419080858449
1352-HNSAW,1,"Established, High-Spend, Low-Risk",72,115.6,0.03999848498823649
2075-PUEPR,3,"Established, Low-Spend, Low-Risk",55,19.35,0.004450827081440005
1982-FEBTD,4,"New, Low-Spend, High-Risk",23,25.6,0.025272132929799167
5301-GAUUY,2,"New, High-Spend, High-Risk",32,80.35,0.42818744094218697
5791-KAJFD,1,"Established, High-Spend, Low-Risk",56,68.75,0.03910564645104302
2654-VBVPB,4,"New, Low-Spend, High-Risk",1,19.9,0.21625969513770485
1154-HYWWO,1,"Established, High-Spend, Low-Risk",38,70.6,0.041399807406796774
2501-XWWTZ,2,"New, High-Spend, High-Risk",11,70.2,0.5617945796444145
3716-UVSPD,4,"New, Low-Spend, High-Risk",1,49.3,0.33196151744445135
6815-ABQFQ,1,"Established, High-Spend, Low-Risk",56,107.25,0.19928773916192383
7343-EOBEU,4,"New, Low-Spend, High-Risk",3,23.6,0.2673901820596725
3701-SFMUH,2,"New, High-Spend, High-Risk",7,69.7,0.34474885224001406
6103-LIANB,1,"Established, High-Spend, Low-Risk",59,99.5,0.12641021001095584
7319-VENRZ,4,"New, Low-Spend, High-Risk",7,64.3,0.3334044031968888
5846-NEQVZ,1,"Established, High-Spend, Low-Risk",71,70.85,0.0058661279370062925
6967-QIQRV,2,"New, High-Spend, High-Risk",15,101.9,0.24889369817807375
5781-RFZRP,1,"Established, High-Spend, Low-Risk",71,73.5,0.010441161754983455
0939-YAPAF,2,"New, High-Spend, High-Risk",35,100.25,0.6026235231655205
0308-IVGOK,4,"New, Low-Spend, High-Risk",11,40.4,0.17538529466043293
7293-LSCDV,3,"Established, Low-Spend, Low-Risk",60,19.25,0.0033956671522355863
7025-WCBNE,3,"Established, Low-Spend, Low-Risk",47,59.6,0.027755380358827877
5756-JYOJT,4,"New, Low-Spend, High-Risk",11,64.9,0.1633688021332327
4710-FDUIZ,1,"Established, High-Spend, Low-Risk",56,100.3,0.2622021665682148
6030-REHUX,2,"New, High-Spend, High-Risk",28,110.85,0.5796368189915807
9548-LIGTA,1,"Established, High-Spend, Low-Risk",61,81.05,0.013954867261617534
5150-LJNSR,1,"Established, High-Spend, Low-Risk",31,98.05,0.22536769192436393
8270-RKSAP,2,"New, High-Spend, High-Risk",9,70.5,0.5769077039594475
6522-YRBXD,2,"New, High-Spend, High-Risk",35,94.55,0.4373304927530511
2640-LYMOV,4,"New, Low-Spend, High-Risk",2,19.65,0.2108464359620465
1218-VKFPE,4,"New, Low-Spend, High-Risk",12,19.0,0.11834080444301474
3627-FHKBK,2,"New, High-Spend, High-Risk",1,75.3,0.5303122132702267
2865-TCHJW,2,"New, High-Spend, High-Risk",4,89.2,0.7764560434740932
1423-BMPBQ,4,"New, Low-Spend, High-Risk",1,19.0,0.18263250631220432
2393-DIVAI,4,"New, Low-Spend, High-Risk",3,20.0,0.20080559982513335
5192-EBGOV,2,"New, High-Spend, High-Risk",1,85.7,0.7984500739231146
4568-KNYWR,3,"Established, Low-Spend, Low-Risk",52,63.25,0.019113976981625598
8752-IMQOS,4,"New, Low-Spend, High-Risk",5,20.1,0.07945963431415622
0742-LAFQK,1,"Established, High-Spend, Low-Risk",72,99.15,0.05052826541882416
0795-LAFGP,1,"Established, High-Spend, Low-Risk",71,90.4,0.012789729095732985
0619-OLYUR,1,"Established, High-Spend, Low-Risk",72,111.9,0.05762409218996411
5512-IDZEI,3,"Established, Low-Spend, Low-Risk",46,24.9,0.018419156033770895
0459-SPZHJ,1,"Established, High-Spend, Low-Risk",63,83.5,0.022748186314425396
0215-BQKGS,1,"Established, High-Spend, Low-Risk",30,84.3,0.25972870322378755
9244-ZVAPM,4,"New, Low-Spend, High-Risk",1,45.6,0.4238656763613859
0719-SYFRB,4,"New, Low-Spend, High-Risk",12,61.65,0.21311070604680288
8208-EUMTE,4,"New, Low-Spend, High-Risk",16,54.85,0.07297361039593209
5172-MIGPM,2,"New, High-Spend, High-Risk",4,65.55,0.43678458655807473
1710-RCXUS,1,"Established, High-Spend, Low-Risk",51,90.35,0.21750635363949078
0374-FIUCA,3,"Established, Low-Spend, Low-Risk",65,20.4,0.0035948153459996034
5839-SUYVZ,2,"New, High-Spend, High-Risk",16,74.55,0.42062014007166293
5173-ZXXXL,4,"New, Low-Spend, High-Risk",2,19.95,0.11119786562520574
1096-ADRUX,1,"Established, High-Spend, Low-Risk",66,74.25,0.08921963170977078
2001-MCUUW,1,"Established, High-Spend, Low-Risk",46,108.65,0.13819038425364558
2731-GJRDG,1,"Established, High-Spend, Low-Risk",32,109.55,0.2596102221037484
4723-BEGSG,1,"Established, High-Spend, Low-Risk",72,86.65,0.016098155348171442
6516-NKQBO,1,"Established, High-Spend, Low-Risk",38,81.0,0.026946960678854895
8672-OAUPW,3,"Established, Low-Spend, Low-Risk",51,47.85,0.023742119402465744
8207-DMRVL,1,"Established, High-Spend, Low-Risk",72,114.55,0.041773990609586004
3419-SNJJD,1,"Established, High-Spend, Low-Risk",65,105.25,0.3406339394285795
6543-CPZMK,4,"New, Low-Spend, High-Risk",9,29.95,0.38643216528766894
4765-OXPPD,4,"New, Low-Spend, High-Risk",9,65.0,0.12701692966214456
2804-ETQDK,3,"Established, Low-Spend, Low-Risk",66,20.55,0.0025535883897815073
6689-VRRTK,1,"Established, High-Spend, Low-Risk",44,109.8,0.27695431328331455
7138-GIRSH,1,"Established, High-Spend, Low-Risk",50,69.5,0.033125548779905103
9396-ZSFLL,4,"New, Low-Spend, High-Risk",15,48.85,0.36294484446870007
6464-KEXXH,4,"New, Low-Spend, High-Risk",8,25.25,0.49242737476355264
7134-MJPDY,1,"Established, High-Spend, Low-Risk",66,102.85,0.20524578158791926
5240-CAOYT,1,"Established, High-Spend, Low-Risk",57,87.55,0.12809582922212057
4059-IIEBK,2,"New, High-Spend, High-Risk",7,78.55,0.6341938879246475
4881-JVQOD,4,"New, Low-Spend, High-Risk",10,34.55,0.538020246671941
0516-UXRMT,1,"Established, High-Spend, Low-Risk",62,92.05,0.07882020196553877
4851-BQDNX,1,"Established, High-Spend, Low-Risk",40,85.05,0.1951567459816387
5148-HKFIR,4,"New, Low-Spend, High-Risk",20,19.7,0.026784462182735364
1009-IRMNA,4,"New, Low-Spend, High-Risk",7,20.0,0.17263941091065782
3003-CMDUU,2,"New, High-Spend, High-Risk",25,95.15,0.511319540150315
5016-IBERQ,2,"New, High-Spend, High-Risk",23,84.25,0.5039643290080252
6797-UCJHZ,1,"Established, High-Spend, Low-Risk",66,104.6,0.2405938859109453
2469-DTSGX,1,"Established, High-Spend, Low-Risk",72,111.65,0.08609884685912862
4554-YGZIH,1,"Established, High-Spend, Low-Risk",49,90.05,0.440056214358903
5099-BAILX,1,"Established, High-Spend, Low-Risk",43,110.75,0.41095280670625134
9931-KGHOA,3,"Established, Low-Spend, Low-Risk",46,55.0,0.09958604640769013
1775-KWJKQ,1,"Established, High-Spend, Low-Risk",72,89.85,0.012005972877828917
7665-VIGUD,4,"New, Low-Spend, High-Risk",10,20.35,0.07860497145014249
9411-TPQQV,3,"Established, Low-Spend, Low-Risk",40,54.55,0.09112314306708123
7207-RMRDB,1,"Established, High-Spend, Low-Risk",65,105.5,0.31737378493393925
7954-MLBUN,1,"Established, High-Spend, Low-Risk",31,99.45,0.16774215420222027
2077-DDHJK,1,"Established, High-Spend, Low-Risk",68,70.9,0.0074811629393777765
4913-EHYUI,1,"Established, High-Spend, Low-Risk",56,104.55,0.19731510480522405
0195-IESCP,2,"New, High-Spend, High-Risk",10,85.25,0.7153172695981405
9574-BOSMD,3,"Established, Low-Spend, Low-Risk",68,25.4,0.0034175862712020827
4580-TMHJU,3,"Established, Low-Spend, Low-Risk",43,56.15,0.13415366006535218
0970-ETWGE,2,"New, High-Spend, High-Risk",1,89.55,0.7637983733420607
4908-XAXAY,1,"Established, High-Spend, Low-Risk",49,89.85,0.189460767302176
8404-VLQFB,4,"New, Low-Spend, High-Risk",15,25.25,0.13742085759589734
1626-ERCMM,2,"New, High-Spend, High-Risk",20,94.55,0.755210779823054
0887-HJGAR,4,"New, Low-Spend, High-Risk",1,45.7,0.4234791812513323
2391-IPLOP,1,"Established, High-Spend, Low-Risk",50,69.65,0.05195302300166193
5644-PDMZC,2,"New, High-Spend, High-Risk",2,89.5,0.7632612564607907
3509-GWQGF,2,"New, High-Spend, High-Risk",24,70.0,0.49860636686663984
9576-ANLXO,2,"New, High-Spend, High-Risk",3,69.55,0.6313638235808949
2024-BASKD,2,"New, High-Spend, High-Risk",1,74.6,0.6334957408470988
5845-BZZIB,3,"Established, Low-Spend, Low-Risk",35,20.1,0.010786684012442786
1140-UKVZG,4,"New, Low-Spend, High-Risk",17,24.8,0.15600604285744388
4160-AMJTL,4,"New, Low-Spend, High-Risk",8,19.65,0.19557860165267152
5183-SNMJQ,2,"New, High-Spend, High-Risk",10,95.1,0.6133608542975378
8100-PNJMH,1,"Established, High-Spend, Low-Risk",68,88.85,0.01360186102193791
7838-LAZFO,1,"Established, High-Spend, Low-Risk",45,78.8,0.06732451921933437
4464-JCOLN,4,"New, Low-Spend, High-Risk",2,19.85,0.09073189017003097
2085-JVGAD,3,"Established, Low-Spend, Low-Risk",37,20.35,0.050627135930345186
5650-VDUDS,4,"New, Low-Spend, High-Risk",4,24.25,0.539479913516624
8095-WANWK,4,"New, Low-Spend, High-Risk",10,45.25,0.3352970781954513
3030-ZKIWL,4,"New, Low-Spend, High-Risk",1,20.05,0.21759151958373338
9565-FLVCG,1,"Established, High-Spend, Low-Risk",65,69.55,0.013246489967626278
8755-OGKNA,3,"Established, Low-Spend, Low-Risk",57,19.5,0.003986959121252908
2800-VEQXM,2,"New, High-Spend, High-Risk",3,74.75,0.6174333559646907
7538-GWHML,2,"New, High-Spend, High-Risk",2,69.65,0.6388857147801311
5533-RJFTJ,3,"Established, Low-Spend, Low-Risk",49,30.2,0.13134029540390785
3859-CVCET,4,"New, Low-Spend, High-Risk",4,45.65,0.39211507621972813
0214-JHPFW,3,"Established, Low-Spend, Low-Risk",70,57.8,0.021630153132714512
5642-MHDQT,3,"Established, Low-Spend, Low-Risk",53,19.85,0.009231383969795916
3088-FVYWK,3,"Established, Low-Spend, Low-Risk",53,25.55,0.006819951439835378
3276-HDUEG,2,"New, High-Spend, High-Risk",1,75.05,0.7126326010357728
9092-GDZKO,4,"New, Low-Spend, High-Risk",22,24.85,0.1270414131693083
0823-HSCDJ,3,"Established, Low-Spend, Low-Risk",52,49.15,0.2386009259207677
3729-OWRVL,1,"Established, High-Spend, Low-Risk",65,110.35,0.08120731585239531
2324-AALNO,3,"Established, Low-Spend, Low-Risk",48,24.55,0.020839012700291176
0822-GAVAP,2,"New, High-Spend, High-Risk",2,34.7,0.6254823277716671
5760-IFJOZ,2,"New, High-Spend, High-Risk",3,107.95,0.7577378771820878
2826-UWHIS,1,"Established, High-Spend, Low-Risk",45,81.4,0.3351550196386945
1448-PWKYE,2,"New, High-Spend, High-Risk",1,80.0,0.6580402917143977
7501-IWUNG,1,"Established, High-Spend, Low-Risk",61,73.8,0.01940949403846036
4957-TREIR,4,"New, Low-Spend, High-Risk",3,64.4,0.2767703581997482
7251-LJBQN,1,"Established, High-Spend, Low-Risk",40,103.75,0.3431886151466992
8040-MNRTF,2,"New, High-Spend, High-Risk",1,71.1,0.6415260468087083
1536-HBSWP,4,"New, Low-Spend, High-Risk",1,49.9,0.3276047336633401
5313-FPXWG,3,"Established, Low-Spend, Low-Risk",51,24.6,0.018367982297755655
0067-DKWBL,4,"New, Low-Spend, High-Risk",2,49.25,0.35244009207912336
0946-FKYTX,3,"Established, Low-Spend, Low-Risk",52,30.1,0.05348132454955187
5076-YVXCM,1,"Established, High-Spend, Low-Risk",51,83.4,0.3907811309504189
8262-COGGB,4,"New, Low-Spend, High-Risk",1,20.45,0.21651554345848126
6663-JOCQO,1,"Established, High-Spend, Low-Risk",31,75.25,0.05766029397023113
9620-QJREV,3,"Established, Low-Spend, Low-Risk",47,20.55,0.012057129524048246
2276-YDAVZ,2,"New, High-Spend, High-Risk",3,75.1,0.7001631548945446
2682-KEVRP,4,"New, Low-Spend, High-Risk",22,20.05,0.055759287599428525
2480-JZOSN,4,"New, Low-Spend, High-Risk",1,20.65,0.21872265524986217
0078-XZMHT,1,"Established, High-Spend, Low-Risk",72,85.15,0.023165515508194883
5896-NPFWW,4,"New, Low-Spend, High-Risk",3,50.15,0.34087296439147075
9978-HYCIN,1,"Established, High-Spend, Low-Risk",47,84.95,0.17501749389028304
8338-QIUNR,1,"Established, High-Spend, Low-Risk",72,66.5,0.005554522774938352
1525-LNLOJ,1,"Established, High-Spend, Low-Risk",66,63.3,0.02203601204245602
9450-TRJUU,2,"New, High-Spend, High-Risk",35,83.15,0.5267908053150595
1766-GKNMI,2,"New, High-Spend, High-Risk",29,84.9,0.5732017561267622
6942-LBFDP,4,"New, Low-Spend, High-Risk",2,20.55,0.20659240279759616
1456-TWCGB,4,"New, Low-Spend, High-Risk",4,49.25,0.35973841853236305
7133-VBDCG,2,"New, High-Spend, High-Risk",25,79.85,0.30058309705675407
7596-ZYWBB,3,"Established, Low-Spend, Low-Risk",65,59.6,0.005271421764661394
8329-UTMVM,2,"New, High-Spend, High-Risk",27,104.65,0.40793042736712704
3014-WJKSM,2,"New, High-Spend, High-Risk",29,75.3,0.407306788630137
3347-YJZZE,2,"New, High-Spend, High-Risk",29,80.1,0.29953521321332577
1029-QFBEN,4,"New, Low-Spend, High-Risk",1,19.55,0.21894191029736462
7929-DMBCV,2,"New, High-Spend, High-Risk",20,81.0,0.3823387971816844
9661-JALZV,3,"Established, Low-Spend, Low-Risk",58,24.7,0.0069236937222937256
5433-KYGHE,2,"New, High-Spend, High-Risk",14,86.0,0.33815734747228404
4312-KFRXN,3,"Established, Low-Spend, Low-Risk",72,25.4,0.0036607777151557593
5575-TPIZQ,1,"Established, High-Spend, Low-Risk",46,89.15,0.34500039483148265
0114-IGABW,3,"Established, Low-Spend, Low-Risk",71,58.25,0.020901432481689252
9944-AEXBM,2,"New, High-Spend, High-Risk",32,85.65,0.540652526862556
1853-ARAAQ,4,"New, Low-Spend, High-Risk",26,50.35,0.44386484971234863
6952-OMNWB,1,"Established, High-Spend, Low-Risk",68,80.35,0.24299564805063262
4697-LUPSU,4,"New, Low-Spend, High-Risk",2,20.2,0.09024966470762227
8434-VGEQQ,3,"Established, Low-Spend, Low-Risk",61,20.55,0.003335337945367392
4952-YSOGZ,2,"New, High-Spend, High-Risk",4,85.95,0.7006342047498079
1589-AGTLK,4,"New, Low-Spend, High-Risk",3,45.35,0.4052909613950506
5244-IRFIH,2,"New, High-Spend, High-Risk",33,94.5,0.6743148359063129
6549-YMFAW,4,"New, Low-Spend, High-Risk",9,21.25,0.19074384173458925
4950-HKQTE,4,"New, Low-Spend, High-Risk",22,26.25,0.03331881369535375
6786-OBWQR,2,"New, High-Spend, High-Risk",5,80.85,0.6233993439150126
2684-EIWEO,2,"New, High-Spend, High-Risk",30,91.7,0.3710974922398832
2753-JMMCV,1,"Established, High-Spend, Low-Risk",65,74.2,0.017891794541517275
6439-GTPCA,1,"Established, High-Spend, Low-Risk",45,87.25,0.2691341816667707
6621-YOBKI,4,"New, Low-Spend, High-Risk",5,20.35,0.1867877251157782
1216-JWVUX,2,"New, High-Spend, High-Risk",25,75.5,0.34978263724075964
7564-GHCVB,1,"Established, High-Spend, Low-Risk",72,79.05,0.026920361698298173
1173-NOEYG,2,"New, High-Spend, High-Risk",27,90.15,0.58144306800035
7595-EHCDL,4,"New, Low-Spend, High-Risk",32,50.6,0.3390728240124259
6647-ZEDXT,1,"Established, High-Spend, Low-Risk",30,110.45,0.3270896506327554
2521-NPUZR,1,"Established, High-Spend, Low-Risk",70,101.0,0.025177981975166006
1307-TVUFB,1,"Established, High-Spend, Low-Risk",42,79.35,0.39489239695048195
7503-MIOGA,1,"Established, High-Spend, Low-Risk",72,89.85,0.018924080492523514
4381-MHQDC,3,"Established, Low-Spend, Low-Risk",47,65.0,0.01634242742804055
6923-JHPMP,2,"New, High-Spend, High-Risk",2,80.45,0.505525885884586
5138-WVKYJ,2,"New, High-Spend, High-Risk",10,98.55,0.6824595079937327
4018-PPNDW,3,"Established, Low-Spend, Low-Risk",61,24.1,0.0048399622417660505
1635-FJFCC,4,"New, Low-Spend, High-Risk",5,44.05,0.386776666754036
2499-AJYUA,1,"Established, High-Spend, Low-Risk",72,110.8,0.08824371229667534
6919-ELBGL,1,"Established, High-Spend, Low-Risk",72,114.95,0.04877651101795367
3966-HRMZA,2,"New, High-Spend, High-Risk",3,75.05,0.6589063016492269
6425-JWTDV,3,"Established, Low-Spend, Low-Risk",48,19.25,0.007637029038160016
8405-IGQFX,1,"Established, High-Spend, Low-Risk",63,90.05,0.09507983818046975
8224-IVVPA,4,"New, Low-Spend, High-Risk",27,56.7,0.12411774231096918
9477-LGWQI,1,"Established, High-Spend, Low-Risk",70,80.15,0.011968095247358337
1410-RSCMR,4,"New, Low-Spend, High-Risk",7,71.35,0.19358366262986354
3115-CZMZD,4,"New, Low-Spend, High-Risk",0,20.25,0.06769629126020124
0139-IVFJG,2,"New, High-Spend, High-Risk",2,90.35,0.5575096552915044
6683-VLCTZ,2,"New, High-Spend, High-Risk",20,98.55,0.7397448105753534
5730-DBDSI,3,"Established, Low-Spend, Low-Risk",66,19.7,0.003254553755669589
0030-FNXPP,4,"New, Low-Spend, High-Risk",3,19.85,0.20103818690652261
2189-WWOEW,2,"New, High-Spend, High-Risk",15,85.9,0.4938849843724025
5684-FJVYR,1,"Established, High-Spend, Low-Risk",72,90.35,0.017640916166888947
4013-GUXND,4,"New, Low-Spend, High-Risk",1,20.8,0.2155772270776021
1894-IGFSG,2,"New, High-Spend, High-Risk",22,89.25,0.6212962443166715
7379-POKDZ,2,"New, High-Spend, High-Risk",3,70.3,0.636391725327976
1266-NZYUI,1,"Established, High-Spend, Low-Risk",72,66.85,0.005407010990320325
7969-FFOWG,3,"Established, Low-Spend, Low-Risk",65,19.9,0.00274788138945679
4718-DHSMV,4,"New, Low-Spend, High-Risk",11,35.8,0.530311571554577
5175-WLYXL,2,"New, High-Spend, High-Risk",22,78.85,0.5069229824078745
7817-OMJNA,4,"New, Low-Spend, High-Risk",14,20.4,0.06642027362438621
8728-SKJLR,1,"Established, High-Spend, Low-Risk",41,74.25,0.23700786779539454
3137-NYQQI,4,"New, Low-Spend, High-Risk",17,64.8,0.12223125745652377
7706-DZNKK,4,"New, Low-Spend, High-Risk",11,20.45,0.14871138943544873
0236-HFWSV,2,"New, High-Spend, High-Risk",15,93.35,0.7470664323148025
3900-AQPHZ,4,"New, Low-Spend, High-Risk",1,19.9,0.21625969513770485
5842-POCOP,2,"New, High-Spend, High-Risk",5,88.9,0.5640029064442958
2037-XJFUP,2,"New, High-Spend, High-Risk",33,95.8,0.3489439345939606
8823-RLPWL,1,"Established, High-Spend, Low-Risk",72,110.65,0.0726837870289523
9505-SQFSW,4,"New, Low-Spend, High-Risk",3,40.3,0.5148732968821922
7314-OXENN,2,"New, High-Spend, High-Risk",2,82.0,0.6649730359211768
3758-CKOQL,1,"Established, High-Spend, Low-Risk",59,107.0,0.08774477763669593
0322-CHQRU,4,"New, Low-Spend, High-Risk",2,45.35,0.4148254743513678
5676-CFLYY,1,"Established, High-Spend, Low-Risk",71,73.35,0.01200839349320738
7521-AFHAB,4,"New, Low-Spend, High-Risk",5,44.8,0.3330817081367167
0285-INHLN,4,"New, Low-Spend, High-Risk",27,54.75,0.10265000540288237
4678-DVQEO,4,"New, Low-Spend, High-Risk",1,52.2,0.31963613031288024
5125-CNDSP,3,"Established, Low-Spend, Low-Risk",63,40.6,0.012477531761313101
0691-IFBQW,1,"Established, High-Spend, Low-Risk",46,110.0,0.25717322773318985
4992-LTJNE,3,"Established, Low-Spend, Low-Risk",72,55.3,0.007608052663777768
2202-OUTMO,3,"Established, Low-Spend, Low-Risk",34,60.85,0.10680129990004707
0810-BDHAW,1,"Established, High-Spend, Low-Risk",24,78.4,0.13807531424234123
0229-LFJAF,1,"Established, High-Spend, Low-Risk",72,69.65,0.006141573727472439
7131-ZQZNK,3,"Established, Low-Spend, Low-Risk",60,59.85,0.018218476487573434
3442-ZHHCC,1,"Established, High-Spend, Low-Risk",68,76.9,0.028241450330759487
5726-CVNYA,4,"New, Low-Spend, High-Risk",8,19.85,0.036611564329521326
9871-ELEYA,1,"Established, High-Spend, Low-Risk",34,67.65,0.02200553926670249
4257-GAESD,2,"New, High-Spend, High-Risk",6,45.0,0.6549793518109789
5173-WXOQV,4,"New, Low-Spend, High-Risk",2,64.2,0.3524834829921696
2040-OBMLJ,1,"Established, High-Spend, Low-Risk",31,81.7,0.21995186641586742
6286-ZHAOK,4,"New, Low-Spend, High-Risk",20,25.55,0.11203302477702663
3807-XHCJH,4,"New, Low-Spend, High-Risk",1,20.0,0.18028149548742073
3009-JWMPU,1,"Established, High-Spend, Low-Risk",62,96.75,0.2528975643861887
5671-RQRLP,1,"Established, High-Spend, Low-Risk",70,75.65,0.06523815279838376
1450-GALXR,2,"New, High-Spend, High-Risk",10,98.5,0.6956228617159695
8859-AXJZP,3,"Established, Low-Spend, Low-Risk",39,23.8,0.01289090836470257
3174-AKMAS,3,"Established, Low-Spend, Low-Risk",46,64.2,0.025460500040387236
3138-BKYAV,2,"New, High-Spend, High-Risk",6,85.35,0.6343557759077559
9926-PJHDQ,1,"Established, High-Spend, Low-Risk",72,76.8,0.026037287586397943
7382-DFJTU,4,"New, Low-Spend, High-Risk",18,55.2,0.19516104962071665
2798-NYLMZ,1,"Established, High-Spend, Low-Risk",71,108.55,0.05802666193311656
4289-DTDKW,2,"New, High-Spend, High-Risk",40,101.3,0.5482060403523313
1820-TQVEV,2,"New, High-Spend, High-Risk",1,69.55,0.6494773989020011
2239-JALAW,1,"Established, High-Spend, Low-Risk",58,103.25,0.24922810024258638
4853-RULSV,1,"Established, High-Spend, Low-Risk",70,104.0,0.05795162649862955
8098-TDCBU,3,"Established, Low-Spend, Low-Risk",42,25.25,0.01437091156407223
3551-GAEGL,3,"Established, Low-Spend, Low-Risk",34,30.4,0.0665781787782351
4785-NKHCX,4,"New, Low-Spend, High-Risk",5,20.05,0.21859881321124375
3196-NVXLZ,2,"New, High-Spend, High-Risk",25,84.6,0.6027136011914206
6275-YDUVO,2,"New, High-Spend, High-Risk",2,86.2,0.6816434204999388
0036-IHMOT,1,"Established, High-Spend, Low-Risk",55,103.7,0.11990248546386659
0115-TFERT,2,"New, High-Spend, High-Risk",21,111.2,0.5740453376574964
4178-EGMON,1,"Established, High-Spend, Low-Risk",70,88.0,0.023157011369319403
4220-TINQT,1,"Established, High-Spend, Low-Risk",61,106.35,0.3508205628560318
5318-YKDPV,1,"Established, High-Spend, Low-Risk",43,79.15,0.023967665797485507
7975-TZMLR,1,"Established, High-Spend, Low-Risk",47,103.1,0.31321111811670177
0295-QVKPB,4,"New, Low-Spend, High-Risk",5,63.95,0.35127071713590025
4335-BSMJS,3,"Established, Low-Spend, Low-Risk",62,25.8,0.005619606889008625
2311-QYMUQ,2,"New, High-Spend, High-Risk",16,89.45,0.491437582556573
3643-AHCFP,2,"New, High-Spend, High-Risk",7,95.6,0.8174073073901448
9146-JRIOX,4,"New, Low-Spend, High-Risk",14,25.55,0.14234138704676716
3104-OWCGK,1,"Established, High-Spend, Low-Risk",60,90.95,0.10257412168541258
5337-IIWKZ,4,"New, Low-Spend, High-Risk",34,44.85,0.18492137582046003
9101-BWFSS,1,"Established, High-Spend, Low-Risk",50,108.55,0.1675652783055044
9650-VBUOG,3,"Established, Low-Spend, Low-Risk",38,25.05,0.013452705417334353
3487-EARAT,1,"Established, High-Spend, Low-Risk",70,74.1,0.010878840238045287
2672-TGEFF,2,"New, High-Spend, High-Risk",37,88.8,0.42327893097979136
9231-ZJYAM,2,"New, High-Spend, High-Risk",4,78.85,0.7291697882805538
4250-WAROZ,1,"Established, High-Spend, Low-Risk",60,93.25,0.22581253974701634
8184-WMOFI,1,"Established, High-Spend, Low-Risk",62,71.4,0.016066932466412755
6982-SSHFK,4,"New, Low-Spend, High-Risk",1,44.4,0.42851075528466664
6092-QZVPP,1,"Established, High-Spend, Low-Risk",36,79.2,0.13601783417719288
4625-LAMOB,3,"Established, Low-Spend, Low-Risk",44,20.4,0.00902029465391982
0727-BMPLR,1,"Established, High-Spend, Low-Risk",55,100.0,0.3249206575788028
0392-BZIUW,1,"Established, High-Spend, Low-Risk",72,105.0,0.07852487779772689
1038-ZAGBI,4,"New, Low-Spend, High-Risk",12,19.8,0.058539833078128836
6549-NNDYT,4,"New, Low-Spend, High-Risk",13,30.85,0.32461636471914246
3027-ZTDHO,2,"New, High-Spend, High-Risk",1,89.9,0.7627974331257222
0422-OHQHQ,4,"New, Low-Spend, High-Risk",15,20.55,0.05083118587387722
6916-HIJSE,1,"Established, High-Spend, Low-Risk",65,84.85,0.012306447832963774
2316-ESMLS,4,"New, Low-Spend, High-Risk",12,33.15,0.11678996553740915
9778-OGKQZ,1,"Established, High-Spend, Low-Risk",72,92.0,0.015573275748845372
7408-OFWXJ,1,"Established, High-Spend, Low-Risk",72,89.8,0.01176436965481266
6007-TCTST,1,"Established, High-Spend, Low-Risk",72,115.8,0.04201496292226008
2252-NKNSI,1,"Established, High-Spend, Low-Risk",52,85.15,0.02147084633387626
8713-IGZSO,4,"New, Low-Spend, High-Risk",2,24.85,0.2670628737894675
7905-TVXTA,4,"New, Low-Spend, High-Risk",5,64.35,0.2616320796163781
7695-PKLCZ,3,"Established, Low-Spend, Low-Risk",68,20.5,0.002982401729482283
2382-BCKQJ,1,"Established, High-Spend, Low-Risk",62,100.15,0.20779940444728554
8374-UULRV,1,"Established, High-Spend, Low-Risk",72,86.05,0.014794533915483798
2207-NHRJK,4,"New, Low-Spend, High-Risk",1,50.8,0.38143291883753544
3224-DFQNQ,1,"Established, High-Spend, Low-Risk",66,89.0,0.05169892656456007
5275-PMFUT,1,"Established, High-Spend, Low-Risk",72,64.8,0.010816976665188634
4795-UXVCJ,4,"New, Low-Spend, High-Risk",26,19.8,0.03914636662181001
9777-IQHWP,1,"Established, High-Spend, Low-Risk",64,93.4,0.05044629779230102
0947-MUGVO,2,"New, High-Spend, High-Risk",20,73.65,0.5031594905988929
9944-HKVVB,2,"New, High-Spend, High-Risk",3,95.1,0.716168033315878
4124-MMETB,2,"New, High-Spend, High-Risk",22,94.65,0.7004064348513868
3671-SHRSP,2,"New, High-Spend, High-Risk",4,80.6,0.5135752180099193
0979-MOZQI,3,"Established, Low-Spend, Low-Risk",62,39.0,0.02160021970231405
2732-ISEZX,4,"New, Low-Spend, High-Risk",5,20.5,0.1852488761394952
3313-QKNKB,1,"Established, High-Spend, Low-Risk",59,85.55,0.1957884086446227
0323-XWWTN,4,"New, Low-Spend, High-Risk",3,26.4,0.05977373467033954
1937-OTUKY,1,"Established, High-Spend, Low-Risk",72,98.2,0.03776284667019959
1573-LGXBA,1,"Established, High-Spend, Low-Risk",57,97.55,0.15921119969573982
1764-VUUMT,3,"Established, Low-Spend, Low-Risk",66,19.95,0.0025305133049448062
5073-WXOYN,3,"Established, Low-Spend, Low-Risk",60,50.8,0.15557192975844042
4713-ZBURT,1,"Established, High-Spend, Low-Risk",45,99.7,0.1798904066392474
3050-GBUSH,2,"New, High-Spend, High-Risk",3,34.8,0.6196936525810214
0207-MDKNV,2,"New, High-Spend, High-Risk",15,105.1,0.4545446774624238
7876-AEHIG,3,"Established, Low-Spend, Low-Risk",51,60.15,0.047554801739800055
7945-HLKEA,1,"Established, High-Spend, Low-Risk",60,64.75,0.0213073238925372
9342-VNIMQ,4,"New, Low-Spend, High-Risk",33,54.65,0.19335995007355306
9851-KIELU,2,"New, High-Spend, High-Risk",10,110.1,0.44795307438000376
3523-BRGUW,4,"New, Low-Spend, High-Risk",26,19.3,0.04785892986435548
3908-BLSYF,2,"New, High-Spend, High-Risk",6,83.9,0.6601939029028617
3199-NPKCN,1,"Established, High-Spend, Low-Risk",67,111.25,0.12078019925706557
5170-PTRKA,3,"Established, Low-Spend, Low-Risk",49,35.8,0.02535995185244235
4661-NJEUX,4,"New, Low-Spend, High-Risk",1,20.05,0.21759151958373338
2123-AGEEN,2,"New, High-Spend, High-Risk",7,84.35,0.6982164028455028
1258-YMZNM,2,"New, High-Spend, High-Risk",27,110.5,0.368453992481417
0048-LUMLS,1,"Established, High-Spend, Low-Risk",37,91.2,0.2730483079978364
7549-MYGPK,1,"Established, High-Spend, Low-Risk",63,100.55,0.1719271657623551
5898-IGSLP,1,"Established, High-Spend, Low-Risk",31,89.3,0.23642213059593137
3804-RVTGV,1,"Established, High-Spend, Low-Risk",50,103.85,0.40354825246025994
6259-WJQLC,2,"New, High-Spend, High-Risk",32,81.1,0.5026448809938686
9227-LUNBG,4,"New, Low-Spend, High-Risk",1,24.6,0.5717195287132445
7997-EASSD,1,"Established, High-Spend, Low-Risk",63,81.2,0.08762716688170709
0730-KOAVE,2,"New, High-Spend, High-Risk",30,94.3,0.4109825225051856
8975-SKGRX,1,"Established, High-Spend, Low-Risk",71,116.1,0.0544423660020741
0678-RLHVP,1,"Established, High-Spend, Low-Risk",53,105.55,0.16183505583205168
4315-MURBD,2,"New, High-Spend, High-Risk",12,98.9,0.48741670772145357
2267-FPIMA,1,"Established, High-Spend, Low-Risk",50,94.4,0.2954340393946525
1051-GEJLJ,4,"New, Low-Spend, High-Risk",2,19.5,0.20915388338982704
9734-YWGEX,2,"New, High-Spend, High-Risk",9,98.3,0.7695977090563737
2719-BDAQO,2,"New, High-Spend, High-Risk",17,93.85,0.5571768188723261
5285-MVEHD,1,"Established, High-Spend, Low-Risk",56,105.6,0.14241932623080814
0379-DJQHR,1,"Established, High-Spend, Low-Risk",67,81.35,0.013071432843959119
0781-LKXBR,2,"New, High-Spend, High-Risk",9,100.5,0.7976999076695622
5543-QDCRY,2,"New, High-Spend, High-Risk",4,56.4,0.46346686714569313
0297-RBCSG,4,"New, Low-Spend, High-Risk",19,65.35,0.11554150661060715
4694-PHWFW,4,"New, Low-Spend, High-Risk",8,19.95,0.13455953418316716
0835-JKADZ,1,"Established, High-Spend, Low-Risk",71,111.25,0.07665217955787487
1907-UBQFC,2,"New, High-Spend, High-Risk",10,72.85,0.5839588710495743
7508-SMHXL,2,"New, High-Spend, High-Risk",15,89.0,0.6853877191838869
3865-YIOTT,1,"Established, High-Spend, Low-Risk",72,106.1,0.12018033076347183
5993-BQHEA,4,"New, Low-Spend, High-Risk",12,20.05,0.07321636649372475
6024-RUGGH,3,"Established, Low-Spend, Low-Risk",72,25.2,0.0029117561062925773
6513-EECDB,2,"New, High-Spend, High-Risk",1,73.55,0.7614352045534758
3956-CJUST,2,"New, High-Spend, High-Risk",23,75.4,0.3858008943281374
4079-WWQQQ,1,"Established, High-Spend, Low-Risk",72,65.55,0.013601623042852532
6103-BOCOU,2,"New, High-Spend, High-Risk",26,80.7,0.5067247803078502
5149-TGWDZ,2,"New, High-Spend, High-Risk",21,104.55,0.31161311160454114
7471-WNSUF,3,"Established, Low-Spend, Low-Risk",60,24.15,0.012762485038633841
8942-DBMHZ,4,"New, Low-Spend, High-Risk",12,20.45,0.14290327841441497
4301-VVZKA,2,"New, High-Spend, High-Risk",16,75.4,0.6032612143686743
9199-PWQVC,1,"Established, High-Spend, Low-Risk",63,79.7,0.050172863158157235
4824-GUCBY,2,"New, High-Spend, High-Risk",22,81.7,0.360757399355636
5393-HJZSM,1,"Established, High-Spend, Low-Risk",32,76.3,0.07792265204264959
7074-IEVOJ,2,"New, High-Spend, High-Risk",3,79.4,0.7032762461625974
9625-QSTYE,2,"New, High-Spend, High-Risk",13,81.15,0.4822427870579289
0862-PRCBS,1,"Established, High-Spend, Low-Risk",68,103.75,0.06513684398586263
8812-ZRHFP,1,"Established, High-Spend, Low-Risk",30,86.45,0.2432134083300208
5146-CBVOE,2,"New, High-Spend, High-Risk",16,75.1,0.47735178145440876
0454-OKRCT,1,"Established, High-Spend, Low-Risk",33,80.6,0.07682734830874417
5787-KXGIY,3,"Established, Low-Spend, Low-Risk",72,19.3,0.002513138103037073
4750-ZRXIU,2,"New, High-Spend, High-Risk",4,84.6,0.7832630038744559
4198-VFOEA,4,"New, Low-Spend, High-Risk",12,33.6,0.14098624711534155
6630-UJZMY,2,"New, High-Spend, High-Risk",4,83.25,0.7921863041595179
5709-LVOEQ,4,"New, Low-Spend, High-Risk",0,80.85,0.1423863359495001
6400-BWQKW,2,"New, High-Spend, High-Risk",6,79.05,0.5680773023217487
2692-AQCPF,1,"Established, High-Spend, Low-Risk",65,108.05,0.16569299712842345
0347-UBKUZ,4,"New, Low-Spend, High-Risk",15,19.9,0.12671057708792174
0835-DUUIQ,4,"New, Low-Spend, High-Risk",24,21.05,0.03338717530207165
0811-GSDTP,4,"New, Low-Spend, High-Risk",13,30.15,0.3372292679510943
7567-ECMCM,2,"New, High-Spend, High-Risk",24,79.85,0.5324473451319945
6115-ZTBFQ,1,"Established, High-Spend, Low-Risk",72,65.5,0.014160256240726716
6353-BRMMA,1,"Established, High-Spend, Low-Risk",54,104.1,0.29152237060591696
6680-WKXRZ,2,"New, High-Spend, High-Risk",3,74.4,0.700068027325366
6231-WFGFH,4,"New, Low-Spend, High-Risk",4,20.5,0.16091571942322425
9904-EHEVJ,2,"New, High-Spend, High-Risk",32,91.35,0.5286269647264745
7028-DVOIQ,2,"New, High-Spend, High-Risk",35,99.05,0.6479147506818865
6169-PPETC,3,"Established, Low-Spend, Low-Risk",35,20.5,0.010955762507171066
4208-UFFGW,4,"New, Low-Spend, High-Risk",2,44.95,0.4634396605488559
8584-KMVXD,2,"New, High-Spend, High-Risk",8,75.6,0.5401734594442386
8467-WYNSR,4,"New, Low-Spend, High-Risk",22,55.1,0.12021528397209985
0851-DFJKB,4,"New, Low-Spend, High-Risk",15,58.95,0.14782408884813508
5382-SOYZL,2,"New, High-Spend, High-Risk",22,95.1,0.7014825748264988
9448-REEVD,4,"New, Low-Spend, High-Risk",1,44.7,0.43380709952952357
3261-CQXOL,3,"Established, Low-Spend, Low-Risk",71,25.45,0.0030282024736093052
8388-FYNPZ,4,"New, Low-Spend, High-Risk",4,56.75,0.2752334666806634
4002-BQWPQ,1,"Established, High-Spend, Low-Risk",25,81.75,0.1596760339801623
5651-YLPRD,2,"New, High-Spend, High-Risk",32,86.1,0.36967799676697033
2826-DXLQO,4,"New, Low-Spend, High-Risk",7,29.8,0.44491240246942326
4378-BZYFP,4,"New, Low-Spend, High-Risk",17,20.5,0.05858555305144245
9489-UTFKA,4,"New, Low-Spend, High-Risk",8,60.9,0.370811391206324
4849-PYRLQ,1,"Established, High-Spend, Low-Risk",56,73.25,0.021589203969285653
9117-SHLZX,4,"New, Low-Spend, High-Risk",1,45.7,0.4234791812513323
9889-TMAHG,2,"New, High-Spend, High-Risk",8,100.3,0.5670879077048211
4541-RMRLG,4,"New, Low-Spend, High-Risk",7,19.25,0.17506122994574755
7764-BDPEE,4,"New, Low-Spend, High-Risk",3,20.85,0.1629397660029186
3429-IFLEM,1,"Established, High-Spend, Low-Risk",71,77.35,0.006847670944985033
3158-MOERK,2,"New, High-Spend, High-Risk",2,96.0,0.8047624917213977
7294-TMAOP,2,"New, High-Spend, High-Risk",1,90.55,0.7590676574610665
5002-GCQFH,1,"Established, High-Spend, Low-Risk",49,93.85,0.3032071502625884
0556-FJEGU,1,"Established, High-Spend, Low-Risk",58,70.1,0.015992163434949132
8919-FYFQZ,3,"Established, Low-Spend, Low-Risk",44,30.35,0.17428951018873245
0604-THJFP,1,"Established, High-Spend, Low-Risk",59,75.95,0.018226363331194494
2834-JRTUA,1,"Established, High-Spend, Low-Risk",71,108.05,0.05608119746277975
5875-YPQFJ,2,"New, High-Spend, High-Risk",1,69.9,0.6482151319189676
5879-SESNB,2,"New, High-Spend, High-Risk",11,75.25,0.639529598678694
6646-QVXLR,1,"Established, High-Spend, Low-Risk",62,103.75,0.2657186140528121
6461-PPAXN,3,"Established, Low-Spend, Low-Risk",35,54.95,0.02947007660705612
3318-ISQFQ,4,"New, Low-Spend, High-Risk",20,19.5,0.10371140671470402
1106-HRLKZ,3,"Established, Low-Spend, Low-Risk",40,19.6,0.008746810059921348
2483-XSSMZ,3,"Established, Low-Spend, Low-Risk",39,47.85,0.046102326829325906
8603-IJWDN,2,"New, High-Spend, High-Risk",1,86.6,0.7620766982137023
8165-ZJRNM,3,"Established, Low-Spend, Low-Risk",72,23.75,0.002875934300293595
9369-XFEHK,2,"New, High-Spend, High-Risk",33,80.6,0.4693606444714854
2604-XVDAM,4,"New, Low-Spend, High-Risk",12,43.8,0.3234116143191585
3717-OFRTN,4,"New, Low-Spend, High-Risk",1,19.75,0.21840103137687206
9046-JBFWA,4,"New, Low-Spend, High-Risk",27,19.15,0.061842671150161385
3280-NMUVX,3,"Established, Low-Spend, Low-Risk",34,19.6,0.022329307073339688
1206-EHBDD,1,"Established, High-Spend, Low-Risk",56,80.3,0.04010155973582791
8361-LBRDI,3,"Established, Low-Spend, Low-Risk",58,24.35,0.006823807688748552
4883-KCPZJ,4,"New, Low-Spend, High-Risk",22,25.25,0.02691698744600592
9108-EQPNQ,4,"New, Low-Spend, High-Risk",10,26.1,0.04454117318834889
7277-KAMWT,4,"New, Low-Spend, High-Risk",13,20.0,0.036845015711427946
3842-IYKUE,1,"Established, High-Spend, Low-Risk",35,85.3,0.3109318956792971
6641-XRPSU,2,"New, High-Spend, High-Risk",34,70.0,0.36188209926926085
1374-DMZUI,2,"New, High-Spend, High-Risk",4,94.3,0.8303095156481601
2545-LXYVJ,3,"Established, Low-Spend, Low-Risk",72,20.7,0.002557129713321125
3234-VKACU,2,"New, High-Spend, High-Risk",2,70.3,0.4512687284707708
8357-EQXFO,2,"New, High-Spend, High-Risk",7,95.35,0.7129409580564632
1989-PRJHP,2,"New, High-Spend, High-Risk",27,75.5,0.5508656675322522
8120-JDCAM,2,"New, High-Spend, High-Risk",4,69.55,0.5709839083461504
8917-FAEMR,3,"Established, Low-Spend, Low-Risk",37,19.85,0.012455472974513663
7047-YXDMZ,4,"New, Low-Spend, High-Risk",21,20.0,0.09939757762696524
2858-EIMXH,1,"Established, High-Spend, Low-Risk",53,95.85,0.34007966682141094
9524-EGPJC,2,"New, High-Spend, High-Risk",18,90.1,0.5573696275366083
6993-OHLXR,2,"New, High-Spend, High-Risk",2,68.95,0.6402283268019585
8818-XYFCQ,2,"New, High-Spend, High-Risk",32,99.55,0.47017176663867843
6419-ZTTLE,4,"New, Low-Spend, High-Risk",23,20.75,0.055201811149592224
0929-HYQEW,4,"New, Low-Spend, High-Risk",3,50.15,0.29933548456283815
6614-YOLAC,3,"Established, Low-Spend, Low-Risk",71,58.65,0.010774508258663724
7426-RHZGU,2,"New, High-Spend, High-Risk",9,95.9,0.6203647671469917
4065-JJAVA,4,"New, Low-Spend, High-Risk",1,49.5,0.38388088573653695
4695-VADHF,4,"New, Low-Spend, High-Risk",18,57.45,0.28289550078543724
3863-IUBJR,4,"New, Low-Spend, High-Risk",12,53.65,0.19695466976537584
7649-SIJJF,1,"Established, High-Spend, Low-Risk",71,80.1,0.009905279208073613
9361-YNQWJ,3,"Established, Low-Spend, Low-Risk",64,24.4,0.010245587946588018
3748-FVMZZ,4,"New, Low-Spend, High-Risk",4,40.05,0.505950294969871
9391-TTOYH,4,"New, Low-Spend, High-Risk",23,19.5,0.09146157295103924
1452-XRSJV,3,"Established, Low-Spend, Low-Risk",39,51.05,0.0750034649696347
3422-WJOYD,4,"New, Low-Spend, High-Risk",28,54.35,0.048622017634549555
8242-SOQUO,2,"New, High-Spend, High-Risk",5,84.7,0.6841845966200776
7460-ITWWP,1,"Established, High-Spend, Low-Risk",45,86.1,0.3999572965818457
7147-AYBAA,1,"Established, High-Spend, Low-Risk",37,70.35,0.3351608853336305
7868-TMWMZ,1,"Established, High-Spend, Low-Risk",60,110.0,0.05964577477304713
4822-RVYBB,2,"New, High-Spend, High-Risk",8,100.6,0.8021437831620392
6732-FZUGP,1,"Established, High-Spend, Low-Risk",47,94.9,0.18992183673329097
8436-BJUMM,2,"New, High-Spend, High-Risk",26,83.75,0.5402081636787542
4184-TJFAN,2,"New, High-Spend, High-Risk",3,88.3,0.4830155262281206
8329-GWVPJ,1,"Established, High-Spend, Low-Risk",50,69.75,0.20534568243441623
1352-VHKAJ,4,"New, Low-Spend, High-Risk",27,71.6,0.2836056241417648
4145-UQXUQ,2,"New, High-Spend, High-Risk",8,92.1,0.7536393018094271
2632-TACXW,3,"Established, Low-Spend, Low-Risk",62,23.65,0.005786939636393341
8146-QQKZH,1,"Established, High-Spend, Low-Risk",71,81.85,0.011886040588027209
1767-CJKBA,3,"Established, Low-Spend, Low-Risk",66,25.1,0.004830932102995504
6445-TNRXS,1,"Established, High-Spend, Low-Risk",68,114.7,0.04607251887228809
4581-LNWUM,2,"New, High-Spend, High-Risk",13,49.15,0.5784328626621948
4869-EPIUS,1,"Established, High-Spend, Low-Risk",56,80.9,0.1560783888415806
9948-YPTDG,1,"Established, High-Spend, Low-Risk",38,79.45,0.2234824922846174
1236-WFCDV,2,"New, High-Spend, High-Risk",14,90.45,0.7201807502735678
1915-OAKWD,4,"New, Low-Spend, High-Risk",16,19.3,0.04879301352387731
7296-PIXQY,2,"New, High-Spend, High-Risk",14,70.2,0.48063141657227865
4883-QICIH,2,"New, High-Spend, High-Risk",32,69.75,0.33363431576430513
3354-OADJP,4,"New, Low-Spend, High-Risk",8,54.25,0.09908354162609213
3524-WQDSG,2,"New, High-Spend, High-Risk",43,99.3,0.4869392195875914
0810-DHDBD,1,"Established, High-Spend, Low-Risk",52,74.0,0.04065207409514384
4026-SKKHW,4,"New, Low-Spend, High-Risk",3,50.25,0.3113943818646771
2829-HYVZP,3,"Established, Low-Spend, Low-Risk",29,19.8,0.03463958272866804
8329-IBCTI,4,"New, Low-Spend, High-Risk",1,19.65,0.21693115420267958
1271-SJBGZ,4,"New, Low-Spend, High-Risk",12,43.65,0.46318779063876153
3845-JHAMY,4,"New, Low-Spend, High-Risk",16,35.5,0.41883319394787266
7013-PSXHK,1,"Established, High-Spend, Low-Risk",40,80.75,0.12094992538714211
5669-SRAIP,2,"New, High-Spend, High-Risk",5,39.5,0.583387349983785
5981-ITEMU,2,"New, High-Spend, High-Risk",40,97.1,0.5667521755337309
3486-NPGST,3,"Established, Low-Spend, Low-Risk",36,19.55,0.024680863390225603
6941-PMGEP,2,"New, High-Spend, High-Risk",5,80.0,0.6766573783297556
1624-WOIWJ,2,"New, High-Spend, High-Risk",10,84.7,0.5305283229699708
2074-GKOWZ,2,"New, High-Spend, High-Risk",2,89.55,0.714696628537879
0376-YMCJC,2,"New, High-Spend, High-Risk",23,90.6,0.5167565513431327
6100-FJZDG,4,"New, Low-Spend, High-Risk",26,20.05,0.03169328095196223
4829-ZLJTK,1,"Established, High-Spend, Low-Risk",72,112.4,0.08423179710740455
1730-VFMWO,3,"Established, Low-Spend, Low-Risk",34,50.2,0.12050211428174575
7143-BQIBA,4,"New, Low-Spend, High-Risk",10,62.25,0.23314959871051935
3800-LYTRK,4,"New, Low-Spend, High-Risk",14,55.7,0.07873460886048589
0634-SZPQA,2,"New, High-Spend, High-Risk",23,90.05,0.5133963492382811
9646-NMHXE,3,"Established, Low-Spend, Low-Risk",47,19.65,0.008179525625432602
7030-NJVDP,2,"New, High-Spend, High-Risk",24,89.25,0.33672776074637445
5536-RTPWK,1,"Established, High-Spend, Low-Risk",49,99.05,0.48320681768032325
8883-GRDWQ,4,"New, Low-Spend, High-Risk",20,54.0,0.07744950392012794
6166-ILMNY,2,"New, High-Spend, High-Risk",2,69.75,0.6384860694275084
3097-NNSPB,4,"New, Low-Spend, High-Risk",2,49.05,0.3757757453904775
7771-ZONAT,4,"New, Low-Spend, High-Risk",22,56.75,0.13288622045513454
0655-RBDUG,2,"New, High-Spend, High-Risk",7,98.05,0.7818420873496827
2111-DWYHN,4,"New, Low-Spend, High-Risk",1,21.1,0.21477530572679002
4194-WHFCB,1,"Established, High-Spend, Low-Risk",59,96.65,0.1947569608389303
4121-AGSIN,3,"Established, Low-Spend, Low-Risk",58,24.5,0.010808266620732662
4361-BKAXE,1,"Established, High-Spend, Low-Risk",41,114.5,0.32640423256138823
9845-PEEKO,1,"Established, High-Spend, Low-Risk",59,79.2,0.07876780778936944
0455-XFASS,2,"New, High-Spend, High-Risk",3,69.55,0.5764235171868246
0301-KOBTQ,3,"Established, Low-Spend, Low-Risk",32,20.05,0.015523002124895102
1751-NCDLI,2,"New, High-Spend, High-Risk",46,98.85,0.5824724012250865
4367-NUYAO,4,"New, Low-Spend, High-Risk",0,25.75,0.09147324865175753
9878-TNQGW,2,"New, High-Spend, High-Risk",2,80.95,0.6970967240827975
9170-ARBTB,3,"Established, Low-Spend, Low-Risk",52,19.6,0.009687944717370615
4441-NIHPT,2,"New, High-Spend, High-Risk",13,74.3,0.5799524568414651
8999-BOHSE,2,"New, High-Spend, High-Risk",11,89.7,0.7411858535040774
7241-AJHFS,1,"Established, High-Spend, Low-Risk",32,87.65,0.2681870472419005
7029-RPUAV,2,"New, High-Spend, High-Risk",17,100.45,0.7586072352736782
4546-FOKWR,2,"New, High-Spend, High-Risk",16,74.75,0.5939124137434787
9036-CSKBW,1,"Established, High-Spend, Low-Risk",51,107.45,0.2153901280519814
5832-TRLPB,1,"Established, High-Spend, Low-Risk",29,75.35,0.12726385173454297
8590-YFFQO,1,"Established, High-Spend, Low-Risk",70,64.95,0.004704719252671588
8659-IOOPU,1,"Established, High-Spend, Low-Risk",71,100.45,0.030442476466009196
1338-CECEE,1,"Established, High-Spend, Low-Risk",41,68.5,0.08949305486657759
7439-DKZTW,2,"New, High-Spend, High-Risk",1,80.55,0.7083895253696463
4646-QZXTF,2,"New, High-Spend, High-Risk",7,81.25,0.29200413007532866
4607-CHPCA,2,"New, High-Spend, High-Risk",25,90.4,0.35707527943241174
9742-XOKTS,1,"Established, High-Spend, Low-Risk",67,89.55,0.0399196745401357
6921-OZMFH,4,"New, Low-Spend, High-Risk",5,55.7,0.31093936554428864
9578-FOMUK,4,"New, Low-Spend, High-Risk",15,24.8,0.13460596757786886
4712-UYOOI,4,"New, Low-Spend, High-Risk",20,20.0,0.08401978204002923
8824-RWFXJ,4,"New, Low-Spend, High-Risk",3,56.15,0.2994554086548771
7722-CVFXN,1,"Established, High-Spend, Low-Risk",54,105.2,0.16901010337020095
8717-VCTXJ,3,"Established, Low-Spend, Low-Risk",42,19.55,0.019400324017885853
7363-QTBIW,2,"New, High-Spend, High-Risk",9,79.75,0.6553788398319831
4159-NAAIX,1,"Established, High-Spend, Low-Risk",63,97.45,0.1280065979646926
0971-QIFJK,3,"Established, Low-Spend, Low-Risk",69,24.25,0.004229456375862073
9397-TZSHA,3,"Established, Low-Spend, Low-Risk",69,24.6,0.004128566738781939
3391-JSQEW,3,"Established, Low-Spend, Low-Risk",40,50.15,0.12044777288324732
0343-QLUZP,3,"Established, Low-Spend, Low-Risk",60,39.6,0.013274919183790519
9763-PDTKK,2,"New, High-Spend, High-Risk",4,94.4,0.46138937872469793
2176-LVPNX,1,"Established, High-Spend, Low-Risk",71,89.85,0.01781001519866284
7627-JKIAZ,2,"New, High-Spend, High-Risk",37,78.95,0.41669365826694876
3312-UUMZW,2,"New, High-Spend, High-Risk",32,98.85,0.6060540989128035
1271-UODNO,3,"Established, Low-Spend, Low-Risk",39,53.85,0.0364157678539942
8461-EFQYM,3,"Established, Low-Spend, Low-Risk",38,24.25,0.032237021979056445
6900-RBKER,1,"Established, High-Spend, Low-Risk",52,89.45,0.12882241168611883
6891-JPYFF,1,"Established, High-Spend, Low-Risk",48,105.25,0.32267151137889116
1459-QNFQT,3,"Established, Low-Spend, Low-Risk",70,59.5,0.012643488594473515
1047-NNCBF,2,"New, High-Spend, High-Risk",20,70.55,0.4861526078432752
3696-XRIEN,1,"Established, High-Spend, Low-Risk",50,82.5,0.06274064065566207
4081-DYXAV,4,"New, Low-Spend, High-Risk",19,44.85,0.34477911326119914
0074-HDKDG,4,"New, Low-Spend, High-Risk",25,61.6,0.05261114836000154
8791-GFXLZ,4,"New, Low-Spend, High-Risk",12,49.05,0.2900190989779339
8111-SLLHI,2,"New, High-Spend, High-Risk",39,105.65,0.6042890087980265
0927-LCSMG,2,"New, High-Spend, High-Risk",7,74.65,0.5875331742488877
9330-DHBFL,4,"New, Low-Spend, High-Risk",23,66.25,0.038239623690345094
0098-BOWSO,4,"New, Low-Spend, High-Risk",27,19.4,0.07774865534898479
3452-ABWRL,2,"New, High-Spend, High-Risk",47,86.05,0.46592405802142306
5859-HZYLF,3,"Established, Low-Spend, Low-Risk",26,19.15,0.016647058804178966
8257-RZAHR,4,"New, Low-Spend, High-Risk",14,64.7,0.34902501964401056
5293-WXJAK,2,"New, High-Spend, High-Risk",11,104.05,0.7195289434304796
3156-QLHBO,4,"New, Low-Spend, High-Risk",2,19.25,0.17321850890728704
2208-NQBCT,1,"Established, High-Spend, Low-Risk",26,81.95,0.241896317770881
1779-PWPMG,1,"Established, High-Spend, Low-Risk",72,114.65,0.06326733289857873
6621-NRZAK,3,"Established, Low-Spend, Low-Risk",63,20.0,0.0029506684791818756
0831-JNISG,3,"Established, Low-Spend, Low-Risk",71,19.8,0.0020798186672138386
0774-IFUVM,4,"New, Low-Spend, High-Risk",11,65.15,0.3171695430459944
3082-WQRVY,4,"New, Low-Spend, High-Risk",14,19.65,0.08146529196857863
9553-DLCLU,4,"New, Low-Spend, High-Risk",13,88.95,0.0689206406373322
1641-BYBTK,4,"New, Low-Spend, High-Risk",6,20.2,0.14560379947418178
2460-NGXBJ,2,"New, High-Spend, High-Risk",11,75.2,0.6287872729123393
2446-ZKVAF,4,"New, Low-Spend, High-Risk",18,56.8,0.30897089184202003
0841-NULXI,2,"New, High-Spend, High-Risk",1,35.55,0.6351238009159648
3522-CDKHF,1,"Established, High-Spend, Low-Risk",32,75.5,0.28055829312800984
1430-SFQSA,4,"New, Low-Spend, High-Risk",29,35.6,0.07232112895241737
0411-EZJZE,2,"New, High-Spend, High-Risk",3,60.25,0.5516038741417651
7851-WZEKY,2,"New, High-Spend, High-Risk",2,95.15,0.8076276425692659
8844-TONUD,2,"New, High-Spend, High-Risk",13,96.65,0.6172143080351309
8807-ARQET,3,"Established, Low-Spend, Low-Risk",41,40.35,0.21468407253096966
8992-CEUEN,4,"New, Low-Spend, High-Risk",1,18.85,0.21908994213918903
4320-QMLLA,4,"New, Low-Spend, High-Risk",7,54.85,0.43927004351889964
8777-PVYGU,3,"Established, Low-Spend, Low-Risk",52,64.3,0.04174481750830427
8292-ITGYJ,3,"Established, Low-Spend, Low-Risk",45,24.65,0.00980526973831812
6870-ZWMNX,1,"Established, High-Spend, Low-Risk",70,76.1,0.015552460263919439
0621-CXBKL,3,"Established, Low-Spend, Low-Risk",53,18.7,0.0059691201412585574
5268-DSMNQ,1,"Established, High-Spend, Low-Risk",62,97.95,0.1888954102494624
5334-JLAXU,1,"Established, High-Spend, Low-Risk",60,94.1,0.22098040913775807
4086-YQSNZ,2,"New, High-Spend, High-Risk",3,80.4,0.7364783646136012
6242-MBHPK,2,"New, High-Spend, High-Risk",23,95.1,0.5656208233758281
5868-CZJDR,4,"New, Low-Spend, High-Risk",1,31.35,0.4616752147690646
9359-UGBTK,1,"Established, High-Spend, Low-Risk",67,72.35,0.01695489124962517
0135-NMXAP,2,"New, High-Spend, High-Risk",12,89.75,0.6627999093050096
4782-OSFXZ,1,"Established, High-Spend, Low-Risk",71,82.7,0.011982026005331273
6479-OAUSD,4,"New, Low-Spend, High-Risk",25,19.9,0.04147699589331588
7129-ACFOG,4,"New, Low-Spend, High-Risk",5,53.8,0.3531408545750965
4189-NAKJS,4,"New, Low-Spend, High-Risk",26,51.55,0.14610249128586483
5562-BETPV,4,"New, Low-Spend, High-Risk",1,19.65,0.09496194010055148
1282-IHQAC,3,"Established, Low-Spend, Low-Risk",70,44.05,0.045096176219128065
9127-FHJBZ,1,"Established, High-Spend, Low-Risk",72,114.0,0.04033790244121555
6270-OMFIW,1,"Established, High-Spend, Low-Risk",60,94.4,0.1777807096921095
1641-RQDAY,2,"New, High-Spend, High-Risk",32,100.4,0.5869566443963217
0107-WESLM,4,"New, Low-Spend, High-Risk",1,19.85,0.2181309532180707
6994-ORCWG,4,"New, Low-Spend, High-Risk",14,54.25,0.19487687501017237
1346-UFHAX,2,"New, High-Spend, High-Risk",13,80.0,0.5079968791553074
3992-YWPKO,2,"New, High-Spend, High-Risk",6,109.9,0.6658038048178536
2933-XEUJM,1,"Established, High-Spend, Low-Risk",46,79.2,0.05138644407737066
0125-LZQXK,2,"New, High-Spend, High-Risk",15,101.35,0.568573328639167
5461-QKNTN,1,"Established, High-Spend, Low-Risk",43,94.3,0.389351567997369
4835-YSJMR,3,"Established, Low-Spend, Low-Risk",39,49.8,0.025375459764629668
8399-YNDCH,4,"New, Low-Spend, High-Risk",21,60.05,0.3458508119729398
3164-YAXFY,3,"Established, Low-Spend, Low-Risk",57,53.75,0.13936525081220946
0887-WBJVH,1,"Established, High-Spend, Low-Risk",53,93.45,0.17225620161000146
4660-IRIBM,2,"New, High-Spend, High-Risk",18,87.9,0.40490618752901153
5673-FSSMF,2,"New, High-Spend, High-Risk",1,60.15,0.5670410573366296
7670-ZBPOQ,3,"Established, Low-Spend, Low-Risk",58,61.05,0.022302941456008533
8089-UZWLX,1,"Established, High-Spend, Low-Risk",71,104.05,0.13302021229196137
0080-OROZO,1,"Established, High-Spend, Low-Risk",35,99.25,0.2601867639667833
3916-NRPAP,2,"New, High-Spend, High-Risk",3,85.7,0.6782406626686651
6807-SIWJI,1,"Established, High-Spend, Low-Risk",38,104.85,0.2715259812549997
8221-HVAYI,1,"Established, High-Spend, Low-Risk",35,69.15,0.018880853665228906
1579-KLYDT,2,"New, High-Spend, High-Risk",7,90.45,0.7199893750098164
5232-NXPAY,1,"Established, High-Spend, Low-Risk",47,74.45,0.037828403868235355
8967-SZQAS,4,"New, Low-Spend, High-Risk",14,50.45,0.2704701016854206
4468-KAZHE,4,"New, Low-Spend, High-Risk",20,60.0,0.3326299061987944
0455-ENTCR,1,"Established, High-Spend, Low-Risk",66,85.25,0.017624894085399676
8944-AILEF,4,"New, Low-Spend, High-Risk",15,19.45,0.13213136697400094
5542-NKVRU,3,"Established, Low-Spend, Low-Risk",42,20.75,0.009688422871860104
7126-RBHSD,2,"New, High-Spend, High-Risk",17,78.9,0.4855209171328109
5370-IIVVL,1,"Established, High-Spend, Low-Risk",37,104.5,0.29033290540933276
6789-HJBWG,4,"New, Low-Spend, High-Risk",12,49.4,0.2875808167329436
3927-NLNRY,1,"Established, High-Spend, Low-Risk",53,94.25,0.20855714928863134
9087-EYCPR,3,"Established, Low-Spend, Low-Risk",60,25.0,0.006214731851160922
6791-YBNAK,4,"New, Low-Spend, High-Risk",18,25.55,0.33064847013387144
6358-LYNGM,2,"New, High-Spend, High-Risk",1,74.9,0.7152037383628844
6077-BDPXA,2,"New, High-Spend, High-Risk",3,70.15,0.6277246508916065
0013-MHZWF,4,"New, Low-Spend, High-Risk",9,69.4,0.331178138472806
5494-HECPR,2,"New, High-Spend, High-Risk",1,80.25,0.7072591024740943
8268-YDIXR,1,"Established, High-Spend, Low-Risk",56,93.15,0.09591313310445404
9824-BEMCV,2,"New, High-Spend, High-Risk",17,69.0,0.4557314643743583
1373-ORVIZ,4,"New, Low-Spend, High-Risk",11,66.35,0.32109831943140676
4291-SHSBH,2,"New, High-Spend, High-Risk",7,69.55,0.6010883522420543
6980-IMXXE,3,"Established, Low-Spend, Low-Risk",69,20.2,0.0022702909152008
9866-QEVEE,2,"New, High-Spend, High-Risk",19,86.0,0.6393969836621677
9897-KXHCM,2,"New, High-Spend, High-Risk",3,80.3,0.6398633964970722
0040-HALCW,3,"Established, Low-Spend, Low-Risk",54,20.4,0.0045417105132856544
0784-GTUUK,3,"Established, Low-Spend, Low-Risk",62,23.75,0.011480941615152358
7979-CORPM,2,"New, High-Spend, High-Risk",24,90.55,0.5815604703342595
2294-DMMUS,1,"Established, High-Spend, Low-Risk",62,70.45,0.13555251311186872
0872-JCPIB,4,"New, Low-Spend, High-Risk",17,65.75,0.3126047863687021
3055-MJDSB,4,"New, Low-Spend, High-Risk",9,24.6,0.4826227299596977
9091-WTUUY,1,"Established, High-Spend, Low-Risk",64,69.25,0.007774835994885745
1618-CFHME,2,"New, High-Spend, High-Risk",2,75.9,0.7023728570720935
3165-HDOEW,4,"New, Low-Spend, High-Risk",1,45.85,0.36908543985643966
6581-NQCBA,4,"New, Low-Spend, High-Risk",16,49.95,0.46459553003656695
7115-IRDHS,3,"Established, Low-Spend, Low-Risk",72,24.65,0.003761226321100395
8496-DMZUK,1,"Established, High-Spend, Low-Risk",30,90.4,0.19294042051223642
2040-VZIKE,1,"Established, High-Spend, Low-Risk",49,100.85,0.39950514643344465
9068-VPWQQ,1,"Established, High-Spend, Low-Risk",61,75.35,0.016116420866550053
0178-SZBHO,1,"Established, High-Spend, Low-Risk",47,87.2,0.3465570543357405
0384-RVBPI,4,"New, Low-Spend, High-Risk",20,64.4,0.22711357970019144
1689-MRZQR,2,"New, High-Spend, High-Risk",34,78.3,0.3920002632566548
1299-AURJA,3,"Established, Low-Spend, Low-Risk",70,24.7,0.003136950291818535
4525-VZCZG,1,"Established, High-Spend, Low-Risk",54,105.85,0.0853247372738261
1543-LLLFT,1,"Established, High-Spend, Low-Risk",61,98.3,0.1533846728139926
5835-BEQEU,2,"New, High-Spend, High-Risk",3,76.95,0.6941539444315791
2788-CJQAQ,4,"New, Low-Spend, High-Risk",13,19.45,0.07053663536293817
5565-FILXA,2,"New, High-Spend, High-Risk",16,96.15,0.7662876391298483
0319-QZTCO,4,"New, Low-Spend, High-Risk",3,58.7,0.38305079977225454
2120-SMPEX,4,"New, Low-Spend, High-Risk",25,20.15,0.08447715038445398
0096-FCPUF,4,"New, Low-Spend, High-Risk",30,64.5,0.22118651352243943
0668-OGMHD,4,"New, Low-Spend, High-Risk",21,28.5,0.2645648892037041
5552-ZNFSJ,4,"New, Low-Spend, High-Risk",1,45.3,0.4250257188759092
2223-KAGMX,4,"New, Low-Spend, High-Risk",15,19.4,0.12686472833369847
6507-ZJSUR,2,"New, High-Spend, High-Risk",23,90.45,0.6678548613214422
9408-HRXRK,1,"Established, High-Spend, Low-Risk",45,105.15,0.34407033253288444
5593-SUAOO,2,"New, High-Spend, High-Risk",24,83.15,0.26487374532633895
7321-PKUYW,2,"New, High-Spend, High-Risk",11,90.15,0.6145660463351726
2833-SLKDQ,4,"New, Low-Spend, High-Risk",1,45.05,0.4259930526879005
6766-HFKLA,1,"Established, High-Spend, Low-Risk",56,103.2,0.12363807320070926
7595-EUIVN,2,"New, High-Spend, High-Risk",1,75.8,0.6018936781297293
7617-EYGLW,4,"New, Low-Spend, High-Risk",1,19.45,0.2192127110250069
2026-TGDHM,2,"New, High-Spend, High-Risk",7,79.3,0.6620105985605066
9220-ZNKJI,1,"Established, High-Spend, Low-Risk",55,88.8,0.07572232177230759
4030-VPZBD,4,"New, Low-Spend, High-Risk",2,30.9,0.45284639282607
2226-ICFDO,1,"Established, High-Spend, Low-Risk",72,85.9,0.012628397529225592
0723-VSOBE,3,"Established, Low-Spend, Low-Risk",45,34.2,0.13158803239754818
5529-GIBVH,3,"Established, Low-Spend, Low-Risk",47,20.15,0.007947394401611045
4187-CINZD,1,"Established, High-Spend, Low-Risk",46,95.25,0.2818603916752197
9992-UJOEL,4,"New, Low-Spend, High-Risk",2,50.3,0.373553243867519
4741-WWJQZ,2,"New, High-Spend, High-Risk",2,80.15,0.42824846724408994
6625-UTXEW,4,"New, Low-Spend, High-Risk",12,51.25,0.28691800353370583
6818-WOBHJ,1,"Established, High-Spend, Low-Risk",68,89.6,0.2959277845756772
6244-BESBM,1,"Established, High-Spend, Low-Risk",69,95.2,0.05022223166198726
1004-NOZNR,1,"Established, High-Spend, Low-Risk",56,94.8,0.14241978359196472
1251-STYSZ,2,"New, High-Spend, High-Risk",4,80.25,0.6271352409492337
2612-PHGOX,1,"Established, High-Spend, Low-Risk",64,76.1,0.019081507794140605
2408-TZMJL,1,"Established, High-Spend, Low-Risk",59,110.15,0.17652263218992972
8480-PPONV,1,"Established, High-Spend, Low-Risk",62,115.55,0.05274387288127513
8780-IHCRN,3,"Established, Low-Spend, Low-Risk",63,24.65,0.004404599624731713
4598-ZADCK,3,"Established, Low-Spend, Low-Risk",53,53.6,0.03535701382211279
1257-SXUXQ,4,"New, Low-Spend, High-Risk",5,19.45,0.1566631338308139
9681-KYGYB,1,"Established, High-Spend, Low-Risk",49,88.2,0.25053826816881586
7182-OVLBJ,1,"Established, High-Spend, Low-Risk",62,101.15,0.08543328471711063
5095-ETBRJ,3,"Established, Low-Spend, Low-Risk",55,56.8,0.008181292216284941
7005-CYUIL,1,"Established, High-Spend, Low-Risk",71,99.4,0.030318794646611157
4821-WQOYN,3,"Established, Low-Spend, Low-Risk",72,20.1,0.0019194511700218195
4730-AWNAU,3,"Established, Low-Spend, Low-Risk",36,60.7,0.08382460999740322
3452-FLHYD,4,"New, Low-Spend, High-Risk",25,20.95,0.04172298479835345
2388-LAESQ,1,"Established, High-Spend, Low-Risk",72,114.85,0.06287655138151949
9531-NSBMR,3,"Established, Low-Spend, Low-Risk",36,19.25,0.02510264586473594
6260-ONULR,2,"New, High-Spend, High-Risk",1,62.8,0.5730414825383782
4389-UEFCZ,1,"Established, High-Spend, Low-Risk",72,105.5,0.07724890763393381
8711-LOBKY,3,"Established, Low-Spend, Low-Risk",59,19.85,0.003637926081270984
9134-CEQMF,2,"New, High-Spend, High-Risk",7,89.5,0.7711616667953627
8985-OOPOS,4,"New, Low-Spend, High-Risk",1,74.1,0.27611640710390134
8800-ZKRFW,2,"New, High-Spend, High-Risk",30,107.5,0.45971408675634523
2616-FLVQC,3,"Established, Low-Spend, Low-Risk",64,19.55,0.003597260444072201
9968-FFVVH,1,"Established, High-Spend, Low-Risk",63,68.8,0.016106290007699586
3108-PCCGG,1,"Established, High-Spend, Low-Risk",72,84.45,0.024429313374472142
7993-PYKOF,2,"New, High-Spend, High-Risk",8,75.0,0.48202558862486916
8390-FESFV,1,"Established, High-Spend, Low-Risk",62,84.5,0.02925687070289441
3022-BEXHZ,1,"Established, High-Spend, Low-Risk",67,111.2,0.06929815274952983
5027-XWQHA,4,"New, Low-Spend, High-Risk",6,44.75,0.37807284259281354
6248-TKCQV,1,"Established, High-Spend, Low-Risk",70,80.6,0.012968244766443211
6729-GDNGC,2,"New, High-Spend, High-Risk",20,80.7,0.6068856832792736
6198-ZFIOJ,2,"New, High-Spend, High-Risk",5,75.6,0.6829019205109303
5989-OMNJE,4,"New, Low-Spend, High-Risk",24,57.6,0.1556370412094091
4566-QVRRW,4,"New, Low-Spend, High-Risk",11,44.05,0.336818078470815
1291-CUOCY,1,"Established, High-Spend, Low-Risk",72,110.6,0.07607625439616399
9795-SHUHB,3,"Established, Low-Spend, Low-Risk",66,58.2,0.004158869495155329
3230-IUALN,1,"Established, High-Spend, Low-Risk",45,81.0,0.020741420484076085
0042-RLHYP,3,"Established, Low-Spend, Low-Risk",69,19.7,0.0022808921470424495
8519-IMDHU,2,"New, High-Spend, High-Risk",15,85.6,0.7230648342780414
4945-RVMTE,4,"New, Low-Spend, High-Risk",28,59.55,0.25018389876577
0201-OAMXR,1,"Established, High-Spend, Low-Risk",70,115.55,0.10020094366057591
1866-NXPSP,1,"Established, High-Spend, Low-Risk",36,75.55,0.04178142915423907
3372-KWFBM,2,"New, High-Spend, High-Risk",16,86.6,0.7046545407311134
7831-QGOXH,2,"New, High-Spend, High-Risk",18,85.2,0.6563019250138515
6393-WRYZE,2,"New, High-Spend, High-Risk",34,97.65,0.6097322575065992
3941-XTSKM,3,"Established, Low-Spend, Low-Risk",42,45.1,0.09155298963656373
1661-CZBAU,1,"Established, High-Spend, Low-Risk",48,70.95,0.04787478777896368
6599-RCLCJ,1,"Established, High-Spend, Low-Risk",47,109.55,0.4036602037541962
9831-BPFRI,1,"Established, High-Spend, Low-Risk",39,89.55,0.12923112955555044
5158-RIVOP,4,"New, Low-Spend, High-Risk",11,20.9,0.03147675421473413
9788-YTFGE,4,"New, Low-Spend, High-Risk",7,19.95,0.1745219401032177
9277-JOOMO,4,"New, Low-Spend, High-Risk",3,24.6,0.2571034098806861
1907-YLNYW,4,"New, Low-Spend, High-Risk",8,66.7,0.3035983012414509
1725-MIMXW,4,"New, Low-Spend, High-Risk",1,19.45,0.17918710261372164
8947-YRTDV,1,"Established, High-Spend, Low-Risk",32,94.8,0.1516271109557316
3161-ONRWK,1,"Established, High-Spend, Low-Risk",60,65.85,0.010287427316301279
0114-RSRRW,4,"New, Low-Spend, High-Risk",10,19.95,0.15700836049507264
4565-NLZBV,3,"Established, Low-Spend, Low-Risk",71,24.65,0.0038559461070426706
0031-PVLZI,4,"New, Low-Spend, High-Risk",4,20.35,0.15982848222516044
7206-GZCDC,2,"New, High-Spend, High-Risk",1,69.25,0.6906874796960136
6682-VCIXC,3,"Established, Low-Spend, Low-Risk",43,51.25,0.040523666868221536
4791-QRGMF,1,"Established, High-Spend, Low-Risk",59,99.5,0.2719978175511346
6475-VHUIZ,4,"New, Low-Spend, High-Risk",23,54.25,0.16755332565593414
3910-MRQOY,3,"Established, Low-Spend, Low-Risk",72,19.4,0.0025867973844030836
0661-WCQNQ,4,"New, Low-Spend, High-Risk",22,56.25,0.06122606155595555
7537-RBWEA,4,"New, Low-Spend, High-Risk",1,25.15,0.5695865480448833
4656-CAURT,3,"Established, Low-Spend, Low-Risk",69,23.95,0.004245724543371156
0121-SNYRK,3,"Established, Low-Spend, Low-Risk",50,35.4,0.030338543916602154
1768-ZAIFU,4,"New, Low-Spend, High-Risk",1,25.2,0.6157225205354908
4671-LXRDQ,4,"New, Low-Spend, High-Risk",2,45.0,0.4165483959803759
3733-LSYCE,2,"New, High-Spend, High-Risk",15,75.35,0.490311450946202
6265-FRMTQ,3,"Established, Low-Spend, Low-Risk",31,20.4,0.016205589689927708
1934-SJVJK,4,"New, Low-Spend, High-Risk",1,20.15,0.21732216413845315
3838-OZURD,1,"Established, High-Spend, Low-Risk",66,105.0,0.37399882322885347
1371-DWPAZ,4,"New, Low-Spend, High-Risk",0,56.05,0.13164270674782497
9269-CQOOL,4,"New, Low-Spend, High-Risk",3,54.7,0.4172278128769604
2017-CCBLH,4,"New, Low-Spend, High-Risk",8,20.0,0.04529084593442872
7690-KPNCU,1,"Established, High-Spend, Low-Risk",64,73.05,0.03165803044630646
0536-BGFMZ,4,"New, Low-Spend, High-Risk",28,20.5,0.07458811101083804
2293-IJWPS,1,"Established, High-Spend, Low-Risk",57,100.75,0.2872595491506675
2845-HSJCY,2,"New, High-Spend, High-Risk",14,87.25,0.6299487691866279
5469-NUJUR,4,"New, Low-Spend, High-Risk",19,19.95,0.02810726566454388
1184-PJVDB,2,"New, High-Spend, High-Risk",10,79.95,0.6535063542705174
2625-TRCZQ,3,"Established, Low-Spend, Low-Risk",51,49.65,0.21529234988955082
4102-HLENU,1,"Established, High-Spend, Low-Risk",67,65.65,0.010513249046312888
7266-GSSJX,4,"New, Low-Spend, High-Risk",11,20.45,0.12269727092839627
7722-VJRQD,3,"Established, Low-Spend, Low-Risk",72,60.95,0.012175387408294614
7073-QETQY,3,"Established, Low-Spend, Low-Risk",66,20.35,0.005159141143424832
9415-DPEWS,2,"New, High-Spend, High-Risk",18,88.35,0.5697086386880207
5624-RYAMH,4,"New, Low-Spend, High-Risk",9,19.5,0.160947251876184
0196-JTUQI,2,"New, High-Spend, High-Risk",9,75.2,0.6504155157723739
7130-YXBRO,1,"Established, High-Spend, Low-Risk",48,111.45,0.3796749601566742
9272-LSVYH,2,"New, High-Spend, High-Risk",10,70.15,0.5730990124125308
7943-RQCHR,2,"New, High-Spend, High-Risk",9,94.75,0.7747254499649503
3793-MMFUH,2,"New, High-Spend, High-Risk",13,95.05,0.7867847401081259
3249-ZPQRG,2,"New, High-Spend, High-Risk",4,78.45,0.6620543404325782
2568-BRGYX,2,"New, High-Spend, High-Risk",4,70.2,0.6202737003402676
3084-DOWLE,1,"Established, High-Spend, Low-Risk",72,92.0,0.014454300422797418
1084-MNSMJ,1,"Established, High-Spend, Low-Risk",51,85.5,0.0157516236915034
7721-JXEAW,3,"Established, Low-Spend, Low-Risk",59,41.05,0.11760101776302326
7249-WBIYX,2,"New, High-Spend, High-Risk",10,85.6,0.7157268579186619
4238-HFHSN,1,"Established, High-Spend, Low-Risk",61,82.15,0.2549523026958228
6250-CGGUN,1,"Established, High-Spend, Low-Risk",54,84.4,0.05621775305100629
5478-JJVZK,4,"New, Low-Spend, High-Risk",33,60.9,0.135349058780074
7596-IIWYC,3,"Established, Low-Spend, Low-Risk",27,20.25,0.019321303259895187
6567-HOOPW,2,"New, High-Spend, High-Risk",1,79.2,0.7485300295428385
9793-WECQC,2,"New, High-Spend, High-Risk",23,95.3,0.5803367385350835
4291-HPAXL,4,"New, Low-Spend, High-Risk",1,19.85,0.17825776687265785
8999-YPYBV,1,"Established, High-Spend, Low-Risk",45,84.35,0.01939060995357997
1839-FBNFR,3,"Established, Low-Spend, Low-Risk",39,19.85,0.009154893024058471
3164-AALRN,4,"New, Low-Spend, High-Risk",5,70.0,0.332311029669256
3071-MVJCD,1,"Established, High-Spend, Low-Risk",72,82.3,0.007563919173063142
1697-BCSHV,1,"Established, High-Spend, Low-Risk",58,66.8,0.10108469936108
0562-KBDVM,3,"Established, Low-Spend, Low-Risk",70,44.6,0.006043333750398649
1131-SUEKT,1,"Established, High-Spend, Low-Risk",61,98.45,0.10731038705578129
3717-OEAUQ,2,"New, High-Spend, High-Risk",2,70.7,0.6365701231156695
4538-WNTMJ,3,"Established, Low-Spend, Low-Risk",46,24.95,0.018187180718065046
3334-CTHOL,2,"New, High-Spend, High-Risk",1,49.95,0.5006850891019518
4704-ERYFC,2,"New, High-Spend, High-Risk",22,69.25,0.4733957860343804
9432-RUVSL,1,"Established, High-Spend, Low-Risk",48,102.5,0.07369216307852616
8060-HIWJJ,1,"Established, High-Spend, Low-Risk",64,86.55,0.028412872525382223
7684-XSZIY,3,"Established, Low-Spend, Low-Risk",72,24.3,0.0028580140444079707
9089-UOWJG,4,"New, Low-Spend, High-Risk",12,58.35,0.33431536706491377
8621-MNIHH,2,"New, High-Spend, High-Risk",34,94.25,0.5439807607803832
8039-ACLPL,1,"Established, High-Spend, Low-Risk",72,68.75,0.007116374973056251
9885-AIBVB,2,"New, High-Spend, High-Risk",29,85.8,0.44734168514877504
1934-MKPXS,3,"Established, Low-Spend, Low-Risk",33,20.1,0.0229951401461904
2592-YKDIF,4,"New, Low-Spend, High-Risk",1,20.35,0.21505486442102806
2272-JKMSI,1,"Established, High-Spend, Low-Risk",62,110.8,0.13944725677848355
0471-LVHGK,1,"Established, High-Spend, Low-Risk",41,73.0,0.17031842646635095
9518-RWHZL,1,"Established, High-Spend, Low-Risk",64,100.05,0.22795023926085523
8714-CTZJW,2,"New, High-Spend, High-Risk",4,82.85,0.6778908478217865
3569-EDBPQ,2,"New, High-Spend, High-Risk",24,84.35,0.324417670618918
3131-NWVFJ,4,"New, Low-Spend, High-Risk",14,19.55,0.05412245879321772
7521-YXVZY,4,"New, Low-Spend, High-Risk",3,19.95,0.16484961532480727
5419-CONWX,2,"New, High-Spend, High-Risk",4,99.8,0.7390791992588238
6240-EURKS,4,"New, Low-Spend, High-Risk",18,35.0,0.3901257407640581
2373-NTKOD,2,"New, High-Spend, High-Risk",8,66.25,0.4971212442526396
1970-KKFWL,3,"Established, Low-Spend, Low-Risk",35,23.3,0.019152634151063337
6960-HVYXR,2,"New, High-Spend, High-Risk",1,76.0,0.7095433453923329
9337-SRRNI,3,"Established, Low-Spend, Low-Risk",66,25.3,0.003729399783312542
0895-UADGO,4,"New, Low-Spend, High-Risk",8,44.55,0.09202584561969304
5678-VFNEQ,1,"Established, High-Spend, Low-Risk",71,104.1,0.14684042021430932
5977-CKHON,1,"Established, High-Spend, Low-Risk",43,92.55,0.3952494106486578
7024-OHCCK,2,"New, High-Spend, High-Risk",2,93.85,0.83781198592285
2692-BUCFV,2,"New, High-Spend, High-Risk",29,101.45,0.5734973514340157
7861-UVUFT,2,"New, High-Spend, High-Risk",15,84.3,0.6031849977516892
1830-GGFNM,1,"Established, High-Spend, Low-Risk",65,94.55,0.021752901431776724
5302-BDJNT,2,"New, High-Spend, High-Risk",35,95.5,0.42976835341543224
5223-UZAVK,1,"Established, High-Spend, Low-Risk",64,100.3,0.1153661350330791
4859-ZSRDZ,3,"Established, Low-Spend, Low-Risk",58,55.5,0.028968484067520055
5651-WYIPH,4,"New, Low-Spend, High-Risk",18,49.85,0.2746549312624704
9350-VLHMB,1,"Established, High-Spend, Low-Risk",67,89.55,0.23206417764116488
3498-LZGQZ,3,"Established, Low-Spend, Low-Risk",63,19.15,0.003001101030205499
8785-CJSHH,1,"Established, High-Spend, Low-Risk",60,99.8,0.40038896456010714
5357-TZHPP,2,"New, High-Spend, High-Risk",9,84.4,0.7549242996549823
3870-SPZSI,1,"Established, High-Spend, Low-Risk",70,113.05,0.04265614428998021
0680-DFNNY,2,"New, High-Spend, High-Risk",15,101.1,0.7346488999262275
7560-QRBXH,3,"Established, Low-Spend, Low-Risk",48,19.95,0.011281061856080124
7077-XJMET,2,"New, High-Spend, High-Risk",12,74.15,0.35766299385415534
8752-GHJFU,1,"Established, High-Spend, Low-Risk",71,92.0,0.05516222591836781
6896-SRVYQ,1,"Established, High-Spend, Low-Risk",44,73.85,0.31852756353642486
7767-UXAGJ,2,"New, High-Spend, High-Risk",1,50.45,0.5012601602115102
4652-ODEVH,3,"Established, Low-Spend, Low-Risk",45,24.45,0.009831192431972228
6510-UPNKS,4,"New, Low-Spend, High-Risk",23,24.8,0.06196998794168925
6718-BDGHG,1,"Established, High-Spend, Low-Risk",43,64.85,0.08575650991350511
9046-DQMTP,3,"Established, Low-Spend, Low-Risk",35,20.75,0.05446852896909313
6439-LAJXL,4,"New, Low-Spend, High-Risk",9,68.95,0.21089027000968344
1571-SAVHK,2,"New, High-Spend, High-Risk",12,99.95,0.6744513829279756
9052-VKDUW,1,"Established, High-Spend, Low-Risk",65,109.4,0.3257591035960768
9546-CQJSU,2,"New, High-Spend, High-Risk",2,91.4,0.7476787509929177
1666-JZPZT,4,"New, Low-Spend, High-Risk",27,49.0,0.2650031085493051
5777-KJIRB,3,"Established, Low-Spend, Low-Risk",40,50.25,0.06448147562674222
0506-LVNGN,2,"New, High-Spend, High-Risk",5,75.55,0.6412216817701571
7677-SJJJK,4,"New, Low-Spend, High-Risk",8,19.9,0.07022146802058085
2480-EJWYP,1,"Established, High-Spend, Low-Risk",58,97.8,0.27955163155300006
3253-HKOKL,1,"Established, High-Spend, Low-Risk",52,100.3,0.13691554570742173
7055-HNEOJ,4,"New, Low-Spend, High-Risk",3,55.8,0.3025537375596905
5514-YQENT,1,"Established, High-Spend, Low-Risk",41,111.15,0.06083444112457343
3211-AAPKX,2,"New, High-Spend, High-Risk",20,98.55,0.6314278186901966
8445-DNBAE,4,"New, Low-Spend, High-Risk",1,50.05,0.4402290979081026
2951-QOQTK,2,"New, High-Spend, High-Risk",4,80.8,0.5359558902680511
2958-NHPPS,4,"New, Low-Spend, High-Risk",23,20.85,0.09058010752606682
6806-YDEUL,4,"New, Low-Spend, High-Risk",6,19.5,0.21031455291455106
1735-XMJVH,4,"New, Low-Spend, High-Risk",8,19.35,0.13956077370305664
6890-PFRQX,4,"New, Low-Spend, High-Risk",18,69.5,0.3009579273393746
0222-CNVPT,3,"Established, Low-Spend, Low-Risk",52,48.8,0.18942572709308164
5899-OUVKV,2,"New, High-Spend, High-Risk",31,94.5,0.5250955019691668
8681-ICONS,3,"Established, Low-Spend, Low-Risk",29,20.65,0.05770363686754844
1621-YNCJH,1,"Established, High-Spend, Low-Risk",36,106.05,0.0883250868878982
3473-XIIIT,2,"New, High-Spend, High-Risk",16,100.0,0.704107659839967
6362-QHAFM,1,"Established, High-Spend, Low-Risk",42,108.3,0.2902997947537604
7893-IXHRQ,4,"New, Low-Spend, High-Risk",1,20.55,0.21624715182687188
3070-BDOQC,1,"Established, High-Spend, Low-Risk",60,99.65,0.09647537773066893
2952-QAYZF,2,"New, High-Spend, High-Risk",5,85.3,0.6347784409167936
6234-PFPXL,2,"New, High-Spend, High-Risk",22,95.9,0.4321266913444322
9824-QCJPK,3,"Established, Low-Spend, Low-Risk",36,20.0,0.025640461581130928
4763-PGDPO,2,"New, High-Spend, High-Risk",4,70.4,0.6192692554638838
4283-IVYCI,4,"New, Low-Spend, High-Risk",9,64.95,0.22903757074359726
1866-OBPNR,2,"New, High-Spend, High-Risk",1,74.6,0.5541146720504988
8205-MQUGY,4,"New, Low-Spend, High-Risk",12,49.2,0.1934890127159804
8970-ANWXO,4,"New, Low-Spend, High-Risk",23,73.75,0.20707494026518655
9480-BQJEI,1,"Established, High-Spend, Low-Risk",62,92.3,0.11409160676767731
5394-SVGJV,2,"New, High-Spend, High-Risk",37,98.8,0.49584056160073303
6979-TNDEU,4,"New, Low-Spend, High-Risk",8,19.2,0.16789973009790676
9777-WJJPR,2,"New, High-Spend, High-Risk",31,88.65,0.5579353806377386
9283-LZQOH,2,"New, High-Spend, High-Risk",13,74.4,0.5677497389551563
7079-QRCBC,2,"New, High-Spend, High-Risk",24,98.75,0.6807805700424723
9495-SKLKD,1,"Established, High-Spend, Low-Risk",45,95.95,0.3598647639712763
6048-UWKAL,1,"Established, High-Spend, Low-Risk",69,105.4,0.09064266798925646
5067-DGXLL,4,"New, Low-Spend, High-Risk",2,20.25,0.20917899869910533
5469-CTCWN,1,"Established, High-Spend, Low-Risk",61,106.0,0.13877232281243684
9851-QXEEQ,2,"New, High-Spend, High-Risk",41,104.7,0.5330402758932176
6281-FKEWS,3,"Established, Low-Spend, Low-Risk",44,49.05,0.15990179383626713
8898-KASCD,3,"Established, Low-Spend, Low-Risk",39,35.55,0.06975461428900137
9242-TKFSV,1,"Established, High-Spend, Low-Risk",72,65.1,0.01084418214308129
9290-SHCMB,2,"New, High-Spend, High-Risk",13,96.85,0.710354670678881
0743-HNPFG,1,"Established, High-Spend, Low-Risk",51,69.75,0.02073585620866076
2277-BKJKN,1,"Established, High-Spend, Low-Risk",71,99.2,0.09146671241400486
9809-IMGCQ,2,"New, High-Spend, High-Risk",22,96.7,0.7318072557954433
5208-HFSBT,4,"New, Low-Spend, High-Risk",2,55.05,0.2818864596827828
5035-PGZXH,1,"Established, High-Spend, Low-Risk",56,106.8,0.25144771794428417
8695-WDYEA,4,"New, Low-Spend, High-Risk",1,51.25,0.3120673606001533
6543-JXSOO,4,"New, Low-Spend, High-Risk",23,57.75,0.040598063198992944
8016-ZMGMO,1,"Established, High-Spend, Low-Risk",66,70.85,0.058303537426294315
8605-ITULD,4,"New, Low-Spend, High-Risk",1,19.55,0.21720015950777147
3254-YRILK,2,"New, High-Spend, High-Risk",19,88.2,0.6689648109825698
6416-YJTTB,2,"New, High-Spend, High-Risk",11,79.5,0.43373516061345563
2667-WYLWJ,4,"New, Low-Spend, High-Risk",8,19.75,0.06958995187143807
4472-VESGY,1,"Established, High-Spend, Low-Risk",52,98.15,0.22188468637506462
3195-TQDZX,4,"New, Low-Spend, High-Risk",3,20.25,0.20179455657361503
3128-YOVTD,1,"Established, High-Spend, Low-Risk",51,79.15,0.1251246330959992
0529-ONKER,2,"New, High-Spend, High-Risk",15,75.65,0.6507096101165927
1728-CXQBE,1,"Established, High-Spend, Low-Risk",64,94.25,0.3277441947463791
7041-TXQJH,4,"New, Low-Spend, High-Risk",37,40.2,0.2650174554374563
5014-GSOUQ,4,"New, Low-Spend, High-Risk",13,19.95,0.03668653482781221
5724-BIDBU,3,"Established, Low-Spend, Low-Risk",49,55.35,0.04434319352152218
0481-SUMCB,1,"Established, High-Spend, Low-Risk",45,102.15,0.39517077256447236
1769-GRUIK,2,"New, High-Spend, High-Risk",18,71.1,0.4935540963336407
5240-IJOQT,2,"New, High-Spend, High-Risk",1,74.7,0.7532492749544464
8819-WFGGJ,3,"Established, Low-Spend, Low-Risk",68,54.1,0.02510153317969332
7427-AUFPY,3,"Established, Low-Spend, Low-Risk",54,19.65,0.005652240761604722
2811-POVEX,2,"New, High-Spend, High-Risk",23,88.45,0.48826650959375445
1092-GANHU,2,"New, High-Spend, High-Risk",17,76.65,0.49513278057531085
7898-PDWQE,1,"Established, High-Spend, Low-Risk",71,80.4,0.010157008646833459
9972-EWRJS,3,"Established, Low-Spend, Low-Risk",67,19.25,0.0025279037611991755
9314-IJWSQ,2,"New, High-Spend, High-Risk",14,84.8,0.6354005419375206
0661-XEYAN,4,"New, Low-Spend, High-Risk",1,25.8,0.6134729482501073
5799-JRCZO,3,"Established, Low-Spend, Low-Risk",63,19.5,0.0029008497160161015
1921-KYSAY,1,"Established, High-Spend, Low-Risk",41,68.6,0.08670480541763266
6198-RTPMF,2,"New, High-Spend, High-Risk",17,92.6,0.7386502080150821
2924-KHUVI,1,"Established, High-Spend, Low-Risk",56,100.55,0.20430285131836295
1925-GMVBW,4,"New, Low-Spend, High-Risk",5,20.55,0.18486476993928455
7881-EVUAD,4,"New, Low-Spend, High-Risk",2,42.6,0.4750116836342539
6184-DYUOB,4,"New, Low-Spend, High-Risk",3,19.6,0.2058901066877125
9207-ZPANB,1,"Established, High-Spend, Low-Risk",37,67.45,0.04176160113610649
5766-XQXMQ,4,"New, Low-Spend, High-Risk",29,68.85,0.1501860366131745
9327-QSDED,4,"New, Low-Spend, High-Risk",8,43.55,0.36222228803805434
1656-DRSMG,1,"Established, High-Spend, Low-Risk",63,109.85,0.30162277915616625
3012-VFFMN,4,"New, Low-Spend, High-Risk",7,20.65,0.1420727168525937
2984-AFWNC,2,"New, High-Spend, High-Risk",3,95.4,0.714570734068772
0640-YJTPY,3,"Established, Low-Spend, Low-Risk",72,21.0,0.0019805953580287897
8096-LOIST,4,"New, Low-Spend, High-Risk",19,56.2,0.3220527944469224
9764-REAFF,3,"Established, Low-Spend, Low-Risk",59,18.4,0.004605927303986005
3703-VAVCL,2,"New, High-Spend, High-Risk",2,90.0,0.5384016075675803
7107-UBYKY,3,"Established, Low-Spend, Low-Risk",35,25.75,0.06004607715234161
4881-GQJTW,4,"New, Low-Spend, High-Risk",14,19.6,0.13364346316306594
8519-QJGJD,2,"New, High-Spend, High-Risk",14,75.35,0.5203415513100367
7876-DNYAP,3,"Established, Low-Spend, Low-Risk",69,19.8,0.002296689811412718
7905-NJMXS,4,"New, Low-Spend, High-Risk",7,64.2,0.26272440856071566
2882-WDTBA,1,"Established, High-Spend, Low-Risk",69,75.75,0.006060663309757529
2091-GPPIQ,1,"Established, High-Spend, Low-Risk",72,78.95,0.01713465505728504
6326-MTTXK,2,"New, High-Spend, High-Risk",8,100.85,0.748160085074912
5071-FBJFS,4,"New, Low-Spend, High-Risk",4,50.3,0.24474170678638818
2796-UUZZO,1,"Established, High-Spend, Low-Risk",63,80.3,0.12376924742834922
2429-AYKKO,3,"Established, Low-Spend, Low-Risk",72,19.85,0.0024940268520882492
9798-OPFEM,3,"Established, Low-Spend, Low-Risk",46,21.1,0.008042766759110333
0330-IVZHA,2,"New, High-Spend, High-Risk",5,69.95,0.6177452104086868
3794-NFNCH,4,"New, Low-Spend, High-Risk",30,50.0,0.1838783692825227
5193-QLVZB,1,"Established, High-Spend, Low-Risk",63,104.75,0.1251419745700244
7114-AEOZE,3,"Established, Low-Spend, Low-Risk",60,19.85,0.004231620078887294
2886-KEFUM,1,"Established, High-Spend, Low-Risk",63,107.5,0.22705578846076158
5522-NYKPB,2,"New, High-Spend, High-Risk",25,85.9,0.3733045212771596
4237-RLAQD,4,"New, Low-Spend, High-Risk",1,45.85,0.42289961425494194
9957-YODKZ,2,"New, High-Spend, High-Risk",6,80.8,0.709741588305778
6518-KZXCB,4,"New, Low-Spend, High-Risk",22,25.25,0.03389927967076223
2245-ADZFJ,1,"Established, High-Spend, Low-Risk",31,80.55,0.06304737995715805
7776-QGYJC,1,"Established, High-Spend, Low-Risk",39,81.5,0.19853937617559295
9313-QOLTZ,4,"New, Low-Spend, High-Risk",26,20.9,0.07948492596280783
9651-GTSAQ,1,"Established, High-Spend, Low-Risk",53,106.1,0.15244867361904912
3186-BAXNB,2,"New, High-Spend, High-Risk",1,91.7,0.5677794718173707
4672-FOTSD,4,"New, Low-Spend, High-Risk",12,67.25,0.18609986474685733
0637-YLETY,2,"New, High-Spend, High-Risk",16,95.6,0.6204182182868578
9818-XQCUV,4,"New, Low-Spend, High-Risk",2,20.35,0.20752792191946043
7338-ERIVA,3,"Established, Low-Spend, Low-Risk",39,45.05,0.05407283921282206
1157-BQCUW,2,"New, High-Spend, High-Risk",1,74.95,0.7150425059157054
8259-NFJTV,4,"New, Low-Spend, High-Risk",7,34.65,0.2532791594535762
3223-DWFIO,2,"New, High-Spend, High-Risk",4,69.35,0.6685084920439646
2660-EMUBI,2,"New, High-Spend, High-Risk",10,95.35,0.7988553032127191
6968-GMKPR,1,"Established, High-Spend, Low-Risk",55,81.55,0.19143775231921767
4751-ERMAN,1,"Established, High-Spend, Low-Risk",72,75.4,0.016796740028315188
1436-ZMJAN,2,"New, High-Spend, High-Risk",10,67.8,0.48054586479175154
3292-PBZEJ,2,"New, High-Spend, High-Risk",11,111.4,0.6735679359584849
0799-DDIHE,4,"New, Low-Spend, High-Risk",15,46.3,0.24342707596633856
3070-FNFZQ,4,"New, Low-Spend, High-Risk",23,20.4,0.018607007200529355
2812-SFXMJ,4,"New, Low-Spend, High-Risk",1,20.05,0.1777945162560352
7675-OZCZG,4,"New, Low-Spend, High-Risk",3,45.0,0.45039549740622853
5014-WUQMG,1,"Established, High-Spend, Low-Risk",47,96.1,0.09692620153841684
5312-TSZVC,4,"New, Low-Spend, High-Risk",15,19.65,0.050002941701329455
2003-CKLOR,1,"Established, High-Spend, Low-Risk",66,99.5,0.28253827683253224
0993-OSGPT,3,"Established, Low-Spend, Low-Risk",68,60.65,0.01713712713126099
9254-RBFON,2,"New, High-Spend, High-Risk",17,98.6,0.32301042809479585
1205-WNWPJ,4,"New, Low-Spend, High-Risk",7,59.5,0.34229661947990647
9391-EOYLI,2,"New, High-Spend, High-Risk",12,80.45,0.6728070252316984
7108-DGVUU,4,"New, Low-Spend, High-Risk",21,71.7,0.22612374380085543
2782-JEEBU,4,"New, Low-Spend, High-Risk",21,36.0,0.23854280759398494
5127-BZENZ,1,"Established, High-Spend, Low-Risk",56,65.2,0.038723818696258606
2720-FVBQP,4,"New, Low-Spend, High-Risk",6,48.95,0.39858548981717534
9906-NHHVC,3,"Established, Low-Spend, Low-Risk",65,53.5,0.04303228994327598
4522-XRWWI,1,"Established, High-Spend, Low-Risk",42,80.45,0.08149313080734803
3766-EJLFL,1,"Established, High-Spend, Low-Risk",68,109.05,0.0507703180215857
5939-SXWHM,3,"Established, Low-Spend, Low-Risk",48,26.3,0.008492306610528305
8152-UOBNY,1,"Established, High-Spend, Low-Risk",50,106.8,0.2552150529158755
7351-KYHQH,2,"New, High-Spend, High-Risk",7,64.95,0.43249927608839855
7643-RCHXS,3,"Established, Low-Spend, Low-Risk",63,19.35,0.003016240537420901
8246-SHFGA,4,"New, Low-Spend, High-Risk",17,21.1,0.11644817138079534
8387-MOJJT,1,"Established, High-Spend, Low-Risk",42,77.95,0.33784162721720234
0620-XEFWH,4,"New, Low-Spend, High-Risk",4,18.85,0.16471481856960243
6485-QXWWE,3,"Established, Low-Spend, Low-Risk",62,26.0,0.0044306658967925485
2761-OCIAX,2,"New, High-Spend, High-Risk",2,74.7,0.6460832098722031
7321-VGNKU,2,"New, High-Spend, High-Risk",2,70.35,0.641147291676407
5327-CNLUQ,1,"Established, High-Spend, Low-Risk",48,96.9,0.0913918916367615
7552-KEYGT,3,"Established, Low-Spend, Low-Risk",27,19.55,0.02017351067881145
5816-JMLGY,1,"Established, High-Spend, Low-Risk",70,80.4,0.012838678160620618
3068-OMWZA,2,"New, High-Spend, High-Risk",1,88.8,0.7955045375312072
2927-QRRQV,1,"Established, High-Spend, Low-Risk",46,94.65,0.24526761847990045
6032-KRXXO,2,"New, High-Spend, High-Risk",30,90.25,0.5660435859856064
7459-RRWQZ,4,"New, Low-Spend, High-Risk",15,64.65,0.33083721766618085
6265-SXWBU,1,"Established, High-Spend, Low-Risk",69,95.75,0.11042281094406192
7941-RCJOW,3,"Established, Low-Spend, Low-Risk",65,19.55,0.0034052232524860305
6374-NTQLP,1,"Established, High-Spend, Low-Risk",72,104.1,0.037317474558112275
4154-AQUGT,2,"New, High-Spend, High-Risk",13,89.05,0.5376861380483506
2387-KDZQY,4,"New, Low-Spend, High-Risk",17,20.1,0.057930095835669826
3584-WKTTW,1,"Established, High-Spend, Low-Risk",51,111.55,0.1746314805724326
3399-BMLVW,3,"Established, Low-Spend, Low-Risk",51,60.5,0.007431900832889211
1971-DTCZB,1,"Established, High-Spend, Low-Risk",72,90.95,0.01467835511145948
3092-IGHWF,1,"Established, High-Spend, Low-Risk",67,87.4,0.08147011120233488
3374-PZLXD,3,"Established, Low-Spend, Low-Risk",34,19.7,0.05729807753697783
3813-DHBBB,3,"Established, Low-Spend, Low-Risk",67,50.95,0.01087758381446941
2812-REYAT,3,"Established, Low-Spend, Low-Risk",49,20.05,0.014059265373361529
6518-PPLMZ,3,"Established, Low-Spend, Low-Risk",53,19.4,0.004872926974650379
4939-KYYPY,4,"New, Low-Spend, High-Risk",27,59.45,0.19266459004755523
8017-LXHFA,2,"New, High-Spend, High-Risk",23,94.75,0.6309397276426723
5930-GBIWP,1,"Established, High-Spend, Low-Risk",69,81.5,0.010359724455299816
6022-KOUQO,4,"New, Low-Spend, High-Risk",2,29.05,0.4042461333061344
6352-TWCAU,2,"New, High-Spend, High-Risk",35,86.45,0.5206269916751135
2361-UPSND,1,"Established, High-Spend, Low-Risk",46,70.6,0.03121640140786977
6035-RIIOM,1,"Established, High-Spend, Low-Risk",54,97.2,0.1545370739127855
2929-QNSRW,1,"Established, High-Spend, Low-Risk",56,98.25,0.26222024746179784
1262-OPMFY,2,"New, High-Spend, High-Risk",9,75.75,0.5683186749245238
9504-DSHWM,4,"New, Low-Spend, High-Risk",20,59.2,0.17084480718702813
5035-BVCXS,2,"New, High-Spend, High-Risk",11,75.9,0.5213382619570912
6267-DCFFZ,2,"New, High-Spend, High-Risk",30,90.05,0.578312409573991
3533-UVMOM,1,"Established, High-Spend, Low-Risk",68,70.95,0.010550299952370574
2439-LYPMQ,2,"New, High-Spend, High-Risk",38,102.6,0.6139934922440102
4248-QPAVC,2,"New, High-Spend, High-Risk",17,85.35,0.5189091151068228
1899-VXWXM,1,"Established, High-Spend, Low-Risk",48,106.1,0.30099189015401384
1478-VPOAD,4,"New, Low-Spend, High-Risk",1,43.8,0.42833507426685496
9995-HOTOH,3,"Established, Low-Spend, Low-Risk",63,59.0,0.020837535960255234
2988-PLAHS,2,"New, High-Spend, High-Risk",3,69.95,0.3467813247021995
1371-OJCEK,3,"Established, Low-Spend, Low-Risk",48,24.35,0.020600801137588727
4999-IEZLT,3,"Established, Low-Spend, Low-Risk",66,29.45,0.02336675420020885
8883-ANODQ,1,"Established, High-Spend, Low-Risk",68,84.4,0.04118822942951824
4690-LLKUA,4,"New, Low-Spend, High-Risk",17,45.05,0.31876610816209233
2351-RRBUE,4,"New, Low-Spend, High-Risk",7,20.65,0.07180466535165363
5980-BDHPY,1,"Established, High-Spend, Low-Risk",72,87.1,0.014988500147047877
1498-DQNRX,3,"Established, Low-Spend, Low-Risk",29,19.85,0.07201221734961513
9469-WEJBT,1,"Established, High-Spend, Low-Risk",37,90.35,0.3363180886273041
3331-HQDTW,2,"New, High-Spend, High-Risk",34,109.8,0.45959636174634394
9490-DFPMD,2,"New, High-Spend, High-Risk",42,84.65,0.5147782718670751
2581-VKIRT,1,"Established, High-Spend, Low-Risk",59,65.5,0.015074635193980905
5442-XSDCW,2,"New, High-Spend, High-Risk",11,79.5,0.5846827445922835
7426-WEIJX,1,"Established, High-Spend, Low-Risk",60,80.95,0.17309345270201748
2851-MMUTZ,4,"New, Low-Spend, High-Risk",27,56.15,0.12671176797810896
3049-NDXFL,2,"New, High-Spend, High-Risk",1,85.8,0.7625203302082318
8580-AECUZ,2,"New, High-Spend, High-Risk",1,79.1,0.750744187775354
3307-TLCUD,4,"New, Low-Spend, High-Risk",17,34.4,0.29069214472070076
6625-FLENO,3,"Established, Low-Spend, Low-Risk",58,20.75,0.0048421649779910375
2967-MXRAV,4,"New, Low-Spend, High-Risk",1,18.8,0.09612458305236847
7963-GQRMY,4,"New, Low-Spend, High-Risk",3,44.3,0.3535231195126936
8189-HBVRW,1,"Established, High-Spend, Low-Risk",53,90.8,0.19688227303121209
4163-KIUHY,3,"Established, Low-Spend, Low-Risk",35,25.6,0.07523954729804777
1228-FZFRV,1,"Established, High-Spend, Low-Risk",50,105.95,0.34178598970748153
3500-NSDOA,1,"Established, High-Spend, Low-Risk",68,70.8,0.012911849079063778
1171-TYKUR,3,"Established, Low-Spend, Low-Risk",47,25.4,0.045894429924855595
3761-FLYZI,1,"Established, High-Spend, Low-Risk",65,108.8,0.4122811505906517
2058-DCJBE,2,"New, High-Spend, High-Risk",5,69.75,0.6144098275895291
5364-XYIRR,1,"Established, High-Spend, Low-Risk",51,94.65,0.496984478845049
4829-AUOAX,2,"New, High-Spend, High-Risk",46,96.05,0.5233294512785902
1219-NNDDO,2,"New, High-Spend, High-Risk",9,76.85,0.6458204588550954
8388-DMKAE,4,"New, Low-Spend, High-Risk",8,20.25,0.04542170900918174
4403-BWPAY,4,"New, Low-Spend, High-Risk",14,24.8,0.08988137286510925
9659-QEQSY,1,"Established, High-Spend, Low-Risk",45,115.65,0.3062728961868153
5405-ZMYXQ,2,"New, High-Spend, High-Risk",8,74.6,0.6599102814947456
5047-LHVLY,4,"New, Low-Spend, High-Risk",1,50.15,0.39703350368062523
1442-OKRJE,1,"Established, High-Spend, Low-Risk",66,103.15,0.09133978820906495
4737-AQCPU,1,"Established, High-Spend, Low-Risk",72,72.1,0.004830274985837898
9158-VCTQB,1,"Established, High-Spend, Low-Risk",41,113.6,0.33864252090529456
2808-CHTDM,4,"New, Low-Spend, High-Risk",23,25.1,0.025986231901587033
6311-UEUME,2,"New, High-Spend, High-Risk",29,78.9,0.49514380500250244
0793-TWELN,2,"New, High-Spend, High-Risk",4,80.15,0.5824717924566959
3283-WCWXT,4,"New, Low-Spend, High-Risk",6,25.4,0.05428010019454402
1060-ENTOF,1,"Established, High-Spend, Low-Risk",67,105.4,0.08789238947217658
0999-QXNSA,4,"New, Low-Spend, High-Risk",7,45.75,0.3524661312765947
5451-MHQOF,3,"Established, Low-Spend, Low-Risk",56,24.45,0.011906441398918046
4836-WNFNO,3,"Established, Low-Spend, Low-Risk",72,25.0,0.003755461709382612
9225-BZLNZ,1,"Established, High-Spend, Low-Risk",72,85.25,0.020772440740103662
0354-VXMJC,4,"New, Low-Spend, High-Risk",23,19.6,0.018826695894792165
4422-QVIJA,3,"Established, Low-Spend, Low-Risk",35,50.15,0.16427265509609704
9365-SRSZE,2,"New, High-Spend, High-Risk",27,70.55,0.4763848460390862
6839-ITVZJ,4,"New, Low-Spend, High-Risk",26,60.05,0.14914300513122614
8332-OSJDW,4,"New, Low-Spend, High-Risk",12,26.4,0.07824113319321051
4735-BJKOU,3,"Established, Low-Spend, Low-Risk",40,20.15,0.010719325041702237
0274-JKUJR,2,"New, High-Spend, High-Risk",7,58.85,0.4307312312391738
5740-YHGTW,1,"Established, High-Spend, Low-Risk",70,97.55,0.14293089789939475
8917-SZTTJ,3,"Established, Low-Spend, Low-Risk",60,19.65,0.003451092441439661
1696-MZVAU,3,"Established, Low-Spend, Low-Risk",39,25.25,0.08209521949979942
7359-WWYJV,1,"Established, High-Spend, Low-Risk",72,114.45,0.053915252726186746
0375-HVGXO,2,"New, High-Spend, High-Risk",1,34.7,0.6396737477450896
4906-ZHGPK,1,"Established, High-Spend, Low-Risk",54,70.7,0.04038975155408877
8593-WHYHV,2,"New, High-Spend, High-Risk",3,85.3,0.7543432169385008
3795-GWTRD,1,"Established, High-Spend, Low-Risk",63,75.55,0.007042360139666988
1298-PHBTI,1,"Established, High-Spend, Low-Risk",71,84.8,0.02756243803762267
6223-DHJGV,3,"Established, Low-Spend, Low-Risk",42,20.65,0.019350881879845606
6961-MJKBO,3,"Established, Low-Spend, Low-Risk",47,20.45,0.00781790816017434
6097-EQISJ,1,"Established, High-Spend, Low-Risk",66,102.45,0.16769210432169732
4423-YLHDV,2,"New, High-Spend, High-Risk",21,104.4,0.6002091111303077
8158-WPEZG,4,"New, Low-Spend, High-Risk",11,35.65,0.32611196546389404
0107-YHINA,2,"New, High-Spend, High-Risk",1,99.75,0.7631350377788761
4918-FYJNT,1,"Established, High-Spend, Low-Risk",55,90.45,0.23214147255061046
0727-BNRLG,1,"Established, High-Spend, Low-Risk",69,97.65,0.05458439284286512
4854-CIDCF,2,"New, High-Spend, High-Risk",3,73.85,0.662910329103268
8640-SDGKB,2,"New, High-Spend, High-Risk",4,74.4,0.42408500340567323
3280-MRDOF,1,"Established, High-Spend, Low-Risk",30,69.1,0.08083601678686082
6435-SRWBJ,2,"New, High-Spend, High-Risk",5,82.75,0.5847981597628987
9964-WBQDJ,3,"Established, Low-Spend, Low-Risk",71,24.4,0.0038839152025610204
6303-KFWSL,4,"New, Low-Spend, High-Risk",29,55.25,0.11798685115026707
1702-CCFNJ,3,"Established, Low-Spend, Low-Risk",52,61.35,0.07710820964947092
8932-CZHRQ,1,"Established, High-Spend, Low-Risk",68,76.75,0.029564474300167832
0386-CWRGM,3,"Established, Low-Spend, Low-Risk",46,19.4,0.006650741317626848
5515-RUGKN,4,"New, Low-Spend, High-Risk",8,54.75,0.4267674069598815
0404-AHASP,3,"Established, Low-Spend, Low-Risk",72,19.7,0.0025599462944827013
7279-NMVJC,4,"New, Low-Spend, High-Risk",17,19.9,0.058054754287340485
2081-VEYEH,2,"New, High-Spend, High-Risk",3,107.95,0.6031986540364379
6407-UTSLV,2,"New, High-Spend, High-Risk",2,83.8,0.7089439373229469
4116-TZAQJ,2,"New, High-Spend, High-Risk",9,74.25,0.46368658404680324
9060-HJJRW,3,"Established, Low-Spend, Low-Risk",51,56.4,0.1107331311591034
2587-YNLES,4,"New, Low-Spend, High-Risk",6,20.1,0.039811081416857026
7398-SKNQZ,2,"New, High-Spend, High-Risk",3,94.9,0.8070225326614895
5935-FCCNB,2,"New, High-Spend, High-Risk",17,94.2,0.7658576739512266
1958-RNRKS,4,"New, Low-Spend, High-Risk",30,49.9,0.24460208364386207
5136-RGMZO,1,"Established, High-Spend, Low-Risk",31,71.05,0.20224674461371261
8345-MVDYC,1,"Established, High-Spend, Low-Risk",45,81.65,0.026040396913688268
8226-BXGES,1,"Established, High-Spend, Low-Risk",64,89.45,0.07623639880983424
3877-JRJIP,2,"New, High-Spend, High-Risk",1,59.85,0.5747355647342793
8375-DKEBR,2,"New, High-Spend, High-Risk",1,69.6,0.6895026675921229
9705-IOVQQ,1,"Established, High-Spend, Low-Risk",61,99.0,0.22267641720117165
1015-OWJKI,4,"New, Low-Spend, High-Risk",1,19.05,0.22029832195800822
7511-YMXVQ,2,"New, High-Spend, High-Risk",9,45.4,0.6268937855941469
2040-XBAVJ,1,"Established, High-Spend, Low-Risk",72,114.45,0.04011998413739727
7551-JOHTI,4,"New, Low-Spend, High-Risk",1,19.5,0.21733475251364678
8887-IPQNC,4,"New, Low-Spend, High-Risk",7,44.25,0.37401682219593607
8646-JCOMS,1,"Established, High-Spend, Low-Risk",66,90.55,0.07799596928206333
9804-ICWBG,2,"New, High-Spend, High-Risk",1,69.9,0.6482151319189676
1222-KJNZD,3,"Established, Low-Spend, Low-Risk",40,20.4,0.034722742939154685
0106-GHRQR,2,"New, High-Spend, High-Risk",16,71.4,0.38080667981168226
5318-IXUZF,2,"New, High-Spend, High-Risk",2,87.15,0.6567241258724639
3768-VHXQO,3,"Established, Low-Spend, Low-Risk",67,24.85,0.004621979114241012
8952-WCVCD,1,"Established, High-Spend, Low-Risk",41,104.45,0.19381675508247254
2418-TPEUN,3,"Established, Low-Spend, Low-Risk",56,19.8,0.004130514695880093
3963-RYFNS,1,"Established, High-Spend, Low-Risk",72,116.45,0.04695452614822062
3198-VELRD,2,"New, High-Spend, High-Risk",3,84.75,0.7099765195583526
8540-ZQGEA,3,"Established, Low-Spend, Low-Risk",54,20.05,0.0058213525843264155
1320-REHCS,1,"Established, High-Spend, Low-Risk",52,110.75,0.4144416573257957
4137-JOPHL,1,"Established, High-Spend, Low-Risk",50,89.7,0.06879224915195635
9436-ZBZCT,2,"New, High-Spend, High-Risk",14,89.95,0.5912307746520681
7801-CEDNV,4,"New, Low-Spend, High-Risk",27,48.7,0.07586627008608696
2057-BOYKM,1,"Established, High-Spend, Low-Risk",72,96.6,0.026610332916454208
3658-QQJYD,1,"Established, High-Spend, Low-Risk",62,74.3,0.038150777474873804
1803-BGNBD,4,"New, Low-Spend, High-Risk",12,54.3,0.2124058443023892
0134-XWXCE,1,"Established, High-Spend, Low-Risk",44,74.85,0.09323368370701882
6950-TWMYB,1,"Established, High-Spend, Low-Risk",54,79.95,0.032386391325298615
5848-FHRFC,3,"Established, Low-Spend, Low-Risk",68,20.05,0.0029798238561441204
2243-FNMMI,4,"New, Low-Spend, High-Risk",20,19.4,0.10486310936982876
2511-MORQY,3,"Established, Low-Spend, Low-Risk",50,54.9,0.04951184530158782
5356-KZCKT,3,"Established, Low-Spend, Low-Risk",58,24.45,0.0070141827842243485
9470-XCCEM,2,"New, High-Spend, High-Risk",35,89.65,0.43785625698150876
6519-CFDBX,4,"New, Low-Spend, High-Risk",2,45.4,0.41171303001098214
3902-MIVLE,1,"Established, High-Spend, Low-Risk",63,75.7,0.011194886143341933
0409-WTMPL,1,"Established, High-Spend, Low-Risk",58,110.65,0.1837540849819733
8763-KIAFH,3,"Established, Low-Spend, Low-Risk",27,20.55,0.030128573408590865
3669-WHAFY,1,"Established, High-Spend, Low-Risk",71,115.15,0.05219954444608137
3055-VTCGS,3,"Established, Low-Spend, Low-Risk",63,58.55,0.038217859057734074
3144-KMTWZ,1,"Established, High-Spend, Low-Risk",71,93.25,0.24551993035857653
7279-BUYWN,2,"New, High-Spend, High-Risk",41,113.2,0.4642455396149984
7156-MHUGY,2,"New, High-Spend, High-Risk",13,90.5,0.7273493254250276
7198-GLXTC,2,"New, High-Spend, High-Risk",2,79.0,0.7058653047159222
2007-QVGAW,3,"Established, Low-Spend, Low-Risk",68,19.35,0.0023593804738514944
5207-PLSTK,4,"New, Low-Spend, High-Risk",1,48.75,0.27365417381087365
2307-FYNNL,1,"Established, High-Spend, Low-Risk",65,109.05,0.0805753370074349
5605-XNWEN,3,"Established, Low-Spend, Low-Risk",72,25.0,0.004548336446807423
2155-AMQRX,4,"New, Low-Spend, High-Risk",28,54.9,0.18788590928839424
6181-AXXYF,3,"Established, Low-Spend, Low-Risk",72,24.75,0.0029704873041742604
5091-HFAZW,2,"New, High-Spend, High-Risk",2,91.15,0.5466645739231004
0516-VRYBW,4,"New, Low-Spend, High-Risk",18,20.15,0.04401341682199531
2519-LBNQL,1,"Established, High-Spend, Low-Risk",60,104.35,0.2820205343569718
8623-ULFNQ,4,"New, Low-Spend, High-Risk",26,66.05,0.2911477910879888
8380-PEFPE,2,"New, High-Spend, High-Risk",1,71.65,0.5822211653505582
5687-DKDTV,4,"New, Low-Spend, High-Risk",4,20.35,0.1924763260973713
1568-LJSZU,1,"Established, High-Spend, Low-Risk",68,92.2,0.013623588453485602
7530-HDYDS,1,"Established, High-Spend, Low-Risk",38,84.25,0.22712643661685675
7789-HKSBS,1,"Established, High-Spend, Low-Risk",42,105.2,0.3274218133352975
7416-CKTEP,3,"Established, Low-Spend, Low-Risk",57,19.6,0.005077591373541998
2586-CWXVV,3,"Established, Low-Spend, Low-Risk",54,30.4,0.09997441103793765
3096-IZETN,2,"New, High-Spend, High-Risk",12,78.1,0.6293366534027922
2348-KCJLT,3,"Established, Low-Spend, Low-Risk",44,61.5,0.0332317486810942
8401-EMUWF,1,"Established, High-Spend, Low-Risk",42,69.4,0.1194923207006723
4193-IBKSW,3,"Established, Low-Spend, Low-Risk",72,24.75,0.002914614161967098
5377-NDTOU,1,"Established, High-Spend, Low-Risk",71,91.05,0.011583424645267487
5922-ABDVO,2,"New, High-Spend, High-Risk",19,89.65,0.6455690616590298
2474-LCNUE,2,"New, High-Spend, High-Risk",23,73.65,0.3582167710280025
0839-QNXME,3,"Established, Low-Spend, Low-Risk",30,19.4,0.01701889984759817
3506-OVLKD,3,"Established, Low-Spend, Low-Risk",35,26.2,0.03686679380411192
9172-ANCRX,2,"New, High-Spend, High-Risk",10,98.7,0.6780807312334681
6650-VJONK,4,"New, Low-Spend, High-Risk",1,43.85,0.43064401895600823
2178-PMGCJ,2,"New, High-Spend, High-Risk",22,69.7,0.46421170248851806
7492-TAFJD,4,"New, Low-Spend, High-Risk",7,38.55,0.09130301546626221
2773-MADBQ,3,"Established, Low-Spend, Low-Risk",36,53.1,0.03420925234849861
6016-LVTJQ,3,"Established, Low-Spend, Low-Risk",34,20.65,0.0455416730902309
7860-KSUGX,1,"Established, High-Spend, Low-Risk",72,64.45,0.0071421039691786595
8966-KZXXA,3,"Established, Low-Spend, Low-Risk",36,25.1,0.014746466480086037
6910-HADCM,2,"New, High-Spend, High-Risk",1,76.35,0.627040889185267
4816-LXZYW,2,"New, High-Spend, High-Risk",23,79.15,0.4946271380473146
9606-PBKBQ,2,"New, High-Spend, High-Risk",32,85.0,0.5955757822295811
5149-QYTTU,1,"Established, High-Spend, Low-Risk",71,95.15,0.035378253698182094
2070-XYMFH,2,"New, High-Spend, High-Risk",23,79.35,0.5783344923625113
2085-BOJKI,2,"New, High-Spend, High-Risk",17,96.65,0.4655876445293827
0817-HSUSE,2,"New, High-Spend, High-Risk",1,75.5,0.4452356873861831
5442-PPTJY,4,"New, Low-Spend, High-Risk",12,19.7,0.031200855590930828
1927-QEWMY,3,"Established, Low-Spend, Low-Risk",72,20.5,0.0025447979541170034
1663-MHLHE,4,"New, Low-Spend, High-Risk",1,19.2,0.21989076639586028
5663-QBGIS,1,"Established, High-Spend, Low-Risk",72,98.35,0.11764647457553892
4450-MDZFX,1,"Established, High-Spend, Low-Risk",60,74.35,0.2071355327213382
6701-DHKWQ,3,"Established, Low-Spend, Low-Risk",61,51.35,0.01625022347861038
7554-AKDQF,4,"New, Low-Spend, High-Risk",6,45.65,0.3811020849877156
3536-IQCTX,2,"New, High-Spend, High-Risk",32,85.3,0.5953929981183568
4911-BANWH,2,"New, High-Spend, High-Risk",31,86.55,0.4901721203915314
8496-EJAUI,2,"New, High-Spend, High-Risk",19,73.85,0.4583986145292428
0794-YVSGE,3,"Established, Low-Spend, Low-Risk",72,20.3,0.001963913117808881
5423-BHIXO,4,"New, Low-Spend, High-Risk",32,54.2,0.20342745995270317
6908-VVYHM,1,"Established, High-Spend, Low-Risk",65,90.65,0.27771032544163715
2959-EEXWB,3,"Established, Low-Spend, Low-Risk",45,50.9,0.16677234647392064
1839-UMACK,3,"Established, Low-Spend, Low-Risk",42,25.05,0.02662636576495568
3030-YDNRM,2,"New, High-Spend, High-Risk",8,74.85,0.6624228160705885
7321-KKSDU,3,"Established, Low-Spend, Low-Risk",32,20.5,0.012235683765785281
3402-XRIUO,4,"New, Low-Spend, High-Risk",22,63.55,0.16855765390633293
3132-TVFDZ,3,"Established, Low-Spend, Low-Risk",57,44.85,0.22819821264440926
8286-AFUYI,4,"New, Low-Spend, High-Risk",1,47.95,0.3233897288661812
8080-DDEMJ,4,"New, Low-Spend, High-Risk",1,45.1,0.47328760083288385
8356-WUAOJ,4,"New, Low-Spend, High-Risk",1,45.0,0.43013555855972346
6365-MTGZX,2,"New, High-Spend, High-Risk",24,96.0,0.5019642356524381
1349-WXNGG,4,"New, Low-Spend, High-Risk",1,20.05,0.21759151958373338
8058-DMYRU,1,"Established, High-Spend, Low-Risk",54,90.05,0.39225372682704995
9350-ZXYJC,4,"New, Low-Spend, High-Risk",4,25.3,0.07256677716479398
6990-YNRIO,1,"Established, High-Spend, Low-Risk",65,108.65,0.05306637169142874
8958-JPTRR,3,"Established, Low-Spend, Low-Risk",56,24.3,0.014613830026845218
6959-GQEGV,1,"Established, High-Spend, Low-Risk",45,75.95,0.13847829262032754
3173-WSSUE,3,"Established, Low-Spend, Low-Risk",71,19.7,0.0020706241918385386
1265-HVPZB,1,"Established, High-Spend, Low-Risk",59,66.4,0.029653182901722995
4115-UMJFQ,3,"Established, Low-Spend, Low-Risk",69,35.75,0.02616758053694768
7369-TRPFD,4,"New, Low-Spend, High-Risk",19,18.8,0.05370684183610649
1098-KFQEC,3,"Established, Low-Spend, Low-Risk",55,19.4,0.00433724305277462
7190-XHTWJ,3,"Established, Low-Spend, Low-Risk",38,19.3,0.023089602685134443
0621-TWIEM,4,"New, Low-Spend, High-Risk",10,45.55,0.3352632917194742
3537-RYBHH,1,"Established, High-Spend, Low-Risk",47,67.45,0.10266137896136228
2485-ITVKB,2,"New, High-Spend, High-Risk",2,35.1,0.6304608072311028
3669-OYSJI,4,"New, Low-Spend, High-Risk",1,46.2,0.42154811891639726
1612-EOHDH,4,"New, Low-Spend, High-Risk",1,45.15,0.4231108439089858
6702-OHFWR,2,"New, High-Spend, High-Risk",1,43.3,0.634149619701834
5296-BFCYD,3,"Established, Low-Spend, Low-Risk",46,20.1,0.006600648511798857
4510-PYUSH,3,"Established, Low-Spend, Low-Risk",38,57.15,0.09999723778736572
9359-JANWS,3,"Established, Low-Spend, Low-Risk",65,58.9,0.006288339343084164
7517-SAWMO,2,"New, High-Spend, High-Risk",19,73.2,0.39255588264062025
4143-HHPMK,1,"Established, High-Spend, Low-Risk",52,85.35,0.27517701941691586
3279-DYZQM,3,"Established, Low-Spend, Low-Risk",71,19.45,0.0020836137713230564
7054-LGEQW,4,"New, Low-Spend, High-Risk",1,45.95,0.42002302012539494
0523-VNGTF,3,"Established, Low-Spend, Low-Risk",52,50.5,0.12667903983431275
9575-IWCAZ,4,"New, Low-Spend, High-Risk",6,25.1,0.12766299645973161
7105-MXJLL,4,"New, Low-Spend, High-Risk",26,60.7,0.1708782258498661
7064-FRRSW,1,"Established, High-Spend, Low-Risk",48,99.0,0.34767057281924935
7940-UQQUG,1,"Established, High-Spend, Low-Risk",64,104.4,0.10302030474526008
0923-PNFUB,2,"New, High-Spend, High-Risk",3,83.75,0.6606748113623309
3961-SXAXY,4,"New, Low-Spend, High-Risk",1,44.05,0.4298679844638254
7010-BRBUU,3,"Established, Low-Spend, Low-Risk",72,24.1,0.00292331631879127
3566-HJGPK,4,"New, Low-Spend, High-Risk",1,45.55,0.4240589588813205
3062-ICYZQ,1,"Established, High-Spend, Low-Risk",51,93.8,0.2224019803206358
9938-PRCVK,3,"Established, Low-Spend, Low-Risk",41,19.7,0.008214714671882301
0973-KYVNF,1,"Established, High-Spend, Low-Risk",72,70.65,0.007202599978332911
5129-HHMZC,1,"Established, High-Spend, Low-Risk",43,86.45,0.03533268127273792
9637-CDTKZ,1,"Established, High-Spend, Low-Risk",72,114.1,0.051138474619367165
3946-JEWRQ,1,"Established, High-Spend, Low-Risk",47,95.2,0.34798146479544206
7873-CVMAW,1,"Established, High-Spend, Low-Risk",72,88.55,0.014674909781276942
0463-WZZKO,4,"New, Low-Spend, High-Risk",3,20.75,0.2006985141129333
3494-JCHRQ,2,"New, High-Spend, High-Risk",1,70.05,0.6476735244290885
6474-FVJLC,2,"New, High-Spend, High-Risk",2,86.0,0.7576837346217516
4524-QCSSM,4,"New, Low-Spend, High-Risk",26,44.65,0.24907953525081566
5832-EXGTT,4,"New, Low-Spend, High-Risk",29,60.2,0.14618314508833344
8840-DQLGN,1,"Established, High-Spend, Low-Risk",35,100.5,0.3511970498317092
2039-JONDJ,4,"New, Low-Spend, High-Risk",27,55.45,0.06198634191509617
7217-JYHOQ,4,"New, Low-Spend, High-Risk",24,70.3,0.10624129027211965
6695-FRVEC,3,"Established, Low-Spend, Low-Risk",67,60.4,0.004457914701362429
4547-LYTDD,2,"New, High-Spend, High-Risk",16,72.65,0.6053173143757242
9894-QMIMJ,4,"New, Low-Spend, High-Risk",23,55.8,0.1045303610349409
8069-YQQAJ,4,"New, Low-Spend, High-Risk",14,31.1,0.3842407737662751
6770-XUAGN,4,"New, Low-Spend, High-Risk",1,21.0,0.17795415996339728
4193-ORFCL,4,"New, Low-Spend, High-Risk",1,45.1,0.4707419491207343
1636-NTNCO,2,"New, High-Spend, High-Risk",4,50.95,0.6759256014533817
3466-WAESX,4,"New, Low-Spend, High-Risk",16,69.1,0.24178424287918798
9281-PKKZE,3,"Established, Low-Spend, Low-Risk",46,43.95,0.2746178811082396
3638-VBZTA,1,"Established, High-Spend, Low-Risk",68,86.5,0.01278852683159031
7459-IMVYU,1,"Established, High-Spend, Low-Risk",38,69.95,0.08148803140453735
7776-QWNFX,4,"New, Low-Spend, High-Risk",30,50.4,0.19649580167300434
6689-TCZHQ,2,"New, High-Spend, High-Risk",5,78.95,0.7191195425479416
8563-OYMQY,2,"New, High-Spend, High-Risk",17,90.95,0.537168955500171
0754-EEBDC,4,"New, Low-Spend, High-Risk",4,19.9,0.04420754571366135
5777-ZPQNC,4,"New, Low-Spend, High-Risk",12,20.15,0.07232842921696066
1951-IEYXM,1,"Established, High-Spend, Low-Risk",72,90.6,0.011565891829318057
3318-NMQXL,2,"New, High-Spend, High-Risk",3,92.0,0.7448010460781566
3143-ILDAL,1,"Established, High-Spend, Low-Risk",56,94.45,0.25081697373416073
1022-RKXDR,3,"Established, Low-Spend, Low-Risk",41,24.85,0.027847918499228647
2361-FJWNO,3,"Established, Low-Spend, Low-Risk",40,36.0,0.060236082036102055
2272-UOINI,2,"New, High-Spend, High-Risk",7,78.5,0.27195769765467626
8232-UTFOZ,3,"Established, Low-Spend, Low-Risk",69,19.95,0.00287472717983801
3750-YHRYO,4,"New, Low-Spend, High-Risk",7,20.65,0.07271696436283677
6637-KYRCV,4,"New, Low-Spend, High-Risk",5,30.5,0.4263281603570902
5668-MEISB,1,"Established, High-Spend, Low-Risk",72,106.1,0.02727846063386982
0129-QMPDR,3,"Established, Low-Spend, Low-Risk",44,20.5,0.013941077648263056
7188-CBBBA,1,"Established, High-Spend, Low-Risk",65,95.5,0.14912194786829536
5356-CSVSQ,2,"New, High-Spend, High-Risk",3,64.6,0.45123641173828655
3221-CJMSG,4,"New, Low-Spend, High-Risk",24,51.1,0.16388916017723715
4720-VSTSI,1,"Established, High-Spend, Low-Risk",44,84.8,0.33481622185359167
3219-JQRSL,1,"Established, High-Spend, Low-Risk",72,89.1,0.017817691637469355
2801-NISEI,4,"New, Low-Spend, High-Risk",24,54.95,0.11218072059362541
3946-MHCZW,4,"New, Low-Spend, High-Risk",1,50.9,0.4085007932467817
4623-ZKHLY,4,"New, Low-Spend, High-Risk",22,20.45,0.09763065412107792
6732-VAILE,1,"Established, High-Spend, Low-Risk",70,85.95,0.018218394376355026
8201-AAXCB,4,"New, Low-Spend, High-Risk",25,60.35,0.29787451525579806
7696-CFTAT,3,"Established, Low-Spend, Low-Risk",37,19.8,0.009954961890098302
1845-CSBRZ,2,"New, High-Spend, High-Risk",22,85.35,0.6215384926585239
2123-VSCOT,1,"Established, High-Spend, Low-Risk",59,72.1,0.01938736140886928
6651-AZVTJ,1,"Established, High-Spend, Low-Risk",49,99.8,0.4472056811869913
4566-GOLUK,1,"Established, High-Spend, Low-Risk",47,107.35,0.3743722985503057
2484-DGXPZ,3,"Established, Low-Spend, Low-Risk",31,19.55,0.05286721769317168
2018-QKYGT,2,"New, High-Spend, High-Risk",1,81.05,0.6542906189564408
2792-VPPET,4,"New, Low-Spend, High-Risk",3,20.5,0.20167987450619962
7409-JURKQ,1,"Established, High-Spend, Low-Risk",53,111.8,0.20596275270559447
3247-MHJKM,4,"New, Low-Spend, High-Risk",1,20.2,0.21718757676509345
1964-SVLEA,4,"New, Low-Spend, High-Risk",20,19.7,0.05191477825390104
4587-NUKOX,2,"New, High-Spend, High-Risk",3,79.1,0.47543795532595273
7297-DVYGA,3,"Established, Low-Spend, Low-Risk",51,19.85,0.01263342807031825
2239-CGBUZ,3,"Established, Low-Spend, Low-Risk",51,60.5,0.018482828210798257
0854-UYHZD,4,"New, Low-Spend, High-Risk",13,19.55,0.029528643368251783
7243-LCGGZ,4,"New, Low-Spend, High-Risk",1,20.9,0.21358892187530162
8267-KFGYD,4,"New, Low-Spend, High-Risk",1,21.05,0.17549241284240716
4890-VMUAV,1,"Established, High-Spend, Low-Risk",63,71.5,0.01701190287869264
9261-WDCAF,2,"New, High-Spend, High-Risk",3,54.65,0.47651155774425014
3764-MNMOI,3,"Established, Low-Spend, Low-Risk",46,19.2,0.00832300824339961
7442-YGZFK,2,"New, High-Spend, High-Risk",1,49.8,0.5038322467344257
0420-BWTPW,4,"New, Low-Spend, High-Risk",8,25.5,0.43051309895878803
8229-BUJHX,3,"Established, Low-Spend, Low-Risk",71,20.5,0.0020815531433119637
7449-HVPIV,1,"Established, High-Spend, Low-Risk",55,90.4,0.3220605959047706
5504-WSIUR,1,"Established, High-Spend, Low-Risk",70,90.25,0.06666515260031615
8183-ONMXC,2,"New, High-Spend, High-Risk",2,80.75,0.69508787867391
8466-PZBLH,1,"Established, High-Spend, Low-Risk",67,104.6,0.04976324189780713
9614-RMGHA,1,"Established, High-Spend, Low-Risk",65,91.85,0.2775685429169546
8735-IJJEG,4,"New, Low-Spend, High-Risk",14,50.2,0.29789568398541505
0564-MUUQK,2,"New, High-Spend, High-Risk",20,95.5,0.4757364872126354
5054-IEXZT,2,"New, High-Spend, High-Risk",1,75.35,0.5446544033791456
5834-ASPWA,2,"New, High-Spend, High-Risk",1,75.45,0.7134271662104582
0701-RFGFI,1,"Established, High-Spend, Low-Risk",49,95.4,0.4434294558759939
0019-EFAEP,1,"Established, High-Spend, Low-Risk",72,101.3,0.046432947949577065
5619-PTMIK,3,"Established, Low-Spend, Low-Risk",46,53.1,0.10207628049390391
3737-XBQDD,2,"New, High-Spend, High-Risk",24,84.85,0.48664854037851013
5882-CMAZQ,4,"New, Low-Spend, High-Risk",5,34.25,0.3336735232188827
5846-QFDFI,1,"Established, High-Spend, Low-Risk",33,88.6,0.27718204518052597
4445-KWOKW,3,"Established, Low-Spend, Low-Risk",42,60.15,0.048796883990557725
3511-APPBJ,2,"New, High-Spend, High-Risk",23,99.95,0.3177280450405303
7967-HYCDE,2,"New, High-Spend, High-Risk",8,70.7,0.5861068748464285
2430-RRYUW,3,"Established, Low-Spend, Low-Risk",66,54.8,0.01403451962113629
3948-XHGNA,4,"New, Low-Spend, High-Risk",24,49.55,0.15741579727022598
3723-BFBGR,4,"New, Low-Spend, High-Risk",24,54.8,0.29652199134147506
0565-IYCGT,1,"Established, High-Spend, Low-Risk",69,78.6,0.020253844955872374
5447-WZAFP,1,"Established, High-Spend, Low-Risk",53,100.3,0.20168807070465938
5110-CHOPY,3,"Established, Low-Spend, Low-Risk",60,53.6,0.03221048823604758
5445-UTODQ,2,"New, High-Spend, High-Risk",7,81.1,0.6676481233313976
4425-OWHWB,4,"New, Low-Spend, High-Risk",20,19.35,0.051875326341709806
7892-QVYKW,2,"New, High-Spend, High-Risk",23,85.6,0.5531128805541189
9675-ICXCT,1,"Established, High-Spend, Low-Risk",72,80.8,0.008687589771255366
1024-VRZHF,2,"New, High-Spend, High-Risk",11,74.95,0.6459533535517816
4703-MQYKT,4,"New, Low-Spend, High-Risk",21,19.6,0.025706559891120136
9497-QCMMS,2,"New, High-Spend, High-Risk",1,93.55,0.844368210340291
5692-ICXLW,2,"New, High-Spend, High-Risk",31,90.7,0.5708184375206151
0602-DDUML,1,"Established, High-Spend, Low-Risk",57,69.75,0.016197920506952235
2208-MPXIO,3,"Established, Low-Spend, Low-Risk",45,20.0,0.006807965482998132
1960-UYCNN,2,"New, High-Spend, High-Risk",10,95.25,0.6673849532064583
0348-SDKOL,1,"Established, High-Spend, Low-Risk",58,102.1,0.3589134567396232
3190-FZATL,4,"New, Low-Spend, High-Risk",14,19.95,0.10591639800583949
7336-RLLRH,1,"Established, High-Spend, Low-Risk",27,80.85,0.12777875564078586
4373-MAVJG,2,"New, High-Spend, High-Risk",14,90.9,0.5887120979200021
8901-HJXTF,4,"New, Low-Spend, High-Risk",12,29.2,0.35453630448334555
7710-JSYOA,1,"Established, High-Spend, Low-Risk",69,93.3,0.04195943154110073
5419-KLXBN,2,"New, High-Spend, High-Risk",25,89.15,0.42368207237326266
3424-NMNBO,1,"Established, High-Spend, Low-Risk",58,108.85,0.21233440011802174
9885-MFVSU,3,"Established, Low-Spend, Low-Risk",35,46.35,0.033316547039358206
4514-GFCFI,2,"New, High-Spend, High-Risk",16,84.75,0.7117171329271161
0607-MVMGC,1,"Established, High-Spend, Low-Risk",45,78.75,0.10950421454284948
3365-SAIGS,2,"New, High-Spend, High-Risk",17,83.55,0.5481032638173131
9828-AOQLM,4,"New, Low-Spend, High-Risk",1,45.7,0.36726161163108567
8022-BECSI,4,"New, Low-Spend, High-Risk",22,19.6,0.04729990016925007
8000-REIQB,2,"New, High-Spend, High-Risk",1,69.95,0.688315365126976
9993-LHIEB,1,"Established, High-Spend, Low-Risk",67,67.85,0.00699038152549902
0266-CLZKZ,1,"Established, High-Spend, Low-Risk",67,105.65,0.0693031008501205
7615-ESMYF,2,"New, High-Spend, High-Risk",2,44.6,0.6969425541751254
3858-VOBET,2,"New, High-Spend, High-Risk",23,74.95,0.5392844235817073
7020-OZKXZ,2,"New, High-Spend, High-Risk",9,75.5,0.608445670607149
3977-QCRSL,4,"New, Low-Spend, High-Risk",5,20.15,0.18653812463276917
0017-DINOC,3,"Established, Low-Spend, Low-Risk",54,45.2,0.019780143920421496
1447-PJGGA,1,"Established, High-Spend, Low-Risk",57,95.25,0.11689903055905247
8565-CLBZW,2,"New, High-Spend, High-Risk",24,89.85,0.6059443298612569
9139-WQQDY,1,"Established, High-Spend, Low-Risk",49,100.45,0.25189084804600176
0224-HJAPT,4,"New, Low-Spend, High-Risk",5,47.15,0.4732273417538566
8086-OVPWV,2,"New, High-Spend, High-Risk",2,80.2,0.700075830398496
9430-FRQOC,2,"New, High-Spend, High-Risk",4,87.1,0.513836772958708
7639-OPLNG,1,"Established, High-Spend, Low-Risk",70,79.25,0.008623422807161496
3074-GQWYX,2,"New, High-Spend, High-Risk",5,75.9,0.6820090515784584
1492-QGCLU,1,"Established, High-Spend, Low-Risk",53,85.7,0.09338676664765953
6845-RGTYS,1,"Established, High-Spend, Low-Risk",47,98.75,0.3011746591827379
7328-OWMOM,3,"Established, Low-Spend, Low-Risk",31,20.1,0.024328734317475544
4418-LZMSV,4,"New, Low-Spend, High-Risk",13,61.8,0.16039004311295219
5155-AZQPB,4,"New, Low-Spend, High-Risk",28,49.9,0.21497112852110078
8861-HGGKB,2,"New, High-Spend, High-Risk",10,86.45,0.7027317310339083
1087-GRUYI,3,"Established, Low-Spend, Low-Risk",38,20.4,0.012074911031260191
7065-YUNRY,4,"New, Low-Spend, High-Risk",1,45.3,0.42253141155851104
7694-VLBWQ,1,"Established, High-Spend, Low-Risk",67,104.1,0.20971937538741547
2546-KZAAT,1,"Established, High-Spend, Low-Risk",52,75.4,0.05260108579149453
0181-RITDD,1,"Established, High-Spend, Low-Risk",62,108.15,0.038085466394639535
5989-PGKJB,2,"New, High-Spend, High-Risk",16,86.25,0.5463815450246156
4795-KTRTH,2,"New, High-Spend, High-Risk",5,81.0,0.6895714174370448
8272-ONJLV,2,"New, High-Spend, High-Risk",12,95.7,0.5043517946418099
1488-PBLJN,1,"Established, High-Spend, Low-Risk",72,116.85,0.0413523425575523
0308-GIQJT,1,"Established, High-Spend, Low-Risk",71,105.75,0.15829051837855215
3778-FOAQW,4,"New, Low-Spend, High-Risk",24,20.15,0.043557607605691454
4452-ROHMO,4,"New, Low-Spend, High-Risk",15,19.6,0.03373787531195291
6481-OGDOO,1,"Established, High-Spend, Low-Risk",67,90.6,0.07122396495699569
3090-LETTY,4,"New, Low-Spend, High-Risk",2,60.95,0.2817240621731151
5349-AZPEW,4,"New, Low-Spend, High-Risk",5,25.05,0.4690251757433597
3753-TSEMP,2,"New, High-Spend, High-Risk",15,88.15,0.6861834823445778
8305-VHZBZ,4,"New, Low-Spend, High-Risk",1,20.2,0.21718757676509345
9720-JJJOR,3,"Established, Low-Spend, Low-Risk",41,60.3,0.02971231794036512
8100-HZZLJ,3,"Established, Low-Spend, Low-Risk",43,63.95,0.07795963684966989
8775-ERLNB,2,"New, High-Spend, High-Risk",1,74.3,0.7592720384493448
8309-IEYJD,2,"New, High-Spend, High-Risk",1,70.6,0.6861038033766482
9172-JITSM,2,"New, High-Spend, High-Risk",26,90.8,0.5348446409601341
6298-QDFNH,2,"New, High-Spend, High-Risk",22,79.35,0.5118369886985737
7398-HPYZQ,1,"Established, High-Spend, Low-Risk",71,90.55,0.01547049359765858
3546-GHEAE,4,"New, Low-Spend, High-Risk",7,19.45,0.04862683561456889
7361-YPXFS,4,"New, Low-Spend, High-Risk",28,64.45,0.19444130987871458
6557-BZXLQ,2,"New, High-Spend, High-Risk",16,69.65,0.5639486309770891
2550-QHZGP,4,"New, Low-Spend, High-Risk",7,19.5,0.09058365283540587
7519-JTWQH,1,"Established, High-Spend, Low-Risk",69,110.5,0.0766868137809089
2538-OIMXF,4,"New, Low-Spend, High-Risk",1,24.7,0.5089197871437992
8543-MSDMF,2,"New, High-Spend, High-Risk",3,77.4,0.4051971310423857
9961-JBNMK,2,"New, High-Spend, High-Risk",21,96.8,0.6622639120585796
1170-SASML,1,"Established, High-Spend, Low-Risk",69,85.4,0.1817221746461718
4872-JCVCA,3,"Established, Low-Spend, Low-Risk",71,47.6,0.00601790216886954
5346-BZCHP,3,"Established, Low-Spend, Low-Risk",69,19.4,0.0022673330896238624
2038-LLMLM,1,"Established, High-Spend, Low-Risk",48,103.85,0.4183417582651502
6173-ITPWD,1,"Established, High-Spend, Low-Risk",47,83.35,0.3240933010409225
9734-UYXQI,4,"New, Low-Spend, High-Risk",2,49.4,0.4932822032002539
1216-BGTSP,1,"Established, High-Spend, Low-Risk",45,108.45,0.34708706607336237
4138-NAXED,1,"Established, High-Spend, Low-Risk",51,81.0,0.2805321867921069
2189-UXTKY,2,"New, High-Spend, High-Risk",22,79.2,0.2700242928588314
0744-BIKKF,1,"Established, High-Spend, Low-Risk",72,86.65,0.014692411225269913
7483-IQWIB,2,"New, High-Spend, High-Risk",37,92.95,0.41844994703223803
5248-KWLAR,1,"Established, High-Spend, Low-Risk",71,90.35,0.01191015093176757
4958-GZWIY,4,"New, Low-Spend, High-Risk",7,48.7,0.30971659045168753
7996-MHXLW,3,"Established, Low-Spend, Low-Risk",66,25.15,0.0047640095284300485
7833-PKIHD,1,"Established, High-Spend, Low-Risk",51,76.4,0.03468025424427724
7061-OVMIM,3,"Established, Low-Spend, Low-Risk",30,19.55,0.02655236488921394
5153-RTHKF,2,"New, High-Spend, High-Risk",34,85.35,0.5305832022536028
1852-QSWCD,3,"Established, Low-Spend, Low-Risk",64,24.8,0.004126171970385759
4832-VRBMR,1,"Established, High-Spend, Low-Risk",65,103.15,0.2551717042332955
9079-LWTFD,1,"Established, High-Spend, Low-Risk",47,100.75,0.22871600852773324
6356-ELRKD,2,"New, High-Spend, High-Risk",1,95.6,0.6622918652142973
8624-GIOUT,3,"Established, Low-Spend, Low-Risk",49,59.75,0.07928566697999863
3392-EHMNK,1,"Established, High-Spend, Low-Risk",67,94.1,0.04548235271600537
5986-WWXDV,3,"Established, Low-Spend, Low-Risk",39,19.35,0.017418659191038206
3061-BCKYI,4,"New, Low-Spend, High-Risk",14,19.9,0.13267901183794664
6179-GJPSO,1,"Established, High-Spend, Low-Risk",43,108.15,0.2838734553788399
7901-TBKJX,1,"Established, High-Spend, Low-Risk",56,101.05,0.49636988179982133
7228-PAQPD,4,"New, Low-Spend, High-Risk",14,59.1,0.15494454740363292
3177-LASXD,2,"New, High-Spend, High-Risk",1,71.35,0.6406155067415891
7746-QYVCO,4,"New, Low-Spend, High-Risk",16,55.85,0.07411396822276753
5804-HYIEZ,1,"Established, High-Spend, Low-Risk",70,106.05,0.21237130112141966
9919-FZDED,1,"Established, High-Spend, Low-Risk",72,84.1,0.024984001507147406
5934-TSSAU,2,"New, High-Spend, High-Risk",23,75.3,0.3885720333221082
3486-KHMLI,4,"New, Low-Spend, High-Risk",21,24.7,0.10605569279293321
4897-QSUYC,4,"New, Low-Spend, High-Risk",1,20.15,0.2155897422187683
1084-UQCHV,2,"New, High-Spend, High-Risk",1,69.75,0.5895178776340219
8290-YWKHZ,2,"New, High-Spend, High-Risk",32,93.2,0.6795583152304949
2955-BJZHG,2,"New, High-Spend, High-Risk",17,80.85,0.5326459861006475
3806-DXQOM,4,"New, Low-Spend, High-Risk",4,33.65,0.38414320821343706
6784-XYJAE,3,"Established, Low-Spend, Low-Risk",36,55.8,0.10060148579450831
3933-DQPWX,3,"Established, Low-Spend, Low-Risk",50,39.7,0.02063541290997583
6661-EIPZC,3,"Established, Low-Spend, Low-Risk",48,29.5,0.08137522116626748
8957-THMOA,3,"Established, Low-Spend, Low-Risk",50,20.15,0.005240888596704531
2251-PYLPB,1,"Established, High-Spend, Low-Risk",72,79.55,0.009967520746246293
5555-RNPGT,4,"New, Low-Spend, High-Risk",10,24.8,0.1638623936363067
1057-FOGLZ,4,"New, Low-Spend, High-Risk",18,19.65,0.11278246389524514
9300-RENDD,2,"New, High-Spend, High-Risk",1,79.95,0.7103475087523081
0761-AETCS,4,"New, Low-Spend, High-Risk",1,19.3,0.2178737268521399
8087-LGYHQ,2,"New, High-Spend, High-Risk",9,94.05,0.7051403772206635
4137-BTIKL,2,"New, High-Spend, High-Risk",2,90.75,0.6618811771784155
2190-BCXEC,1,"Established, High-Spend, Low-Risk",40,78.85,0.3144126467200876
6227-FBDXH,1,"Established, High-Spend, Low-Risk",69,99.5,0.2138320643245408
2153-MREFK,1,"Established, High-Spend, Low-Risk",37,99.2,0.1792003341104045
2911-WDXMV,2,"New, High-Spend, High-Risk",18,80.55,0.5061069789581333
7206-PQBBZ,2,"New, High-Spend, High-Risk",11,70.2,0.6183935403711042
3106-ULWFW,2,"New, High-Spend, High-Risk",8,85.2,0.724002559217569
0925-VYDLG,2,"New, High-Spend, High-Risk",3,75.25,0.6983728862935532
4547-FZJWE,3,"Established, Low-Spend, Low-Risk",55,59.45,0.02820551616982726
7422-WNBTY,2,"New, High-Spend, High-Risk",33,93.35,0.508183400733148
0842-IWYCP,3,"Established, Low-Spend, Low-Risk",46,44.95,0.10654876603582174
3521-HTQTV,3,"Established, Low-Spend, Low-Risk",34,26.1,0.020209129843468624
3744-ZBHON,4,"New, Low-Spend, High-Risk",3,20.2,0.20043611229915478
3373-DIUUN,3,"Established, Low-Spend, Low-Risk",30,21.25,0.013753644474184862
8383-SGHJU,3,"Established, Low-Spend, Low-Risk",33,59.4,0.05504084035454141
7607-QKKTJ,1,"Established, High-Spend, Low-Risk",45,95.0,0.20829910486870684
7707-PYBBH,3,"Established, Low-Spend, Low-Risk",40,61.9,0.057015217620262994
8984-HPEMB,1,"Established, High-Spend, Low-Risk",71,118.65,0.0523243860773298
4349-GFQHK,2,"New, High-Spend, High-Risk",1,54.35,0.49099060868482997
4139-DETXS,1,"Established, High-Spend, Low-Risk",72,64.45,0.01034180767746454
9779-DPNEJ,2,"New, High-Spend, High-Risk",22,80.15,0.48647419351534815
9805-FILKB,3,"Established, Low-Spend, Low-Risk",46,20.2,0.012627600479492808
5793-YOLJN,3,"Established, Low-Spend, Low-Risk",55,21.0,0.004343386851977128
0673-IGUQO,4,"New, Low-Spend, High-Risk",1,20.45,0.21651554345848126
4123-FCVCB,4,"New, Low-Spend, High-Risk",12,75.85,0.2663883609143292
8819-IMISP,2,"New, High-Spend, High-Risk",31,80.45,0.4314541015193382
7802-EFKNY,4,"New, Low-Spend, High-Risk",5,24.95,0.5334559506664351
8311-UEUAB,1,"Established, High-Spend, Low-Risk",67,75.5,0.021579150914854205
5858-EAFCZ,4,"New, Low-Spend, High-Risk",1,44.45,0.4283169526719429
8035-BUYVG,3,"Established, Low-Spend, Low-Risk",40,42.35,0.05778356286637812
1163-ONYEY,1,"Established, High-Spend, Low-Risk",41,74.55,0.11752027332632352
9787-XVQIU,2,"New, High-Spend, High-Risk",1,75.3,0.7139123431225506
8945-MUQUF,1,"Established, High-Spend, Low-Risk",51,94.8,0.15339836309156682
5656-MJEFC,3,"Established, Low-Spend, Low-Risk",42,48.15,0.025570798760467493
6082-OQFBA,4,"New, Low-Spend, High-Risk",23,19.65,0.036394279652974613
8051-HJRLT,2,"New, High-Spend, High-Risk",1,70.55,0.686274225640034
8974-OVACP,4,"New, Low-Spend, High-Risk",1,20.15,0.2155897422187683
4010-YLMVT,1,"Established, High-Spend, Low-Risk",56,106.6,0.3206033216335428
1379-FRVEB,2,"New, High-Spend, High-Risk",15,91.0,0.5849859087431833
8612-GXIDD,4,"New, Low-Spend, High-Risk",12,25.4,0.04201983662799284
6288-CHQJB,1,"Established, High-Spend, Low-Risk",54,69.95,0.010936041113287987
8160-HOWOX,2,"New, High-Spend, High-Risk",7,66.85,0.5000813159449691
3023-GFLBR,2,"New, High-Spend, High-Risk",33,86.15,0.47160927066774644
6648-INWPS,4,"New, Low-Spend, High-Risk",16,20.15,0.10015976977714068
4223-BKEOR,4,"New, Low-Spend, High-Risk",21,64.85,0.0900385977752735
4079-VTGLK,1,"Established, High-Spend, Low-Risk",30,74.85,0.15239925556114173
1763-WQFUK,4,"New, Low-Spend, High-Risk",3,50.5,0.3103278445108132
1391-UBDAR,2,"New, High-Spend, High-Risk",11,72.9,0.5592732481980072
8894-JVDCV,1,"Established, High-Spend, Low-Risk",62,115.05,0.11976276028720412
2023-VQFDL,4,"New, Low-Spend, High-Risk",18,19.0,0.11393962360615888
1345-GKDZZ,4,"New, Low-Spend, High-Risk",6,19.55,0.14771427708660406
2014-MKGMH,1,"Established, High-Spend, Low-Risk",46,101.1,0.33977604917407805
5628-FCGYG,2,"New, High-Spend, High-Risk",21,84.1,0.6331812142562722
2560-WBWXF,3,"Established, Low-Spend, Low-Risk",68,24.15,0.004252839373107213
0248-IPDFW,2,"New, High-Spend, High-Risk",1,50.1,0.500091514399244
7978-DKUQH,2,"New, High-Spend, High-Risk",25,74.6,0.43259737075807986
4335-UPJSI,4,"New, Low-Spend, High-Risk",24,19.75,0.017503194202317787
0524-IAVZO,2,"New, High-Spend, High-Risk",30,85.0,0.570027453199078
2737-YNGYW,2,"New, High-Spend, High-Risk",2,80.55,0.6968765670124892
1784-EZDKJ,1,"Established, High-Spend, Low-Risk",51,106.8,0.29103063944560986
9297-FVVDH,1,"Established, High-Spend, Low-Risk",57,84.5,0.020862974791584298
8007-YYPWD,4,"New, Low-Spend, High-Risk",15,25.05,0.045411001428891436
7101-HRBLJ,1,"Established, High-Spend, Low-Risk",72,83.7,0.008084208764275212
5159-YFPKQ,2,"New, High-Spend, High-Risk",2,75.8,0.6214824726958057
6635-CPNUN,2,"New, High-Spend, High-Risk",28,96.6,0.5405865798780997
4021-RQSNY,2,"New, High-Spend, High-Risk",29,98.5,0.7036192207427641
5453-YBTWV,1,"Established, High-Spend, Low-Risk",70,101.1,0.019601620832042074
5039-LZRQT,4,"New, Low-Spend, High-Risk",13,20.2,0.06913379418052729
2931-VUVJN,1,"Established, High-Spend, Low-Risk",59,94.05,0.0749919915419887
9061-TIHDA,2,"New, High-Spend, High-Risk",13,95.25,0.7903458998665928
8699-ASUFO,2,"New, High-Spend, High-Risk",7,74.4,0.7192472159897584
6418-PIQSP,1,"Established, High-Spend, Low-Risk",62,81.0,0.015486450694901722
8220-OCUFY,4,"New, Low-Spend, High-Risk",21,60.25,0.05914487780290691
3995-WFCSM,2,"New, High-Spend, High-Risk",2,60.85,0.4627941914064245
1895-QTKDO,4,"New, Low-Spend, High-Risk",1,43.95,0.4277537923958202
2038-OEQZH,2,"New, High-Spend, High-Risk",4,86.05,0.6683054249095479
1178-PZGAB,4,"New, Low-Spend, High-Risk",19,20.25,0.053138004982893554
7927-AUXBZ,2,"New, High-Spend, High-Risk",30,85.15,0.38521896407387796
2626-VEEWG,3,"Established, Low-Spend, Low-Risk",67,19.4,0.0025001538305757663
2878-RMWXY,1,"Established, High-Spend, Low-Risk",72,102.65,0.0589570274518806
1657-DYMBM,3,"Established, Low-Spend, Low-Risk",53,19.9,0.006208205849581542
7311-MQJCH,4,"New, Low-Spend, High-Risk",5,19.55,0.0977254179014575
7375-WMVMT,1,"Established, High-Spend, Low-Risk",71,95.5,0.04257943448801272
1136-XGEQU,1,"Established, High-Spend, Low-Risk",50,84.15,0.06544076646025473
2530-FMFXO,1,"Established, High-Spend, Low-Risk",56,103.2,0.10226792611497994
6844-DZKRF,4,"New, Low-Spend, High-Risk",2,50.2,0.32049734143868175
4695-WJZUE,2,"New, High-Spend, High-Risk",2,88.55,0.7865991752326419
7619-ODSGN,4,"New, Low-Spend, High-Risk",24,54.75,0.17216768915521855
5970-GHJAW,3,"Established, Low-Spend, Low-Risk",46,19.95,0.006513129656944811
8879-XUAHX,1,"Established, High-Spend, Low-Risk",71,116.25,0.057165106748577166
3689-MOZGR,4,"New, Low-Spend, High-Risk",29,31.2,0.20222846616296397
4195-PNGZS,3,"Established, Low-Spend, Low-Risk",69,24.45,0.0033689335238807918
5003-XZWWO,1,"Established, High-Spend, Low-Risk",71,84.2,0.02292357679636008
3988-RQIXO,2,"New, High-Spend, High-Risk",1,91.3,0.7904701560770998
7622-FWGEW,1,"Established, High-Spend, Low-Risk",56,85.65,0.020831957330433776
6922-NCEDI,3,"Established, Low-Spend, Low-Risk",56,21.2,0.00798076011922081
2514-GINMM,2,"New, High-Spend, High-Risk",1,79.5,0.711810874984523
9891-NQDBD,3,"Established, Low-Spend, Low-Risk",28,25.55,0.050062626501761284
6131-IUNXN,4,"New, Low-Spend, High-Risk",19,20.2,0.08712824123261582
8548-AWOFC,1,"Established, High-Spend, Low-Risk",66,63.85,0.07774621157186885
9798-DRYDS,4,"New, Low-Spend, High-Risk",17,61.95,0.11160094195260521
8532-UEFWH,3,"Established, Low-Spend, Low-Risk",52,25.75,0.007162461062913394
6296-DDOOR,4,"New, Low-Spend, High-Risk",19,58.2,0.16516527866502106
7951-VRDVK,1,"Established, High-Spend, Low-Risk",36,85.85,0.058190148483081246
5931-FLJJF,2,"New, High-Spend, High-Risk",7,70.1,0.6475148319084563
4815-YOSUK,1,"Established, High-Spend, Low-Risk",72,104.9,0.0516284904323941
2659-VXMWZ,1,"Established, High-Spend, Low-Risk",67,111.3,0.11984030707337774
0380-NEAVX,1,"Established, High-Spend, Low-Risk",34,99.85,0.35378197164232456
3207-OYBWH,1,"Established, High-Spend, Low-Risk",57,95.25,0.3727758492742171
4285-GYRQC,2,"New, High-Spend, High-Risk",7,86.25,0.6542620456310331
7216-EWTRS,2,"New, High-Spend, High-Risk",1,100.8,0.833843627451408
4365-MSDYN,4,"New, Low-Spend, High-Risk",8,19.55,0.17239789715269066
7036-TYDEC,1,"Established, High-Spend, Low-Risk",69,104.0,0.08466544244812624
5802-ADBRC,1,"Established, High-Spend, Low-Risk",50,104.4,0.23720257964447614
8076-FEZKJ,4,"New, Low-Spend, High-Risk",10,19.5,0.08037409937986889
5197-YPYBZ,4,"New, Low-Spend, High-Risk",12,25.25,0.04138212585217238
8337-MSSXB,2,"New, High-Spend, High-Risk",14,86.3,0.5627556438648877
4312-GVYNH,3,"Established, Low-Spend, Low-Risk",70,49.85,0.010236837795438169
8495-LJDFO,1,"Established, High-Spend, Low-Risk",64,108.95,0.2768003367763975
0839-JTCUD,1,"Established, High-Spend, Low-Risk",66,89.9,0.01410604570802736
5494-WOZRZ,1,"Established, High-Spend, Low-Risk",71,82.0,0.009392665286035244
1302-UHBDD,2,"New, High-Spend, High-Risk",20,89.95,0.6752133104849085
2234-EOFPT,1,"Established, High-Spend, Low-Risk",72,79.35,0.01023250378600213
8619-IJNDK,1,"Established, High-Spend, Low-Risk",71,64.05,0.0034746075710319394
8378-LKJAF,2,"New, High-Spend, High-Risk",38,101.15,0.5316559050599343
8182-BJDSI,2,"New, High-Spend, High-Risk",28,89.95,0.5456756320932523
2528-HFYZX,2,"New, High-Spend, High-Risk",17,76.45,0.5175424892680188
1153-GNOLC,4,"New, Low-Spend, High-Risk",33,39.1,0.15700704496553758
3298-QEICA,4,"New, Low-Spend, High-Risk",23,34.6,0.039199893764120454
0788-DXBFY,3,"Established, Low-Spend, Low-Risk",58,19.55,0.007402649301498937
3597-YASZG,1,"Established, High-Spend, Low-Risk",70,104.45,0.09393633776942052
3496-LFSZU,2,"New, High-Spend, High-Risk",4,70.5,0.6281318166815189
5242-UOWHD,3,"Established, Low-Spend, Low-Risk",45,20.35,0.006901279608446984
2482-CZGBB,2,"New, High-Spend, High-Risk",10,70.0,0.5739217773493899
6479-SZPLM,3,"Established, Low-Spend, Low-Risk",36,19.45,0.010586405136817434
8097-VBQTZ,1,"Established, High-Spend, Low-Risk",54,69.9,0.05055653878934801
4500-HKANN,4,"New, Low-Spend, High-Risk",23,59.7,0.04527448703457043
9917-KWRBE,1,"Established, High-Spend, Low-Risk",41,78.35,0.0571525075977593
3420-ZDBMA,2,"New, High-Spend, High-Risk",5,71.45,0.6549062926961735
2212-LYASK,4,"New, Low-Spend, High-Risk",27,45.85,0.1518135330689648
1393-IMKZG,2,"New, High-Spend, High-Risk",1,95.85,0.6747715617890965
8069-RHUXK,3,"Established, Low-Spend, Low-Risk",67,35.7,0.006247875657850421
3398-GCPMU,1,"Established, High-Spend, Low-Risk",72,89.55,0.014092987875901233
2908-WGAXL,3,"Established, Low-Spend, Low-Risk",56,24.95,0.006030776611884544
3378-AJRAO,3,"Established, Low-Spend, Low-Risk",44,24.85,0.01967928864250571
1013-QCWAM,1,"Established, High-Spend, Low-Risk",66,100.8,0.4059603896381035
0866-QLSIR,3,"Established, Low-Spend, Low-Risk",34,64.4,0.04569205249316467
6050-FFXES,1,"Established, High-Spend, Low-Risk",69,105.35,0.08860796663510724
7181-BQYBV,2,"New, High-Spend, High-Risk",1,102.45,0.6790088642586026
0362-RAOQO,3,"Established, Low-Spend, Low-Risk",40,19.65,0.010862634638231436
9554-DFKIC,4,"New, Low-Spend, High-Risk",30,54.45,0.14002361133048652
5527-ACHSO,2,"New, High-Spend, High-Risk",11,70.5,0.37402342737760935
0829-DDVLK,4,"New, Low-Spend, High-Risk",15,20.1,0.06337497586689049
1399-UBQIU,2,"New, High-Spend, High-Risk",11,69.35,0.4608917893560523
1813-JLKWR,3,"Established, Low-Spend, Low-Risk",64,19.8,0.005668720023617972
0336-PIKEI,1,"Established, High-Spend, Low-Risk",72,74.4,0.008229161854409289
7322-OCWHC,1,"Established, High-Spend, Low-Risk",72,93.05,0.02786846354697824
9537-VHDTA,4,"New, Low-Spend, High-Risk",1,51.2,0.258937258848102
4957-TIALW,4,"New, Low-Spend, High-Risk",15,65.6,0.04981076736773976
2054-PJOCK,1,"Established, High-Spend, Low-Risk",60,80.55,0.06653222905580668
9150-HEPMB,3,"Established, Low-Spend, Low-Risk",56,52.7,0.024277387889058442
9030-QGZNL,4,"New, Low-Spend, High-Risk",8,20.85,0.044887463305555146
6204-IEUXJ,2,"New, High-Spend, High-Risk",3,80.1,0.5136559102959627
3126-WQMGH,3,"Established, Low-Spend, Low-Risk",49,52.15,0.13123603544644413
4529-CKBCL,2,"New, High-Spend, High-Risk",2,80.2,0.6998183347038408
2506-CLAKW,2,"New, High-Spend, High-Risk",6,98.15,0.4081187566786331
7176-WRTNX,1,"Established, High-Spend, Low-Risk",70,114.95,0.05023165770994679
1583-IHQZE,2,"New, High-Spend, High-Risk",12,112.95,0.6224320657434697
5732-IKGQH,1,"Established, High-Spend, Low-Risk",52,104.45,0.14965738143602927
9239-GZHZE,1,"Established, High-Spend, Low-Risk",72,113.65,0.05138394922576521
7205-BAIAD,3,"Established, Low-Spend, Low-Risk",40,20.6,0.010693464763233839
0151-ONTOV,2,"New, High-Spend, High-Risk",1,70.9,0.6422537452189685
4140-MUHUG,2,"New, High-Spend, High-Risk",3,86.85,0.7146188093655018
0093-EXYQL,2,"New, High-Spend, High-Risk",40,91.55,0.529294451066283
8064-RAVOH,4,"New, Low-Spend, High-Risk",1,49.85,0.3531661510412782
0219-QAERP,3,"Established, Low-Spend, Low-Risk",30,19.8,0.03387245113043225
0320-JDNQG,2,"New, High-Spend, High-Risk",23,99.85,0.35931041412475306
7180-PISOG,2,"New, High-Spend, High-Risk",1,74.5,0.6686009099230923
9168-INPSZ,2,"New, High-Spend, High-Risk",44,104.15,0.4975211146519113
3571-RFHAR,1,"Established, High-Spend, Low-Risk",65,109.15,0.2824709094334811
0015-UOCOJ,4,"New, Low-Spend, High-Risk",7,48.2,0.3097981359557568
5334-AFQJB,3,"Established, Low-Spend, Low-Risk",72,25.1,0.00441169655563639
2754-SDJRD,2,"New, High-Spend, High-Risk",8,100.15,0.7429265466099445
9578-VRMNM,2,"New, High-Spend, High-Risk",16,65.2,0.41616075407770625
1587-FKLZB,1,"Established, High-Spend, Low-Risk",66,99.5,0.38737047659028345
6140-QNRQQ,2,"New, High-Spend, High-Risk",1,71.55,0.6422367408762409
8963-JLGJT,4,"New, Low-Spend, High-Risk",3,55.9,0.23606787558626907
4307-KTUMW,1,"Established, High-Spend, Low-Risk",53,93.9,0.29455848753963565
1465-LNTLJ,4,"New, Low-Spend, High-Risk",8,64.4,0.37423989379389383
5440-FLBQG,1,"Established, High-Spend, Low-Risk",69,108.4,0.09490699684153504
2135-DQWAQ,2,"New, High-Spend, High-Risk",5,85.3,0.6404537269613
4056-QHXHZ,1,"Established, High-Spend, Low-Risk",72,107.45,0.04351787752248058
7470-MCQTK,2,"New, High-Spend, High-Risk",13,48.75,0.585574200377691
7488-MXJIV,2,"New, High-Spend, High-Risk",4,85.65,0.7472779646940657
7401-JIXNM,1,"Established, High-Spend, Low-Risk",54,91.3,0.020329847611025353
9339-FIIJL,1,"Established, High-Spend, Low-Risk",72,85.95,0.02210827817475316
2027-FECZV,2,"New, High-Spend, High-Risk",12,106.7,0.7122088377797344
2672-DZUOY,4,"New, Low-Spend, High-Risk",1,25.15,0.5720889425306421
4706-DGAHW,4,"New, Low-Spend, High-Risk",1,45.2,0.4728930303033081
3870-MQAMG,1,"Established, High-Spend, Low-Risk",54,110.35,0.2044178157686725
6670-MFRPK,1,"Established, High-Spend, Low-Risk",69,79.2,0.0439589342659861
6177-PEVRA,3,"Established, Low-Spend, Low-Risk",48,55.5,0.01449824173082486
4800-CZMPC,1,"Established, High-Spend, Low-Risk",48,103.25,0.18896790827433407
4813-HQMGZ,2,"New, High-Spend, High-Risk",8,90.25,0.6397583642302133
7579-KKLOE,1,"Established, High-Spend, Low-Risk",71,91.25,0.012412400958258117
7377-DMMRI,4,"New, Low-Spend, High-Risk",2,47.8,0.31500096193505817
8402-EIVQS,1,"Established, High-Spend, Low-Risk",67,100.9,0.10486886931106731
4947-DSMXK,2,"New, High-Spend, High-Risk",34,97.7,0.5381349965898311
7245-NIIWQ,2,"New, High-Spend, High-Risk",3,69.85,0.6291291201848568
0002-ORFBO,4,"New, Low-Spend, High-Risk",9,65.6,0.13130571090029405
3324-OIRTO,1,"Established, High-Spend, Low-Risk",71,104.65,0.0745273798145946
5414-OFQCB,1,"Established, High-Spend, Low-Risk",57,90.45,0.08477712395608439
4967-WPNCF,1,"Established, High-Spend, Low-Risk",72,63.7,0.013033584148673002
8552-OBVRU,1,"Established, High-Spend, Low-Risk",48,104.5,0.2441420811957327
8499-BRXTD,4,"New, Low-Spend, High-Risk",18,20.1,0.05661035173921129
9154-QDGTH,1,"Established, High-Spend, Low-Risk",43,104.3,0.23859016994387253
8197-BFWVU,1,"Established, High-Spend, Low-Risk",72,93.25,0.011564241575435346
2577-GVSIL,1,"Established, High-Spend, Low-Risk",35,73.45,0.1228006437968693
9367-OIUXP,4,"New, Low-Spend, High-Risk",4,20.7,0.19304477914270796
6770-UAYGJ,3,"Established, Low-Spend, Low-Risk",49,25.25,0.008073802716964978
6463-HHXJR,1,"Established, High-Spend, Low-Risk",71,100.5,0.03793464860767586
7928-VJYAB,2,"New, High-Spend, High-Risk",11,90.6,0.6512975102930186
1187-WILMM,1,"Established, High-Spend, Low-Risk",63,89.4,0.01545678301422028
9776-OJUZI,1,"Established, High-Spend, Low-Risk",65,95.45,0.3147399414413324
1306-RPWXZ,3,"Established, Low-Spend, Low-Risk",49,20.45,0.005547228765147233
8949-JTMAY,2,"New, High-Spend, High-Risk",29,98.6,0.6500534396184735
2774-LVQUS,2,"New, High-Spend, High-Risk",15,83.05,0.5572856332409655
3097-PYWXL,4,"New, Low-Spend, High-Risk",4,19.95,0.16088007077888347
2266-SJNAT,1,"Established, High-Spend, Low-Risk",72,109.15,0.1364902985222811
0869-PAPRP,2,"New, High-Spend, High-Risk",26,85.7,0.5484717567271604
4238-JSSWH,2,"New, High-Spend, High-Risk",35,102.05,0.6433573718495643
2972-YDYUW,1,"Established, High-Spend, Low-Risk",57,94.7,0.13687342366331873
1104-FEJAM,4,"New, Low-Spend, High-Risk",28,64.4,0.24974968091015504
2809-ILCYT,4,"New, Low-Spend, High-Risk",25,26.8,0.05739559726515207
5499-ECUTN,1,"Established, High-Spend, Low-Risk",47,66.05,0.047787730065913706
4981-FLTMF,1,"Established, High-Spend, Low-Risk",57,65.2,0.03415457786283429
9121-PHQSR,2,"New, High-Spend, High-Risk",16,85.05,0.7199489632123587
3113-IWHLC,4,"New, Low-Spend, High-Risk",5,55.8,0.26948109580468477
3211-ILJTT,2,"New, High-Spend, High-Risk",17,70.4,0.5163219472024451
4612-THJBS,1,"Established, High-Spend, Low-Risk",56,104.75,0.2785076965673271
4277-BWBML,3,"Established, Low-Spend, Low-Risk",72,19.95,0.0019423793464567573
4094-NSEDU,2,"New, High-Spend, High-Risk",21,94.25,0.7427175788270864
0234-TEVTT,3,"Established, Low-Spend, Low-Risk",48,45.0,0.05341075315018442
4304-TSPVK,1,"Established, High-Spend, Low-Risk",68,114.9,0.057674803177323486
1552-AAGRX,2,"New, High-Spend, High-Risk",30,106.4,0.4389002380822202
2637-FKFSY,4,"New, Low-Spend, High-Risk",3,46.1,0.40569660289792436
9796-MVYXX,4,"New, Low-Spend, High-Risk",14,39.7,0.08208231551395634
7874-ECPQJ,4,"New, Low-Spend, High-Risk",4,20.05,0.1572161504015667
0020-INWCK,1,"Established, High-Spend, Low-Risk",71,95.75,0.0563634747616039
7089-RKVSZ,4,"New, Low-Spend, High-Risk",8,24.4,0.09482411372386092
2683-JXWQQ,3,"Established, Low-Spend, Low-Risk",61,33.6,0.04619789360084771
9548-ZMVTX,1,"Established, High-Spend, Low-Risk",72,90.45,0.026704938744254548
8739-XNIKG,2,"New, High-Spend, High-Risk",5,84.0,0.7468862942412042
9755-JHNMN,1,"Established, High-Spend, Low-Risk",49,67.4,0.009669200637237918
3981-QSVQI,4,"New, Low-Spend, High-Risk",8,19.7,0.16856551894775934
2789-HQBOU,2,"New, High-Spend, High-Risk",3,80.35,0.692161219976835
9424-CMPOG,4,"New, Low-Spend, High-Risk",9,19.6,0.03572459068329182
5067-WJEUN,3,"Established, Low-Spend, Low-Risk",67,54.2,0.0059714451198724545
3450-WXOAT,3,"Established, Low-Spend, Low-Risk",46,45.2,0.10504716679651141
9251-WNSOD,1,"Established, High-Spend, Low-Risk",67,75.1,0.031249215175180114
6974-DAFLI,3,"Established, Low-Spend, Low-Risk",55,19.7,0.010971583573433369
2616-UUTFK,1,"Established, High-Spend, Low-Risk",33,72.75,0.18932608733427606
7064-JHXCE,3,"Established, Low-Spend, Low-Risk",62,20.05,0.0031687408141830783
5103-MHMHY,4,"New, Low-Spend, High-Risk",1,45.95,0.36024905487898834
7989-AWGEH,3,"Established, Low-Spend, Low-Risk",49,39.2,0.10311119326201001
4373-VVHQL,4,"New, Low-Spend, High-Risk",1,44.75,0.4271546007462108
4559-UWIHT,2,"New, High-Spend, High-Risk",14,82.65,0.5815665003551523
7268-IGMFD,2,"New, High-Spend, High-Risk",18,93.9,0.6074993511778294
1846-XWOQN,2,"New, High-Spend, High-Risk",1,70.15,0.68763579245826
0235-KGSLC,2,"New, High-Spend, High-Risk",1,85.55,0.6939957647774702
6650-BWFRT,1,"Established, High-Spend, Low-Risk",72,117.15,0.052871013210983565
9570-KYEUA,1,"Established, High-Spend, Low-Risk",64,99.25,0.048210302687292886
6993-YGFJV,1,"Established, High-Spend, Low-Risk",69,112.55,0.05710939500078596
2712-SYWAY,4,"New, Low-Spend, High-Risk",1,25.7,0.27077974092710716
0730-BGQGF,1,"Established, High-Spend, Low-Risk",71,90.3,0.011824860131052963
5498-IBWPI,3,"Established, Low-Spend, Low-Risk",66,49.4,0.013493772568400505
9101-NTIXF,4,"New, Low-Spend, High-Risk",2,19.4,0.21193355815707124
0013-SMEOE,1,"Established, High-Spend, Low-Risk",71,109.7,0.045420252944570846
9314-QDMDW,4,"New, Low-Spend, High-Risk",11,61.25,0.21044374089799017
9308-ANMVE,3,"Established, Low-Spend, Low-Risk",47,55.3,0.04882265127883682
2884-GBPFB,2,"New, High-Spend, High-Risk",35,70.3,0.35524618401026115
3757-NJYBX,2,"New, High-Spend, High-Risk",32,106.35,0.6463233386902107
3413-DHLPB,1,"Established, High-Spend, Low-Risk",60,103.75,0.2600330564443742
7649-PHJVR,4,"New, Low-Spend, High-Risk",11,19.5,0.0767354057098748
6114-TCFID,3,"Established, Low-Spend, Low-Risk",29,39.5,0.06201119139965895
3787-TRIAL,4,"New, Low-Spend, High-Risk",21,26.05,0.30071787608060735
2573-GYRUU,1,"Established, High-Spend, Low-Risk",48,91.05,0.4677533771576861
5156-UMKOW,4,"New, Low-Spend, High-Risk",3,29.65,0.44398277822066784
1247-QBVSH,3,"Established, Low-Spend, Low-Risk",43,50.2,0.08481459650306226
6734-GMPVK,2,"New, High-Spend, High-Risk",5,105.3,0.7562628158942902
9822-OAOVB,2,"New, High-Spend, High-Risk",1,55.45,0.48886424859803873
6161-ERDGD,1,"Established, High-Spend, Low-Risk",71,85.45,0.027254323149870578
1226-JZNKR,4,"New, Low-Spend, High-Risk",8,19.8,0.06974553167142282
7318-EIVKO,2,"New, High-Spend, High-Risk",8,59.25,0.509407202097404
3771-PZOBW,2,"New, High-Spend, High-Risk",20,90.7,0.6310986327346974
5136-KCKGI,1,"Established, High-Spend, Low-Risk",33,103.7,0.283724657694588
8231-BSWXX,1,"Established, High-Spend, Low-Risk",71,79.05,0.08597159659339033
6486-LHTMA,2,"New, High-Spend, High-Risk",31,90.7,0.4154062258834046
4083-BFNYK,1,"Established, High-Spend, Low-Risk",38,95.0,0.244413724283838
3722-WPXTK,2,"New, High-Spend, High-Risk",1,88.35,0.7672079747659492
7389-KBFIT,4,"New, Low-Spend, High-Risk",2,30.25,0.459237830534045
7176-WIONM,2,"New, High-Spend, High-Risk",12,49.85,0.5926847901449703
5141-ZUVBH,2,"New, High-Spend, High-Risk",9,93.0,0.3696989845475327
1089-HDMKP,4,"New, Low-Spend, High-Risk",11,54.55,0.21004120980272636
7623-HKYRK,4,"New, Low-Spend, High-Risk",6,19.7,0.14695887548583592
0310-SUCIN,1,"Established, High-Spend, Low-Risk",71,84.8,0.020627781853687074
5197-PYEPU,1,"Established, High-Spend, Low-Risk",42,94.45,0.15733645939720536
2929-ERCFZ,2,"New, High-Spend, High-Risk",8,94.2,0.6631104177811294
7548-SEPYI,2,"New, High-Spend, High-Risk",5,96.25,0.7005162653634495
8835-VSDSE,2,"New, High-Spend, High-Risk",2,70.7,0.6408933878398161
6619-RPLQZ,3,"Established, Low-Spend, Low-Risk",45,20.85,0.006724553954646855
3275-RHRNE,4,"New, Low-Spend, High-Risk",28,60.0,0.14257064303773048
3503-TYDAY,1,"Established, High-Spend, Low-Risk",43,80.45,0.3409222393842914
6901-GOGZG,1,"Established, High-Spend, Low-Risk",60,84.95,0.018095883641974814
1623-NLDOT,3,"Established, Low-Spend, Low-Risk",42,33.55,0.05843610633421911
7021-XSNYE,4,"New, Low-Spend, High-Risk",7,49.65,0.09266259336477876
9621-OUPYD,4,"New, Low-Spend, High-Risk",25,20.2,0.041904461425860316
9898-KZQDZ,2,"New, High-Spend, High-Risk",40,94.55,0.5561636992701458
8982-NHAVY,2,"New, High-Spend, High-Risk",27,100.5,0.4722494748423045
4307-KWMXE,4,"New, Low-Spend, High-Risk",10,35.75,0.3352668323094238
0141-YEAYS,2,"New, High-Spend, High-Risk",27,86.45,0.5065682229680738
2450-ZKEED,4,"New, Low-Spend, High-Risk",11,53.8,0.13084156557606966
3694-DELSO,4,"New, Low-Spend, High-Risk",4,38.55,0.44458359722897156
3893-JRNFS,3,"Established, Low-Spend, Low-Risk",68,39.9,0.09199222152760633
9603-OAIHC,2,"New, High-Spend, High-Risk",1,70.05,0.6901641834033461
1133-KXCGE,4,"New, Low-Spend, High-Risk",18,20.1,0.056125886446833285
5236-PERKL,1,"Established, High-Spend, Low-Risk",57,112.95,0.10039724854843854
0142-GVYSN,4,"New, Low-Spend, High-Risk",26,20.3,0.08008142217370551
1049-FYSYG,4,"New, Low-Spend, High-Risk",17,35.65,0.3518148480629224
7854-FOKSF,2,"New, High-Spend, High-Risk",1,35.9,0.6338389861614664
2519-FAKOD,2,"New, High-Spend, High-Risk",38,99.25,0.523163952755557
8406-LNMHF,1,"Established, High-Spend, Low-Risk",59,82.95,0.07567464947716007
1821-BUCWY,3,"Established, Low-Spend, Low-Risk",30,55.65,0.03245393330561282
8263-JQAIK,4,"New, Low-Spend, High-Risk",2,24.45,0.6101499606179279
0023-UYUPN,3,"Established, Low-Spend, Low-Risk",50,25.2,0.02363576120702686
8314-DPQHL,4,"New, Low-Spend, High-Risk",9,50.8,0.18751463360958226
1465-WCZVT,4,"New, Low-Spend, High-Risk",3,19.65,0.16782279787294588
9481-SFCQY,4,"New, Low-Spend, High-Risk",14,59.8,0.3054757936749168
6360-SVNWV,2,"New, High-Spend, High-Risk",31,73.55,0.3223112334327279
0567-GGCAC,4,"New, Low-Spend, High-Risk",7,61.4,0.22140692976498155
7089-IVVAZ,2,"New, High-Spend, High-Risk",8,103.35,0.6012545689606611
8884-MRNSU,4,"New, Low-Spend, High-Risk",17,19.9,0.047416730363312294
2171-UDMFD,3,"Established, Low-Spend, Low-Risk",32,19.45,0.05112529445641487
9050-IKDZA,2,"New, High-Spend, High-Risk",2,81.5,0.7351962576315013
2205-YMZZJ,2,"New, High-Spend, High-Risk",7,84.8,0.7679117691530796
9802-CAQUT,1,"Established, High-Spend, Low-Risk",72,109.55,0.05635406486971072
1254-IZEYF,2,"New, High-Spend, High-Risk",31,99.95,0.6519816705433522
0187-WZNAB,4,"New, Low-Spend, High-Risk",27,74.4,0.2692895845888871
9492-TOKRI,2,"New, High-Spend, High-Risk",18,90.0,0.6153770048242031
1475-VWVDO,2,"New, High-Spend, High-Risk",7,74.9,0.5837716739717232
9221-OTIVJ,2,"New, High-Spend, High-Risk",14,104.85,0.745688093418252
1357-MVDOZ,4,"New, Low-Spend, High-Risk",11,59.65,0.34049625366176844
7602-MVRMB,1,"Established, High-Spend, Low-Risk",72,110.45,0.04584244131549338
3325-FUYCG,1,"Established, High-Spend, Low-Risk",28,106.1,0.27915092406327263
5908-QMGOE,2,"New, High-Spend, High-Risk",15,74.2,0.6553651010377877
1197-BVMVG,2,"New, High-Spend, High-Risk",4,74.45,0.7320668341623807
5406-KGRMX,3,"Established, Low-Spend, Low-Risk",71,24.55,0.003769261541939327
8481-YYXWG,2,"New, High-Spend, High-Risk",5,89.35,0.5426114788529551
5968-HYJRZ,3,"Established, Low-Spend, Low-Risk",47,24.55,0.009017626114226044
5198-EFNBM,1,"Established, High-Spend, Low-Risk",57,90.65,0.16479246897723301
7516-GMHUV,1,"Established, High-Spend, Low-Risk",50,105.05,0.15884253054084863
7140-ADSMJ,4,"New, Low-Spend, High-Risk",8,20.45,0.1666908934662628
2230-XTUWL,3,"Established, Low-Spend, Low-Risk",48,19.55,0.005895221477915227
7706-YLMQA,3,"Established, Low-Spend, Low-Risk",70,19.7,0.005261368196682494
2585-KTFRE,4,"New, Low-Spend, High-Risk",1,70.45,0.20659726490413696
7994-UYIVZ,2,"New, High-Spend, High-Risk",8,85.65,0.7259596725079499
2609-IAICY,2,"New, High-Spend, High-Risk",1,77.15,0.7057776065704594
1740-CSDJP,2,"New, High-Spend, High-Risk",1,35.25,0.6362235414081483
7717-BICXI,3,"Established, Low-Spend, Low-Risk",60,20.55,0.003433174200557666
6559-RAKOZ,1,"Established, High-Spend, Low-Risk",49,97.95,0.21705366809616705
2636-OHFMN,2,"New, High-Spend, High-Risk",4,48.55,0.6471518751306943
4716-MRVEN,3,"Established, Low-Spend, Low-Risk",29,20.0,0.03438446731130818
2143-LJULT,3,"Established, Low-Spend, Low-Risk",67,25.25,0.004692496714807921
1323-OOEPC,1,"Established, High-Spend, Low-Risk",53,98.4,0.44868812082497467
3200-MNQTF,1,"Established, High-Spend, Low-Risk",67,70.9,0.007562148196339114
6164-HXUGH,4,"New, Low-Spend, High-Risk",6,19.85,0.14889369751979448
5630-IXDXV,1,"Established, High-Spend, Low-Risk",47,106.35,0.4749612162983545
0320-DWVTU,1,"Established, High-Spend, Low-Risk",53,99.5,0.04053851402136195
9135-MGVPY,1,"Established, High-Spend, Low-Risk",69,84.7,0.011442678857182222
1212-GLHMD,2,"New, High-Spend, High-Risk",3,86.05,0.5800031392342205
7878-JGDKK,4,"New, Low-Spend, High-Risk",4,44.55,0.4002916199838784
1088-AUUZZ,1,"Established, High-Spend, Low-Risk",56,75.85,0.012953022272778284
0397-GZBBC,1,"Established, High-Spend, Low-Risk",59,93.85,0.48778643169692465
6614-YWYSC,3,"Established, Low-Spend, Low-Risk",61,25.0,0.0074123783306407395
9588-OZDMQ,4,"New, Low-Spend, High-Risk",2,45.0,0.4201261364654556
7641-EUYET,1,"Established, High-Spend, Low-Risk",46,100.7,0.2952029201421289
6476-EPYZR,4,"New, Low-Spend, High-Risk",12,20.5,0.1173866753240784
9921-ZVRHG,2,"New, High-Spend, High-Risk",14,80.45,0.598238904750846
1174-FGIFN,1,"Established, High-Spend, Low-Risk",28,90.45,0.25535958895964195
6620-HVDUJ,4,"New, Low-Spend, High-Risk",24,60.45,0.09695787122298714
4701-MLJPN,4,"New, Low-Spend, High-Risk",31,55.25,0.12631540648018058
1032-MAELW,1,"Established, High-Spend, Low-Risk",68,78.45,0.01684929223991903
7641-TQFHN,1,"Established, High-Spend, Low-Risk",39,100.55,0.1493658310306151
1552-TKMXS,3,"Established, Low-Spend, Low-Risk",42,20.35,0.04080558863514571
9206-GVPEQ,4,"New, Low-Spend, High-Risk",13,54.45,0.38497248391098626
8622-ZLFKO,2,"New, High-Spend, High-Risk",6,90.75,0.7021574967652415
1596-BBVTG,2,"New, High-Spend, High-Risk",35,75.35,0.4359157217143132
6188-UXBBR,3,"Established, Low-Spend, Low-Risk",38,20.25,0.02363055175601825
2333-KWEWW,4,"New, Low-Spend, High-Risk",18,20.05,0.029565707001478328
5702-SKUOB,4,"New, Low-Spend, High-Risk",4,19.6,0.19905189735298287
1134-YWTYF,4,"New, Low-Spend, High-Risk",27,53.8,0.13393235770283968
6061-GWWAV,1,"Established, High-Spend, Low-Risk",41,70.2,0.04130118207491734
0679-TDGAK,1,"Established, High-Spend, Low-Risk",50,75.5,0.03737170811271818
6585-WCEWR,3,"Established, Low-Spend, Low-Risk",72,20.35,0.001942955014641767
9067-YGSCA,3,"Established, Low-Spend, Low-Risk",70,26.05,0.00780114325890914
9067-SQTNS,3,"Established, Low-Spend, Low-Risk",44,20.6,0.014098179967517579
8433-WXGNA,2,"New, High-Spend, High-Risk",2,75.7,0.5247179859970399
1776-SPBWV,3,"Established, Low-Spend, Low-Risk",34,20.1,0.021949734545443494
8735-SDUFN,3,"Established, Low-Spend, Low-Risk",72,24.3,0.004529988314325785
9668-PUGNU,3,"Established, Low-Spend, Low-Risk",71,24.5,0.0039934895513374
9405-GPBBG,1,"Established, High-Spend, Low-Risk",64,110.5,0.08964161353356696
1926-QUZNN,3,"Established, Low-Spend, Low-Risk",72,25.25,0.00373414901980953
3707-GNWHM,2,"New, High-Spend, High-Risk",1,74.25,0.7172947550163444
7016-NVRIC,1,"Established, High-Spend, Low-Risk",29,90.1,0.2576527782395714
5829-NVSQN,4,"New, Low-Spend, High-Risk",23,68.75,0.07888938303111798
9565-AXSMR,3,"Established, Low-Spend, Low-Risk",52,19.2,0.005080164027955969
8922-LIEGH,2,"New, High-Spend, High-Risk",25,89.7,0.6076679517607813
8869-LIHMK,1,"Established, High-Spend, Low-Risk",64,115.1,0.061250390327854884
8245-UMPYT,2,"New, High-Spend, High-Risk",16,96.4,0.767548689758227
5186-SAMNZ,2,"New, High-Spend, High-Risk",1,69.5,0.6920227153325788
0447-RXSGD,2,"New, High-Spend, High-Risk",24,99.65,0.6542402028094428
4927-WWOOZ,2,"New, High-Spend, High-Risk",2,91.45,0.7534899978832105
5788-YPOEG,1,"Established, High-Spend, Low-Risk",34,84.75,0.026558567449558316
5373-SFODM,2,"New, High-Spend, High-Risk",36,85.25,0.5709063873651145
0661-KBKPA,1,"Established, High-Spend, Low-Risk",53,78.75,0.06497797566109935
9081-WWXKP,3,"Established, Low-Spend, Low-Risk",47,20.25,0.0061168829672792885
0784-ZQJZX,3,"Established, Low-Spend, Low-Risk",72,19.9,0.0019785034973460918
3133-PZNSR,1,"Established, High-Spend, Low-Risk",72,97.75,0.026374964655227807
5766-ZJYBB,4,"New, Low-Spend, High-Risk",1,19.4,0.21934820169791658
8931-GJJIQ,2,"New, High-Spend, High-Risk",9,83.3,0.7222175783408596
4277-PVRAN,2,"New, High-Spend, High-Risk",8,80.1,0.6589520890553856
0022-TCJCI,3,"Established, Low-Spend, Low-Risk",45,62.7,0.06141215647052499
0722-SVSFK,2,"New, High-Spend, High-Risk",7,100.4,0.6239567247524281
3612-YVGSJ,3,"Established, Low-Spend, Low-Risk",71,24.45,0.0038449500351254583
9825-YCXWZ,1,"Established, High-Spend, Low-Risk",41,101.1,0.2530402331530695
5397-NSKQG,3,"Established, Low-Spend, Low-Risk",67,50.9,0.019096390890728232
8565-HBFNN,1,"Established, High-Spend, Low-Risk",69,107.2,0.06969247957136063
2000-DHJUY,1,"Established, High-Spend, Low-Risk",70,92.2,0.01922025816920752
0203-HHYIJ,4,"New, Low-Spend, High-Risk",25,25.3,0.057166731128666354
8670-ERCJH,1,"Established, High-Spend, Low-Risk",72,113.4,0.051207380858092934
7758-UJWYS,3,"Established, Low-Spend, Low-Risk",34,40.55,0.05257505357091552
2050-ONYDQ,3,"Established, Low-Spend, Low-Risk",65,26.0,0.003925125014350515
7055-JCGNI,1,"Established, High-Spend, Low-Risk",70,111.95,0.05296826323536433
0739-UUAJR,3,"Established, Low-Spend, Low-Risk",72,53.8,0.016549355434819904
4826-DXMUP,1,"Established, High-Spend, Low-Risk",35,72.1,0.08356197596556202
0952-KMEEH,2,"New, High-Spend, High-Risk",13,98.15,0.6608871786803744
7285-KLOTR,4,"New, Low-Spend, High-Risk",12,78.85,0.2554620999471601
0654-PQKDW,1,"Established, High-Spend, Low-Risk",62,70.75,0.015584545972795462
7175-NTIXE,4,"New, Low-Spend, High-Risk",25,76.15,0.18864327232696648
7963-SHNDT,3,"Established, Low-Spend, Low-Risk",52,39.1,0.01267341632926017
9796-BPKIW,2,"New, High-Spend, High-Risk",8,69.95,0.6350545157191029
0188-GWFLE,4,"New, Low-Spend, High-Risk",2,20.05,0.20960091627892874
8129-GMVGI,3,"Established, Low-Spend, Low-Risk",56,20.05,0.004088152215001978
2882-DDZPG,4,"New, Low-Spend, High-Risk",12,19.45,0.14288980847791852
3547-LQRIK,3,"Established, Low-Spend, Low-Risk",47,26.9,0.02186493640158583
9137-NOQKA,4,"New, Low-Spend, High-Risk",2,19.2,0.2458454572561343
5843-TTHGI,4,"New, Low-Spend, High-Risk",18,50.0,0.260191208460191
1849-RJYIG,4,"New, Low-Spend, High-Risk",8,60.0,0.3193897020283921
8868-GAGIO,1,"Established, High-Spend, Low-Risk",45,84.55,0.26349306966930214
4061-UKJWL,4,"New, Low-Spend, High-Risk",3,45.45,0.4049146272347255
5380-XPJNZ,3,"Established, Low-Spend, Low-Risk",38,20.05,0.022455852266916917
8263-QMNTJ,1,"Established, High-Spend, Low-Risk",72,115.55,0.0535616912199615
8178-EYZUO,1,"Established, High-Spend, Low-Risk",46,93.7,0.3006777703184789
3230-JCNZS,1,"Established, High-Spend, Low-Risk",71,99.0,0.039069542903457107
0277-ORXQS,3,"Established, Low-Spend, Low-Risk",66,50.55,0.02177534280115
5130-IEKQT,2,"New, High-Spend, High-Risk",25,105.95,0.6796534705221503
3230-WYKIR,4,"New, Low-Spend, High-Risk",18,82.0,0.22059684605496097
7996-BPXHY,4,"New, Low-Spend, High-Risk",13,25.0,0.0400476465975547
3227-WLKLI,1,"Established, High-Spend, Low-Risk",65,91.55,0.01445935602500025
0407-BDJKB,1,"Established, High-Spend, Low-Risk",60,95.75,0.3125576330809985
2266-FUBDZ,4,"New, Low-Spend, High-Risk",15,19.35,0.027197009694026098
8237-ULIXL,3,"Established, Low-Spend, Low-Risk",72,24.85,0.0037825935124144983
9600-UDOPK,2,"New, High-Spend, High-Risk",30,94.05,0.6555414500452659
8216-AZUUZ,1,"Established, High-Spend, Low-Risk",42,100.4,0.10398686786867395
9153-BTBVV,3,"Established, Low-Spend, Low-Risk",71,25.0,0.0038694267143646196
4074-SJFFA,2,"New, High-Spend, High-Risk",1,54.75,0.49163320520900095
3269-ATYWD,2,"New, High-Spend, High-Risk",39,95.65,0.6269497727322225
5186-PEIZU,3,"Established, Low-Spend, Low-Risk",35,19.25,0.05384535082525924
1074-AMIOH,1,"Established, High-Spend, Low-Risk",53,108.25,0.24042713852016506
4910-GMJOT,2,"New, High-Spend, High-Risk",1,94.6,0.8133919355892898
0354-WYROK,2,"New, High-Spend, High-Risk",31,98.9,0.43857907647913497
4361-FEBGN,3,"Established, Low-Spend, Low-Risk",48,20.15,0.007534826676888318
7748-UMTRK,2,"New, High-Spend, High-Risk",30,101.3,0.5300234486785051
0380-ZCSBI,4,"New, Low-Spend, High-Risk",10,20.0,0.1550854885089661
7145-FEJWU,2,"New, High-Spend, High-Risk",12,105.3,0.6618172920729224
6463-MVYRY,1,"Established, High-Spend, Low-Risk",57,69.85,0.014878364796981932
3969-JQABI,1,"Established, High-Spend, Low-Risk",58,65.25,0.06124584829704487
9624-EGDEQ,3,"Established, Low-Spend, Low-Risk",37,19.8,0.012541666586942932
1051-EQPZR,3,"Established, Low-Spend, Low-Risk",44,19.6,0.028835622194999546
5849-ASHZJ,3,"Established, Low-Spend, Low-Risk",27,20.05,0.029705526793051853
5780-INQIK,4,"New, Low-Spend, High-Risk",8,49.4,0.27128285242268807
7576-OYWBN,2,"New, High-Spend, High-Risk",3,76.05,0.7363010834669631
4526-ZJJTM,2,"New, High-Spend, High-Risk",25,88.4,0.529316165627299
8384-FZBJK,1,"Established, High-Spend, Low-Risk",57,100.6,0.3551593811664075
3750-RNQKR,4,"New, Low-Spend, High-Risk",12,19.45,0.1433804507765343
0962-CQPWQ,3,"Established, Low-Spend, Low-Risk",62,20.3,0.0031455695862441014
3096-YXENJ,1,"Established, High-Spend, Low-Risk",65,107.65,0.09165915106358732
1265-BCFEO,1,"Established, High-Spend, Low-Risk",71,80.45,0.024821547191893528
5837-LXSDN,4,"New, Low-Spend, High-Risk",21,58.85,0.12778153171713694
5945-AZYHT,1,"Established, High-Spend, Low-Risk",71,109.6,0.13730937954704742
8325-QRPZR,2,"New, High-Spend, High-Risk",7,75.15,0.5820954913459873
6384-VMJHP,1,"Established, High-Spend, Low-Risk",72,73.0,0.006465776974113839
2262-SLNVK,2,"New, High-Spend, High-Risk",1,70.1,0.6451579601361284
7730-CLDSV,1,"Established, High-Spend, Low-Risk",72,98.65,0.03957551811970053
1135-HIORI,1,"Established, High-Spend, Low-Risk",64,111.45,0.13697715744195857
0164-APGRB,1,"Established, High-Spend, Low-Risk",72,114.9,0.053009907283208355
6481-ESCNL,2,"New, High-Spend, High-Risk",29,100.55,0.6402402194785419
1790-NESIO,4,"New, Low-Spend, High-Risk",13,20.4,0.03620621244419114
1550-EENBN,2,"New, High-Spend, High-Risk",31,104.35,0.49375960338011693
5539-TMZLF,2,"New, High-Spend, High-Risk",1,69.75,0.6911786947505852
4323-SADQS,4,"New, Low-Spend, High-Risk",7,34.5,0.2569979441730749
4446-BZKHU,1,"Established, High-Spend, Low-Risk",61,105.55,0.3887007379846124
5202-IVJNU,3,"Established, Low-Spend, Low-Risk",39,30.1,0.1527682682683124
5976-JCJRH,2,"New, High-Spend, High-Risk",10,70.3,0.5790849759474075
8198-RKSZG,2,"New, High-Spend, High-Risk",14,80.45,0.33373838887738133
0137-OCGAB,2,"New, High-Spend, High-Risk",1,80.2,0.6753425656817261
3351-NQLDI,1,"Established, High-Spend, Low-Risk",67,94.35,0.06415371009473053
9297-EONCV,1,"Established, High-Spend, Low-Risk",72,91.35,0.014909854768657386
7593-JNWRU,4,"New, Low-Spend, High-Risk",6,44.6,0.32678757610667936
4588-YBNIB,4,"New, Low-Spend, High-Risk",1,19.6,0.21706562673688964
1069-QJOEE,4,"New, Low-Spend, High-Risk",25,19.9,0.03335402345111752
3336-JORSO,2,"New, High-Spend, High-Risk",33,110.45,0.5361704682571738
7799-DSEWS,4,"New, Low-Spend, High-Risk",18,68.35,0.17865317266171388
8766-PAFNE,1,"Established, High-Spend, Low-Risk",71,79.1,0.01563115443437505
5315-CKEQK,4,"New, Low-Spend, High-Risk",28,51.0,0.1332576720658536
3130-ICDUP,2,"New, High-Spend, High-Risk",2,80.55,0.5368909184709818
0820-FNRNX,4,"New, Low-Spend, High-Risk",17,66.7,0.1857983701592638
0880-FVFWF,1,"Established, High-Spend, Low-Risk",56,86.4,0.18288353484547007
4611-ANLQC,3,"Established, Low-Spend, Low-Risk",60,50.05,0.03725269831832026
4213-HKBJO,3,"Established, Low-Spend, Low-Risk",33,25.7,0.020485382242261842
2792-LSHWX,2,"New, High-Spend, High-Risk",1,83.4,0.39295966813982114
5028-GZLDO,2,"New, High-Spend, High-Risk",2,70.7,0.6371360604123628
0014-BMAQU,1,"Established, High-Spend, Low-Risk",63,84.65,0.03323964482242908
6861-XWTWQ,2,"New, High-Spend, High-Risk",7,99.25,0.8123675329838341
9018-PCIOK,1,"Established, High-Spend, Low-Risk",55,64.75,0.02491652825529066
4837-QUSFT,1,"Established, High-Spend, Low-Risk",65,100.15,0.08060439565850816
6877-TJMBR,2,"New, High-Spend, High-Risk",1,84.8,0.6254650871145477
9953-ZMKSM,3,"Established, Low-Spend, Low-Risk",63,25.25,0.00544125213721252
0907-HQNTS,1,"Established, High-Spend, Low-Risk",70,113.0,0.06652724605764218
7665-NKLAV,3,"Established, Low-Spend, Low-Risk",36,40.65,0.022410388946468348
6769-DCQLI,1,"Established, High-Spend, Low-Risk",52,105.0,0.1575975792366373
2433-KMEAS,4,"New, Low-Spend, High-Risk",22,54.45,0.2168421488928067
4391-LNRXK,2,"New, High-Spend, High-Risk",22,94.95,0.4040676227482939
8250-ZNGGW,4,"New, Low-Spend, High-Risk",5,59.9,0.20965043195612745
2195-ZRVAX,1,"Established, High-Spend, Low-Risk",47,85.3,0.3437488503531017
3550-SAHFP,2,"New, High-Spend, High-Risk",33,83.35,0.53968563613391
2011-TRQYE,4,"New, Low-Spend, High-Risk",18,33.5,0.3423160908750213
8562-GHPPI,4,"New, Low-Spend, High-Risk",1,19.8,0.21652809803627543
5893-PYOLZ,1,"Established, High-Spend, Low-Risk",56,81.8,0.02473595020767617
4986-MXSFP,4,"New, Low-Spend, High-Risk",2,20.0,0.20829835834037672
6131-FOYAS,3,"Established, Low-Spend, Low-Risk",35,59.6,0.14227983056204485
3027-YNWZU,3,"Established, Low-Spend, Low-Risk",64,25.0,0.005308072108387707
5609-IMCGG,2,"New, High-Spend, High-Risk",15,84.35,0.48501827689946336
4873-ILOLJ,2,"New, High-Spend, High-Risk",24,90.35,0.6123074259876675
4727-MCYZG,2,"New, High-Spend, High-Risk",1,55.55,0.49102131252666775
9481-WHGWY,1,"Established, High-Spend, Low-Risk",70,75.35,0.009551194671380594
2725-KXXWT,2,"New, High-Spend, High-Risk",1,90.75,0.765121665770694
9565-DJPIB,2,"New, High-Spend, High-Risk",4,89.6,0.6646986688595538
4328-VUFWD,3,"Established, Low-Spend, Low-Risk",39,59.3,0.0656256849603568
3301-LSLWQ,4,"New, Low-Spend, High-Risk",29,66.1,0.22458861740943148
7473-ZBDSN,4,"New, Low-Spend, High-Risk",14,18.8,0.028389254465184238
3166-PNEOF,1,"Established, High-Spend, Low-Risk",61,86.45,0.022173470809409773
5639-NTUPK,4,"New, Low-Spend, High-Risk",13,52.1,0.17804228080737144
8780-YRMTT,3,"Established, Low-Spend, Low-Risk",66,47.4,0.007243423987349498
8348-HFYIV,2,"New, High-Spend, High-Risk",2,49.25,0.6816298932404411
5140-FOMCQ,1,"Established, High-Spend, Low-Risk",59,109.15,0.1808029039788355
6242-SGYTS,1,"Established, High-Spend, Low-Risk",62,94.95,0.09211471469522951
8166-ORCHU,1,"Established, High-Spend, Low-Risk",33,93.55,0.15718423953429903
8414-OOEEL,1,"Established, High-Spend, Low-Risk",66,79.5,0.014019794165161298
8454-AATJP,1,"Established, High-Spend, Low-Risk",72,115.05,0.05192029780207133
6849-WLEYG,4,"New, Low-Spend, High-Risk",1,19.75,0.17848974638942056
4659-NZRUF,2,"New, High-Spend, High-Risk",19,95.15,0.4955113895756897
4531-AUZNK,1,"Established, High-Spend, Low-Risk",51,95.15,0.10392881998346319
4191-XOVOM,1,"Established, High-Spend, Low-Risk",63,105.4,0.30147405139738664
2150-OEGBV,3,"Established, Low-Spend, Low-Risk",27,20.1,0.03792798551379423
8429-XIBUM,2,"New, High-Spend, High-Risk",22,101.35,0.5969731303276308
1855-CFULU,4,"New, Low-Spend, High-Risk",4,20.05,0.22545417576718743
4878-BUNFV,3,"Established, Low-Spend, Low-Risk",42,20.7,0.007808899706505351
1872-EBWSC,3,"Established, Low-Spend, Low-Risk",29,20.35,0.03432562617219238
2608-BHKFN,2,"New, High-Spend, High-Risk",4,70.05,0.6198854226358685
7026-YMSBE,3,"Established, Low-Spend, Low-Risk",30,19.7,0.03340305420591187
7341-LXCAF,2,"New, High-Spend, High-Risk",4,74.65,0.7001273904130157
6997-UVGOX,1,"Established, High-Spend, Low-Risk",71,85.45,0.008232813637409346
9674-EHPPG,3,"Established, Low-Spend, Low-Risk",46,40.4,0.018859723324556158
9462-MJUAW,4,"New, Low-Spend, High-Risk",4,50.4,0.4719370883169878
8128-YVJRG,2,"New, High-Spend, High-Risk",7,79.65,0.5622067382201936
5440-VHLUL,1,"Established, High-Spend, Low-Risk",69,105.2,0.14771981866694242
5781-BKHOP,1,"Established, High-Spend, Low-Risk",72,100.65,0.04880255850376727
4283-FUTGF,2,"New, High-Spend, High-Risk",19,79.85,0.6089007235996253
5213-TWWJU,2,"New, High-Spend, High-Risk",28,91.0,0.3938944303207001
1569-TTNYJ,2,"New, High-Spend, High-Risk",5,78.75,0.6594789609649768
8628-MFKAX,1,"Established, High-Spend, Low-Risk",72,116.75,0.060606998093515274
2397-BRLOM,2,"New, High-Spend, High-Risk",8,80.45,0.6478563364186968
7629-WIXZF,4,"New, Low-Spend, High-Risk",7,59.1,0.18405128469072737
5445-GLVOT,4,"New, Low-Spend, High-Risk",22,49.8,0.16449148212621378
3976-HXHCE,3,"Established, Low-Spend, Low-Risk",72,19.3,0.002505786861214981
2466-NEJOJ,4,"New, Low-Spend, High-Risk",8,19.65,0.13942116204490396
0254-KCJGT,1,"Established, High-Spend, Low-Risk",52,81.4,0.037234325633958364
5472-CVMDX,3,"Established, Low-Spend, Low-Risk",68,38.9,0.007478404379909511
6461-SZMCV,1,"Established, High-Spend, Low-Risk",71,87.95,0.01582893050109503
8150-QUDFX,4,"New, Low-Spend, High-Risk",2,19.85,0.21076581553711363
9508-ILZDG,2,"New, High-Spend, High-Risk",34,96.35,0.4433690002795894
2346-DJQTB,4,"New, Low-Spend, High-Risk",35,24.15,0.22225584249159522
1697-LYYYX,3,"Established, Low-Spend, Low-Risk",61,19.1,0.006397213874592799
1942-OQFRW,4,"New, Low-Spend, High-Risk",1,44.0,0.43006196093174354
4749-VFKVB,2,"New, High-Spend, High-Risk",1,50.1,0.500091514399244
9640-ZSLDC,3,"Established, Low-Spend, Low-Risk",53,60.6,0.046407574246541176
4231-LZUYM,3,"Established, Low-Spend, Low-Risk",72,25.65,0.0037465546143845866
7598-UAASY,2,"New, High-Spend, High-Risk",2,76.4,0.627352156112253
7938-OUHIO,2,"New, High-Spend, High-Risk",3,98.7,0.6583888382451022
8510-AWCXC,2,"New, High-Spend, High-Risk",13,100.8,0.6949045608552085
6128-AQBMT,4,"New, Low-Spend, High-Risk",41,53.95,0.330376281944911
3594-BDSOA,4,"New, Low-Spend, High-Risk",24,20.4,0.043620620953841824
0431-APWVY,2,"New, High-Spend, High-Risk",28,90.1,0.34175640583368566
5133-VRSAB,4,"New, Low-Spend, High-Risk",8,29.35,0.38136397534579414
5996-DAOQL,4,"New, Low-Spend, High-Risk",1,20.45,0.21651554345848126
6838-YAUVY,1,"Established, High-Spend, Low-Risk",54,95.1,0.08759128759000587
0484-JPBRU,3,"Established, Low-Spend, Low-Risk",41,25.25,0.0580928217206433
7883-ROJOC,4,"New, Low-Spend, High-Risk",19,44.9,0.265175865621907
0244-LGNFY,1,"Established, High-Spend, Low-Risk",72,92.65,0.011783428312631293
7274-CGTOD,3,"Established, Low-Spend, Low-Risk",62,43.7,0.00842707692025488
4295-YURET,1,"Established, High-Spend, Low-Risk",56,72.6,0.018224595077290656
3426-NIYYL,4,"New, Low-Spend, High-Risk",15,51.55,0.3618906241648014
8225-BTJAU,2,"New, High-Spend, High-Risk",10,79.25,0.6859905697281863
4635-EJYPD,3,"Established, Low-Spend, Low-Risk",32,18.95,0.012648227671094874
1866-ZSLJM,4,"New, Low-Spend, High-Risk",21,20.5,0.09840118528031203
4636-TVXVG,3,"Established, Low-Spend, Low-Risk",62,19.95,0.006194475436300136
4236-UJPWO,4,"New, Low-Spend, High-Risk",2,24.5,0.5608551543289978
9392-XBGTD,3,"Established, Low-Spend, Low-Risk",27,20.6,0.015295955419012363
3387-VATUS,2,"New, High-Spend, High-Risk",5,94.85,0.7949192024422685
6402-SSEJG,4,"New, Low-Spend, High-Risk",25,61.05,0.17727463173842725
1143-NMNQJ,2,"New, High-Spend, High-Risk",2,85.7,0.7568608946240419
1169-SAOCL,1,"Established, High-Spend, Low-Risk",49,106.65,0.22474651869912604
1110-KYLGQ,1,"Established, High-Spend, Low-Risk",63,108.25,0.2846289169226604
9929-PLVPA,4,"New, Low-Spend, High-Risk",4,20.4,0.156726602671526
3518-PZXZQ,2,"New, High-Spend, High-Risk",1,55.3,0.5001535794568859
2371-JUNGC,4,"New, Low-Spend, High-Risk",11,20.25,0.14832866270927902
7693-QPEFS,1,"Established, High-Spend, Low-Risk",52,72.95,0.347205047315004
0924-BJCRC,1,"Established, High-Spend, Low-Risk",60,89.45,0.3457499321562356
5074-FBGHB,1,"Established, High-Spend, Low-Risk",64,104.65,0.18511261757790226
2351-BKRZW,1,"Established, High-Spend, Low-Risk",43,75.2,0.0327280295218482
4455-BFSPD,1,"Established, High-Spend, Low-Risk",61,101.15,0.19993964103619102
0415-MOSGF,4,"New, Low-Spend, High-Risk",1,44.4,0.42601114922927513
1724-BQUHA,2,"New, High-Spend, High-Risk",5,89.5,0.7768067011541439
3948-KXDUF,1,"Established, High-Spend, Low-Risk",66,68.75,0.007635899118072086
2323-ARSVR,1,"Established, High-Spend, Low-Risk",67,111.05,0.0402720528999074
0815-MFZGM,1,"Established, High-Spend, Low-Risk",42,99.0,0.1283625594155664
4826-XTSOH,2,"New, High-Spend, High-Risk",1,86.05,0.8033955703603707
5480-XTFFL,3,"Established, Low-Spend, Low-Risk",31,21.0,0.012966843707203081
8295-FHIVV,4,"New, Low-Spend, High-Risk",7,19.4,0.17644967759328015
2495-INZWQ,2,"New, High-Spend, High-Risk",4,44.55,0.6754460315947279
9086-YJYXS,1,"Established, High-Spend, Low-Risk",34,77.2,0.16775308055997956
1179-INLAT,4,"New, Low-Spend, High-Risk",3,19.45,0.10750947273767171
7909-FIOIY,4,"New, Low-Spend, High-Risk",19,24.85,0.31826607716358135
4139-SUGLD,3,"Established, Low-Spend, Low-Risk",31,35.4,0.10738595494493956
6857-VWJDT,2,"New, High-Spend, High-Risk",1,95.65,0.810856095111583
6351-SCJKT,4,"New, Low-Spend, High-Risk",3,41.35,0.3185844883450849
5468-BPMMO,3,"Established, Low-Spend, Low-Risk",46,19.6,0.03419351703640992
5624-BQSSA,4,"New, Low-Spend, High-Risk",1,20.95,0.21345601595587713
0197-PNKNK,1,"Established, High-Spend, Low-Risk",69,84.45,0.057259025788665215
2439-QKJUL,4,"New, Low-Spend, High-Risk",5,20.25,0.18758378840500559
1194-SPVSP,4,"New, Low-Spend, High-Risk",1,19.65,0.2186713504088726
9534-NSXEM,4,"New, Low-Spend, High-Risk",26,20.65,0.03974395164975531
2408-WITXK,4,"New, Low-Spend, High-Risk",10,34.7,0.588564847947131
8929-KSWIH,1,"Established, High-Spend, Low-Risk",25,99.3,0.19413906219196267
2250-IVBWA,1,"Established, High-Spend, Low-Risk",64,81.05,0.08442951896451323
1810-MVMAI,4,"New, Low-Spend, High-Risk",30,67.6,0.0873921755866176
9506-UXUSK,2,"New, High-Spend, High-Risk",13,70.15,0.546075599792938
1229-RCALF,1,"Established, High-Spend, Low-Risk",64,115.0,0.11788706159089081
3572-UOLYZ,1,"Established, High-Spend, Low-Risk",46,84.8,0.22129197731978253
1429-UYJSV,4,"New, Low-Spend, High-Risk",12,19.7,0.0728171506508607
5577-OTWWW,4,"New, Low-Spend, High-Risk",15,19.75,0.12643200594342555
6100-QQHEB,2,"New, High-Spend, High-Risk",17,92.55,0.6866773111003894
6366-XIVKZ,4,"New, Low-Spend, High-Risk",13,63.15,0.22960420601664988
3470-OBUET,1,"Established, High-Spend, Low-Risk",67,74.0,0.008805343791847735
2770-NSVDG,4,"New, Low-Spend, High-Risk",24,29.1,0.32169785857197236
9375-MHRRS,4,"New, Low-Spend, High-Risk",6,50.05,0.28640887543251703
2634-HCZGT,3,"Established, Low-Spend, Low-Risk",53,60.05,0.03347936497538617
7503-QQRVF,2,"New, High-Spend, High-Risk",16,74.3,0.5357967549073668
4860-YZGZM,4,"New, Low-Spend, High-Risk",10,20.0,0.15471501216085606
6599-GZWCM,2,"New, High-Spend, High-Risk",13,74.65,0.3229419295161495
2691-NZETQ,2,"New, High-Spend, High-Risk",9,85.35,0.7190497828683631
4404-HIBDJ,1,"Established, High-Spend, Low-Risk",25,74.3,0.06211979559232126
5533-NHFRF,4,"New, Low-Spend, High-Risk",7,44.4,0.4806085759204612
7037-MTYVW,1,"Established, High-Spend, Low-Risk",38,85.4,0.03829884390681834
4760-THGOT,1,"Established, High-Spend, Low-Risk",43,94.1,0.3333597869320458
7295-JOMMD,2,"New, High-Spend, High-Risk",4,98.1,0.5927369270368159
4016-BJKTZ,1,"Established, High-Spend, Low-Risk",25,108.9,0.22615294115574286
6584-VQMYT,4,"New, Low-Spend, High-Risk",27,56.2,0.04920251911418463
9838-BFCQT,3,"Established, Low-Spend, Low-Risk",72,26.1,0.002902320466249047
2790-XUYMV,1,"Established, High-Spend, Low-Risk",71,85.45,0.04693824745868131
0581-MDMPW,2,"New, High-Spend, High-Risk",24,88.95,0.602256999378842
5013-SBUIH,1,"Established, High-Spend, Low-Risk",50,109.65,0.08822795160385136
1023-BQXZE,1,"Established, High-Spend, Low-Risk",57,74.35,0.026143588230437494
9163-GHAYE,4,"New, Low-Spend, High-Risk",15,48.85,0.26441453135901793
3904-UKFRE,2,"New, High-Spend, High-Risk",4,80.1,0.5859902954988316
5353-WILCI,4,"New, Low-Spend, High-Risk",28,56.05,0.11693503144011662
0709-TVGUR,2,"New, High-Spend, High-Risk",9,74.55,0.694453139445703
0058-EVZWM,1,"Established, High-Spend, Low-Risk",55,89.8,0.2813523204182475
6023-YEBUP,2,"New, High-Spend, High-Risk",3,100.95,0.7941825711859616
7209-JCUDS,2,"New, High-Spend, High-Risk",10,94.9,0.7022961494878757
7009-PCARS,3,"Established, Low-Spend, Low-Risk",55,19.1,0.008252070396755733
0519-DRGTI,4,"New, Low-Spend, High-Risk",20,20.35,0.08399627914024503
1017-FBQMM,1,"Established, High-Spend, Low-Risk",62,106.05,0.14263325739726246
3001-CBHLQ,2,"New, High-Spend, High-Risk",32,104.9,0.58675675076574
1985-MBRYP,3,"Established, Low-Spend, Low-Risk",43,19.65,0.009250391067096252
6158-DWPZT,4,"New, Low-Spend, High-Risk",9,24.1,0.31514907765038347
9372-TXXPS,3,"Established, Low-Spend, Low-Risk",60,59.85,0.006561284631296309
3259-QMXUN,1,"Established, High-Spend, Low-Risk",58,86.1,0.03186612779102301
1015-JPFYW,4,"New, Low-Spend, High-Risk",7,19.45,0.07205134599105757
6645-MXQJT,2,"New, High-Spend, High-Risk",2,97.1,0.5993550451501314
4360-QRAVE,3,"Established, Low-Spend, Low-Risk",37,36.65,0.2110788771997289
8433-WPJTV,1,"Established, High-Spend, Low-Risk",65,103.9,0.1693753841311629
5804-JMYIO,3,"Established, Low-Spend, Low-Risk",39,19.75,0.008984100390488348
3763-GCZHZ,1,"Established, High-Spend, Low-Risk",66,104.05,0.15950426673495297
6484-LATFU,3,"Established, Low-Spend, Low-Risk",68,24.55,0.004370118624518438
7599-NTMDP,3,"Established, Low-Spend, Low-Risk",62,48.7,0.010189190110443903
0772-GYEQQ,2,"New, High-Spend, High-Risk",3,88.35,0.5955426332938201
0536-ACXIP,1,"Established, High-Spend, Low-Risk",72,109.55,0.07534321053421053
0936-NQLJU,3,"Established, Low-Spend, Low-Risk",41,20.65,0.010539364754162053
4831-EOBFE,2,"New, High-Spend, High-Risk",29,94.65,0.4021895257236548
1575-KRZZE,4,"New, Low-Spend, High-Risk",4,55.2,0.254703767720634
3251-YMVWZ,3,"Established, Low-Spend, Low-Risk",53,24.05,0.01690343860633589
4102-OQUPX,2,"New, High-Spend, High-Risk",1,74.4,0.7589826064457447
9170-GYZJC,1,"Established, High-Spend, Low-Risk",41,79.9,0.0833219660604256
4884-LEVMQ,3,"Established, Low-Spend, Low-Risk",39,20.45,0.011591038916136274
8857-CUPFQ,3,"Established, Low-Spend, Low-Risk",63,19.25,0.0038999843628639954
7610-TVOPG,4,"New, Low-Spend, High-Risk",15,26.35,0.16485946403578502
3638-DIMPH,4,"New, Low-Spend, High-Risk",13,43.8,0.18137100739671308
1845-ZLLIG,4,"New, Low-Spend, High-Risk",1,50.15,0.383863381991663
8559-WNQZS,4,"New, Low-Spend, High-Risk",1,20.45,0.061935423806892126
3999-QGRJH,2,"New, High-Spend, High-Risk",8,69.7,0.6358923142125561
1699-UOTXU,3,"Established, Low-Spend, Low-Risk",60,61.4,0.009252615543626367
2454-RPBRZ,2,"New, High-Spend, High-Risk",12,98.1,0.6862320088014252
0635-WKOLD,1,"Established, High-Spend, Low-Risk",40,70.75,0.08386698702557281
5993-JSUWV,3,"Established, Low-Spend, Low-Risk",66,61.15,0.007377270576076181
4518-FZBSX,3,"Established, Low-Spend, Low-Risk",42,20.25,0.015427343410854518
5387-ASZNZ,1,"Established, High-Spend, Low-Risk",66,63.85,0.01781493888139585
6988-CJEYV,1,"Established, High-Spend, Low-Risk",49,98.7,0.4815801511921406
2002-MZHWP,4,"New, Low-Spend, High-Risk",1,20.5,0.21465433876873644
3097-FQTVJ,3,"Established, Low-Spend, Low-Risk",41,20.0,0.010233080779636234
5465-BUBFA,3,"Established, Low-Spend, Low-Risk",41,19.3,0.008211776142186414
7299-GNVPL,1,"Established, High-Spend, Low-Risk",23,84.4,0.19903238080062827
9743-DQKQW,4,"New, Low-Spend, High-Risk",3,25.1,0.5502919752593994
1215-VFYVK,4,"New, Low-Spend, High-Risk",4,48.25,0.381555947308006
9371-BITHB,3,"Established, Low-Spend, Low-Risk",52,19.85,0.004993517062662514
2265-CYWIV,2,"New, High-Spend, High-Risk",4,99.6,0.7537453541868542
9093-FPDLG,2,"New, High-Spend, High-Risk",11,94.2,0.48134692869580153
0541-FITGH,4,"New, Low-Spend, High-Risk",2,62.15,0.36400739055193154
6985-HAYWX,2,"New, High-Spend, High-Risk",26,79.3,0.48078674746667716
7508-KBIMB,4,"New, Low-Spend, High-Risk",24,56.25,0.06335222435720286
6838-HVLXG,4,"New, Low-Spend, High-Risk",12,20.3,0.14172551345329093
2277-DJJDL,1,"Established, High-Spend, Low-Risk",60,99.0,0.39615874210829694
1897-OKVMW,1,"Established, High-Spend, Low-Risk",64,90.6,0.01495998851464841
5485-ITNPC,1,"Established, High-Spend, Low-Risk",66,85.9,0.01228453227875887
0233-FTHAV,1,"Established, High-Spend, Low-Risk",60,79.2,0.1330943614196996
4644-PIZRT,4,"New, Low-Spend, High-Risk",17,70.35,0.1435033568955384
8922-NPKBJ,3,"Established, Low-Spend, Low-Risk",42,19.35,0.008043507874458972
2740-TVLFN,2,"New, High-Spend, High-Risk",1,50.15,0.5024472935969919
7771-CFQRQ,3,"Established, Low-Spend, Low-Risk",47,63.8,0.018753742817133903
9512-PHSMG,4,"New, Low-Spend, High-Risk",10,20.55,0.15756590969345566
6963-EZQEE,1,"Established, High-Spend, Low-Risk",70,88.55,0.01985285246731398
2452-KDRRH,1,"Established, High-Spend, Low-Risk",67,101.4,0.4231013541850979
2004-OCQXK,2,"New, High-Spend, High-Risk",1,81.95,0.698202644803808
5027-QPKTE,2,"New, High-Spend, High-Risk",7,69.35,0.604584755888666
4146-SVFUD,4,"New, Low-Spend, High-Risk",1,44.6,0.42773567699256776
1564-HJUVY,4,"New, Low-Spend, High-Risk",4,63.75,0.3330966343050732
3617-XLSGQ,1,"Established, High-Spend, Low-Risk",66,109.25,0.06406503973393819
7517-LDMPS,2,"New, High-Spend, High-Risk",12,84.6,0.5855917203255812
7244-KXYZN,4,"New, Low-Spend, High-Risk",24,20.45,0.04288955110632316
5226-NOZFC,2,"New, High-Spend, High-Risk",26,85.75,0.47191411643188436
2672-HUYVI,2,"New, High-Spend, High-Risk",6,91.1,0.7239154851407152
1400-WIVLL,1,"Established, High-Spend, Low-Risk",57,107.95,0.11640751661966588
7508-MYBOG,2,"New, High-Spend, High-Risk",14,86.1,0.6906492063315887
8148-NLEGT,3,"Established, Low-Spend, Low-Risk",42,22.95,0.011398894075776912
0148-DCDOS,2,"New, High-Spend, High-Risk",25,94.7,0.679569971651875
8347-GDTMP,3,"Established, Low-Spend, Low-Risk",64,19.45,0.0036501458530484865
9992-RRAMN,2,"New, High-Spend, High-Risk",22,85.1,0.6305794527453783
6746-WAUWT,4,"New, Low-Spend, High-Risk",19,19.7,0.054135094636633734
0310-MVLET,1,"Established, High-Spend, Low-Risk",61,99.15,0.33395939359351684
0428-IKYCP,2,"New, High-Spend, High-Risk",22,87.0,0.5368536708195326
4550-VBOFE,1,"Established, High-Spend, Low-Risk",70,102.95,0.3778153214785804
2187-PKZAY,2,"New, High-Spend, High-Risk",12,79.95,0.6295668496549494
4003-OCTMP,3,"Established, Low-Spend, Low-Risk",31,64.0,0.05959524478048224
6652-YFFJO,2,"New, High-Spend, High-Risk",11,64.9,0.4711785799353878
7225-IILWY,3,"Established, Low-Spend, Low-Risk",68,25.75,0.003446380520513729
5248-RPYWW,1,"Established, High-Spend, Low-Risk",72,90.15,0.01476577716602425
7923-IYJWY,1,"Established, High-Spend, Low-Risk",67,116.1,0.06996951230359656
3170-GWYKC,1,"Established, High-Spend, Low-Risk",60,104.95,0.18828527534874673
5696-QURRL,4,"New, Low-Spend, High-Risk",1,45.05,0.4259930526879005
7409-KIUTL,2,"New, High-Spend, High-Risk",1,71.0,0.6280897877433116
9830-ECLEN,3,"Established, Low-Spend, Low-Risk",58,50.0,0.033134925273465156
1732-VHUBQ,1,"Established, High-Spend, Low-Risk",47,70.55,0.2543746587763899
0495-RVCBF,2,"New, High-Spend, High-Risk",1,79.7,0.7056537967380301
2668-TZSPS,4,"New, Low-Spend, High-Risk",1,20.45,0.21651554345848126
7854-EDSSA,4,"New, Low-Spend, High-Risk",22,59.0,0.19398962872457737
8869-TORSS,3,"Established, Low-Spend, Low-Risk",48,60.35,0.022252447355768108
7446-SFAOA,3,"Established, Low-Spend, Low-Risk",37,19.85,0.024480388731064364
9522-ZSINC,4,"New, Low-Spend, High-Risk",13,19.95,0.06978571544306007
8234-GSZYK,3,"Established, Low-Spend, Low-Risk",43,26.45,0.013209274252961208
6505-OZNPG,4,"New, Low-Spend, High-Risk",6,63.4,0.1327706822404151
6164-HAQTX,3,"Established, Low-Spend, Low-Risk",71,53.95,0.009273094769991136
0679-IDSTG,2,"New, High-Spend, High-Risk",1,69.25,0.640624205657469
7765-LWVVH,1,"Established, High-Spend, Low-Risk",72,95.1,0.03705400015062033
1658-TJVOA,2,"New, High-Spend, High-Risk",6,74.1,0.5399721090818673
0953-LGOVU,4,"New, Low-Spend, High-Risk",12,35.5,0.269406417018787
2115-BFTIW,2,"New, High-Spend, High-Risk",25,70.95,0.4363576283365395
4692-NNQRU,4,"New, Low-Spend, High-Risk",21,79.2,0.22364484762077647
7742-MYPGI,4,"New, Low-Spend, High-Risk",6,48.8,0.24482639156096195
0611-DFXKO,2,"New, High-Spend, High-Risk",20,89.0,0.6497599461752804
7780-OTDSO,2,"New, High-Spend, High-Risk",18,99.4,0.6295390396916588
9619-GSATL,3,"Established, Low-Spend, Low-Risk",43,55.45,0.03665784615217593
5622-UEJFI,3,"Established, Low-Spend, Low-Risk",35,25.4,0.015330953691398334
9747-DDZOS,2,"New, High-Spend, High-Risk",1,73.5,0.6375288558430962
0674-DGMAQ,2,"New, High-Spend, High-Risk",32,93.5,0.5614573091328597
6203-HBZPA,3,"Established, Low-Spend, Low-Risk",52,63.9,0.027621838100334004
0484-FFVBJ,4,"New, Low-Spend, High-Risk",32,64.85,0.16181876916418536
0301-FIDRB,1,"Established, High-Spend, Low-Risk",72,63.8,0.01079862520425875
4139-JPIAM,3,"Established, Low-Spend, Low-Risk",51,44.45,0.08441600742092842
2181-TIDSV,3,"Established, Low-Spend, Low-Risk",68,19.95,0.00236608730797269
2761-XECQW,2,"New, High-Spend, High-Risk",8,43.35,0.5725002026290588
1936-CZAKF,3,"Established, Low-Spend, Low-Risk",49,49.65,0.06634105507931976
9453-PATOS,1,"Established, High-Spend, Low-Risk",72,85.1,0.010270753392401475
0564-JJHGS,2,"New, High-Spend, High-Risk",9,95.5,0.7721400567535252
3348-CFRNX,2,"New, High-Spend, High-Risk",28,92.35,0.4806529564171625
4402-FTBXC,1,"Established, High-Spend, Low-Risk",54,89.8,0.2085382778095786
1428-GTBJJ,2,"New, High-Spend, High-Risk",11,74.55,0.5245298502992902
2931-XIQBR,1,"Established, High-Spend, Low-Risk",50,103.05,0.14888455486207705
0106-UGRDO,1,"Established, High-Spend, Low-Risk",69,116.0,0.057896609690874345
5542-TBBWB,2,"New, High-Spend, High-Risk",1,69.9,0.6482151319189676
1930-QPBVZ,1,"Established, High-Spend, Low-Risk",68,95.1,0.021488863570306962
2606-PKWJB,3,"Established, Low-Spend, Low-Risk",40,40.25,0.03159331017733911
5322-ZSMZY,3,"Established, Low-Spend, Low-Risk",31,25.75,0.018035096369163228
8059-UDZFY,2,"New, High-Spend, High-Risk",33,105.35,0.5667156483963758
7740-BTPUX,1,"Established, High-Spend, Low-Risk",55,113.6,0.13586662266730745
5220-AGAAX,3,"Established, Low-Spend, Low-Risk",68,24.0,0.003527770191711787
0208-BPQEJ,4,"New, Low-Spend, High-Risk",12,19.4,0.11689201813178929
9435-JMLSX,1,"Established, High-Spend, Low-Risk",71,86.1,0.010490093560974984
3352-ALMCK,2,"New, High-Spend, High-Risk",40,102.65,0.5411620890409117
5312-IRCFR,1,"Established, High-Spend, Low-Risk",64,92.85,0.12707677228510889
5294-IMHHT,1,"Established, High-Spend, Low-Risk",53,97.75,0.14898949984890336
8802-UNOJF,2,"New, High-Spend, High-Risk",12,83.8,0.4555745588451519
6313-GIDIT,3,"Established, Low-Spend, Low-Risk",53,54.45,0.22959459615828606
6176-YJWAS,1,"Established, High-Spend, Low-Risk",72,97.95,0.04911711562625661
5310-NOOVA,3,"Established, Low-Spend, Low-Risk",46,19.95,0.008222382918952196
4526-EXKKN,3,"Established, Low-Spend, Low-Risk",40,24.6,0.015346789198835677
5311-IHLEI,4,"New, Low-Spend, High-Risk",12,50.95,0.28242489641682916
3987-KQDDU,2,"New, High-Spend, High-Risk",9,75.6,0.4620006317019341
3404-JNXAX,1,"Established, High-Spend, Low-Risk",51,80.75,0.1968247500004068
5131-PONJI,1,"Established, High-Spend, Low-Risk",49,90.4,0.25864148836648865
2845-AFFTX,2,"New, High-Spend, High-Risk",41,99.8,0.6236483135694134
3489-VSFRD,3,"Established, Low-Spend, Low-Risk",56,60.25,0.01625729091565026
3345-JHUEO,4,"New, Low-Spend, High-Risk",4,20.2,0.19372001586515364
5815-HGGHV,4,"New, Low-Spend, High-Risk",20,64.15,0.08858419433630155
5260-UMPWX,4,"New, Low-Spend, High-Risk",26,20.25,0.06418814185055484
2249-YPRNG,2,"New, High-Spend, High-Risk",20,105.85,0.6201568276250661
7410-YTJIK,2,"New, High-Spend, High-Risk",7,75.45,0.6649066357097612
4626-GYCZP,2,"New, High-Spend, High-Risk",7,93.85,0.7869584422103474
5649-RXQTV,1,"Established, High-Spend, Low-Risk",51,99.0,0.37225730017780473
2674-MIAHT,2,"New, High-Spend, High-Risk",4,80.3,0.652790154683535
2576-HXMPA,4,"New, Low-Spend, High-Risk",1,19.55,0.21720015950777147
7587-AOVVU,2,"New, High-Spend, High-Risk",27,100.75,0.3035694638976149
5590-BYNII,2,"New, High-Spend, High-Risk",22,100.75,0.587886071312763
6898-MDLZW,4,"New, Low-Spend, High-Risk",12,53.75,0.21539759395498112
3237-AJGEH,4,"New, Low-Spend, High-Risk",3,31.0,0.38725604849910467
4707-YNOQA,3,"Established, Low-Spend, Low-Risk",34,25.6,0.030879869303014378
9357-UJRUN,4,"New, Low-Spend, High-Risk",24,58.35,0.07840089519745268
1591-NFNLQ,1,"Established, High-Spend, Low-Risk",51,80.0,0.31484338946220586
8648-PFRMP,2,"New, High-Spend, High-Risk",14,46.35,0.619433981452751
7663-CUXZB,1,"Established, High-Spend, Low-Risk",59,113.75,0.07021387935560267
0258-NOKBL,2,"New, High-Spend, High-Risk",3,90.4,0.6407350194916012
1163-VIPRI,1,"Established, High-Spend, Low-Risk",65,109.3,0.05639661911457452
2815-CPTUL,2,"New, High-Spend, High-Risk",5,70.25,0.6573434937629757
9348-ROUAI,1,"Established, High-Spend, Low-Risk",59,90.3,0.01691085416887238
9443-JUBUO,1,"Established, High-Spend, Low-Risk",72,65.25,0.010208818799002444
0596-BQCEQ,1,"Established, High-Spend, Low-Risk",62,100.15,0.256013601561619
1481-ZUWZA,2,"New, High-Spend, High-Risk",28,94.5,0.4337730638222663
3043-TYBNO,4,"New, Low-Spend, High-Risk",3,60.65,0.37227989559400404
4830-FAXFM,4,"New, Low-Spend, High-Risk",19,24.1,0.11639278788875354
5906-BFOZT,4,"New, Low-Spend, High-Risk",1,19.5,0.21907728055740067
2960-NKRSO,2,"New, High-Spend, High-Risk",24,85.95,0.3140573818895873
8996-ZROXE,3,"Established, Low-Spend, Low-Risk",57,53.5,0.029278608057724385
5598-IKHQQ,3,"Established, Low-Spend, Low-Risk",72,25.45,0.0036452692533180883
0397-ZXWQF,3,"Established, Low-Spend, Low-Risk",67,20.5,0.003172500431269062
5266-PFRQK,3,"Established, Low-Spend, Low-Risk",52,20.85,0.009714459366716244
4674-HGNUA,1,"Established, High-Spend, Low-Risk",71,89.9,0.01233263374664325
6765-MBQNU,4,"New, Low-Spend, High-Risk",26,26.0,0.054843917905827114
9786-IJYDL,1,"Established, High-Spend, Low-Risk",35,113.2,0.12315104749783772
1303-SRDOK,1,"Established, High-Spend, Low-Risk",55,69.05,0.04901385384298805
3769-MHZNV,3,"Established, Low-Spend, Low-Risk",33,20.1,0.01183661792411309
6295-OSINB,1,"Established, High-Spend, Low-Risk",72,109.65,0.07179943390806541
3308-MHOOC,4,"New, Low-Spend, High-Risk",1,19.2,0.17976985824748015
2309-OSFEU,4,"New, Low-Spend, High-Risk",10,33.9,0.5454626118425709
2207-QPJED,2,"New, High-Spend, High-Risk",37,90.0,0.3808461002917956
4177-JPDFU,4,"New, Low-Spend, High-Risk",12,34.0,0.3216623625289783
2239-CFOUJ,4,"New, Low-Spend, High-Risk",1,20.4,0.0939465480088443
8046-DNVTL,3,"Established, Low-Spend, Low-Risk",62,38.6,0.008676906883353196
2209-XADXF,4,"New, Low-Spend, High-Risk",1,25.25,0.5691984533225514
6620-JDYNW,4,"New, Low-Spend, High-Risk",18,60.6,0.23788785070296192
1891-FZYSA,1,"Established, High-Spend, Low-Risk",69,89.95,0.29051390145294126
4770-UEZOX,2,"New, High-Spend, High-Risk",2,74.75,0.5997977529528954
1038-RQOST,4,"New, Low-Spend, High-Risk",19,20.6,0.08798842114506611
7613-LLQFO,2,"New, High-Spend, High-Risk",12,84.45,0.7040772801028949
4568-TTZRT,4,"New, Low-Spend, High-Risk",9,20.4,0.16046236873182487
9513-DXHDA,1,"Established, High-Spend, Low-Risk",27,81.7,0.0889064425014713
2640-PMGFL,2,"New, High-Spend, High-Risk",27,79.5,0.3536909061012097
3801-HMYNL,2,"New, High-Spend, High-Risk",1,89.15,0.7220571216328154
0516-QREYC,4,"New, Low-Spend, High-Risk",24,20.3,0.10253647687691166
9685-WKZGT,2,"New, High-Spend, High-Risk",14,74.95,0.6593689187016444
6022-UGGSO,2,"New, High-Spend, High-Risk",32,74.4,0.3849439125657835
8084-OIVBS,4,"New, Low-Spend, High-Risk",11,20.0,0.07523327343588658
8896-BQTTI,4,"New, Low-Spend, High-Risk",1,25.0,0.2750050155136155
3865-QBWSJ,1,"Established, High-Spend, Low-Risk",38,80.45,0.303092926307458
3352-RICWQ,4,"New, Low-Spend, High-Risk",9,19.75,0.03538848103881284
2160-GPFXD,1,"Established, High-Spend, Low-Risk",54,65.65,0.009517228919722535
2065-MMKGR,4,"New, Low-Spend, High-Risk",29,71.0,0.23169957909821717
5857-TYBCJ,2,"New, High-Spend, High-Risk",44,89.2,0.5121325318206225
1498-NHTLT,1,"Established, High-Spend, Low-Risk",59,86.75,0.012296969773337529
4484-CGXFK,2,"New, High-Spend, High-Risk",3,55.3,0.4717390558320907
1402-PTHGN,4,"New, Low-Spend, High-Risk",18,61.5,0.04689003579131718
4176-RELJR,3,"Established, Low-Spend, Low-Risk",67,25.1,0.0055315994769902475
6214-EDAKZ,4,"New, Low-Spend, High-Risk",22,55.15,0.1259982125694762
5199-FPUSP,3,"Established, Low-Spend, Low-Risk",33,34.05,0.04873339086226878
6377-KSLXC,4,"New, Low-Spend, High-Risk",5,19.95,0.1882288586133029
1796-JANOW,4,"New, Low-Spend, High-Risk",2,19.95,0.20833413019775937
0238-WHBIQ,1,"Established, High-Spend, Low-Risk",72,89.7,0.011481778660094878
8735-NBLWT,4,"New, Low-Spend, High-Risk",9,20.4,0.12944139134916888
6651-RLGGM,3,"Established, Low-Spend, Low-Risk",67,26.3,0.003594547263050127
6127-ISGTU,2,"New, High-Spend, High-Risk",16,84.95,0.6771695754052623
1614-JBEBI,4,"New, Low-Spend, High-Risk",8,20.7,0.16400244280659268
8740-XLHDR,4,"New, Low-Spend, High-Risk",5,43.25,0.2764417080058236
1208-DNHLN,4,"New, Low-Spend, High-Risk",23,48.35,0.13745856766781714
1761-AEZZR,2,"New, High-Spend, High-Risk",1,79.55,0.7116484961475342
3923-CSIHK,1,"Established, High-Spend, Low-Risk",50,71.05,0.2779974777004067
5696-EXCYS,4,"New, Low-Spend, High-Risk",17,19.45,0.031213792672354943
5795-KTGUD,1,"Established, High-Spend, Low-Risk",68,110.8,0.07902841026416785
7120-RFMVS,2,"New, High-Spend, High-Risk",1,84.5,0.7709681319543282
7924-GJZFI,2,"New, High-Spend, High-Risk",25,69.3,0.49710830546101703
4702-HDRKD,3,"Established, Low-Spend, Low-Risk",67,49.35,0.023061346795250286
8512-WIWYV,3,"Established, Low-Spend, Low-Risk",32,20.35,0.030502288615274896
5897-ZYEKH,1,"Established, High-Spend, Low-Risk",67,105.6,0.17244037742432056
5456-ITGIC,1,"Established, High-Spend, Low-Risk",72,64.45,0.016573775250444754
7317-GGVPB,1,"Established, High-Spend, Low-Risk",71,108.6,0.07784021961060174
1406-PUQVY,4,"New, Low-Spend, High-Risk",1,49.9,0.32721039412152697
1322-AGOQM,3,"Established, Low-Spend, Low-Risk",46,30.3,0.1335712150860385
3677-IYRBF,4,"New, Low-Spend, High-Risk",2,30.4,0.5913525031396287
5692-FPTAH,4,"New, Low-Spend, High-Risk",1,45.4,0.4221452416285605
9114-AAFQH,1,"Established, High-Spend, Low-Risk",48,65.65,0.06082078831188589
8715-KKTFG,1,"Established, High-Spend, Low-Risk",61,103.3,0.20231278429261415
1550-LOAHA,2,"New, High-Spend, High-Risk",32,84.15,0.42641763745310235
1728-BQDMA,4,"New, Low-Spend, High-Risk",2,44.45,0.41549942630437237
0268-QKIWO,4,"New, Low-Spend, High-Risk",3,19.75,0.201352425941893
0876-WDUUZ,2,"New, High-Spend, High-Risk",5,85.4,0.5795298350110782
5117-ZSMHQ,1,"Established, High-Spend, Low-Risk",71,89.9,0.01191859404121045
5151-HQRDG,3,"Established, Low-Spend, Low-Risk",37,55.05,0.13795146134313316
0960-HUWBM,1,"Established, High-Spend, Low-Risk",65,104.1,0.07833381202128435
6465-GSRCL,1,"Established, High-Spend, Low-Risk",67,106.6,0.12281991271172082
0617-FHSGK,1,"Established, High-Spend, Low-Risk",49,75.2,0.2705386962592729
0263-FJTQO,1,"Established, High-Spend, Low-Risk",50,70.5,0.018007076875716874
7319-ZNRTR,4,"New, Low-Spend, High-Risk",25,19.6,0.032865710784503926
2858-MOFSQ,4,"New, Low-Spend, High-Risk",17,55.85,0.15479346697592006
7503-EPSZW,3,"Established, Low-Spend, Low-Risk",64,24.05,0.004172629678433884
7089-XXAYG,4,"New, Low-Spend, High-Risk",25,38.1,0.23297152785682698
8118-LSUEL,2,"New, High-Spend, High-Risk",23,106.4,0.691976141715605
8070-AAWZP,4,"New, Low-Spend, High-Risk",24,34.25,0.2807915782852672
1666-JXLKU,2,"New, High-Spend, High-Risk",37,100.05,0.5935995188049039
7855-DIWPO,2,"New, High-Spend, High-Risk",21,68.65,0.47858962946313116
5133-POWUA,4,"New, Low-Spend, High-Risk",1,45.8,0.4230927797562584
5652-MSDEY,2,"New, High-Spend, High-Risk",10,75.75,0.6438441090871773
7005-CCBKV,2,"New, High-Spend, High-Risk",6,84.4,0.6373723086115965
1810-BOHSY,1,"Established, High-Spend, Low-Risk",51,96.4,0.15338014803221292
1784-BXEFA,4,"New, Low-Spend, High-Risk",10,20.55,0.15229522399128204
7351-MHQVU,4,"New, Low-Spend, High-Risk",6,50.95,0.3274611346702837
9224-VTYID,1,"Established, High-Spend, Low-Risk",47,90.5,0.025672697103748907
9500-IWPXQ,1,"Established, High-Spend, Low-Risk",61,79.4,0.021093884282609672
5762-TJXGK,3,"Established, Low-Spend, Low-Risk",52,58.75,0.038494925781421614
4504-YOULA,3,"Established, Low-Spend, Low-Risk",35,59.45,0.10569386133815165
5569-IDSEY,1,"Established, High-Spend, Low-Risk",71,105.7,0.18809632215530478
4250-FDVOU,4,"New, Low-Spend, High-Risk",6,56.25,0.23946051923262657
7284-ZZLOH,3,"Established, Low-Spend, Low-Risk",45,53.3,0.01886499354861605
5277-ZLOOR,2,"New, High-Spend, High-Risk",2,85.55,0.7941644472818782
2141-RRYGO,2,"New, High-Spend, High-Risk",4,68.65,0.49669136431468625
1777-JYQPJ,4,"New, Low-Spend, High-Risk",2,24.3,0.5637424272232162
6376-GAHQE,2,"New, High-Spend, High-Risk",4,77.85,0.6955029768060172
3401-URHDA,3,"Established, Low-Spend, Low-Risk",51,59.9,0.028821212522452927
1599-EAHXY,3,"Established, Low-Spend, Low-Risk",60,23.95,0.009984463475540488
8631-XVRZL,4,"New, Low-Spend, High-Risk",9,20.15,0.08237952606266497
5052-PNLOS,2,"New, High-Spend, High-Risk",3,105.35,0.7656803240308585
3853-LYGAM,2,"New, High-Spend, High-Risk",17,95.65,0.5569039241944094
6979-ZNSFF,2,"New, High-Spend, High-Risk",8,87.05,0.7218170196871414
5751-USDBL,1,"Established, High-Spend, Low-Risk",46,81.0,0.02128207079855653
5680-LQOGP,1,"Established, High-Spend, Low-Risk",68,82.45,0.011449287426693053
2386-LAHRK,2,"New, High-Spend, High-Risk",1,53.5,0.5032442032144379
8189-DUKMV,4,"New, Low-Spend, High-Risk",4,20.5,0.10288741590969121
6032-IGALN,4,"New, Low-Spend, High-Risk",1,25.1,0.5697805633778168
9931-DCEZH,4,"New, Low-Spend, High-Risk",28,54.4,0.050521024066338883
1898-JSNDC,3,"Established, Low-Spend, Low-Risk",39,58.6,0.08429523140516489
0315-LVCRK,2,"New, High-Spend, High-Risk",11,84.8,0.6202900877830869
3911-RSNHI,3,"Established, Low-Spend, Low-Risk",71,61.4,0.020585820820985267
2410-CIYFZ,4,"New, Low-Spend, High-Risk",2,20.4,0.17042842713583906
4248-HCETZ,2,"New, High-Spend, High-Risk",30,79.65,0.40711663209705284
5505-OVWQW,4,"New, Low-Spend, High-Risk",17,20.15,0.05819050367677465
7271-AJDTL,1,"Established, High-Spend, Low-Risk",55,94.45,0.3390172471224855
1867-TJHTS,1,"Established, High-Spend, Low-Risk",58,79.8,0.18359713736403394
0516-WJVXC,4,"New, Low-Spend, High-Risk",5,54.2,0.20931195983092213
9174-FKWZE,4,"New, Low-Spend, High-Risk",1,19.45,0.2519166025403877
6860-YRJZP,2,"New, High-Spend, High-Risk",9,74.05,0.7007930839590789
4429-WYGFR,4,"New, Low-Spend, High-Risk",26,49.15,0.15366729494970172
2817-LVCPP,3,"Established, Low-Spend, Low-Risk",50,19.4,0.006887916315527327
5038-ETMLM,1,"Established, High-Spend, Low-Risk",72,113.65,0.05199464132500271
5056-FIMPT,1,"Established, High-Spend, Low-Risk",43,106.0,0.1086243012962394
4521-WFJAI,3,"Established, Low-Spend, Low-Risk",56,25.95,0.007460205145413835
6569-KTMDU,4,"New, Low-Spend, High-Risk",1,19.1,0.21841366480603944
8809-RIHDD,1,"Established, High-Spend, Low-Risk",72,103.4,0.0813150174616244
8809-XKHMD,1,"Established, High-Spend, Low-Risk",72,100.55,0.03452429865128849
0396-YCHWO,2,"New, High-Spend, High-Risk",36,95.4,0.6102291050815604
0867-LDTTC,2,"New, High-Spend, High-Risk",5,75.15,0.41368355204433527
4822-NGOCH,2,"New, High-Spend, High-Risk",13,84.45,0.5713491653583996
9391-DXGGG,1,"Established, High-Spend, Low-Risk",44,89.15,0.22218627859548853
9844-FELAJ,1,"Established, High-Spend, Low-Risk",70,107.9,0.13586718730422584
2122-SZZZD,3,"Established, Low-Spend, Low-Risk",44,19.5,0.01756955512412703
5307-DZCVC,2,"New, High-Spend, High-Risk",32,85.95,0.5927136927456216
3148-AOIQT,3,"Established, Low-Spend, Low-Risk",69,24.95,0.004250820320978445
8679-JOEVF,4,"New, Low-Spend, High-Risk",16,59.4,0.3133794407319142
8395-ETZKQ,3,"Established, Low-Spend, Low-Risk",68,19.5,0.005527972266601181
6692-YQHXC,2,"New, High-Spend, High-Risk",16,69.95,0.5236938813776535
3889-VWBID,1,"Established, High-Spend, Low-Risk",68,82.85,0.009259575569786571
5222-JCXZT,4,"New, Low-Spend, High-Risk",4,19.0,0.19752576694716273
9754-CLVZW,4,"New, Low-Spend, High-Risk",26,38.85,0.11544808085321408
1432-FPAXX,4,"New, Low-Spend, High-Risk",29,30.6,0.24267607918409165
2739-CCZMB,4,"New, Low-Spend, High-Risk",5,20.35,0.15233548172844136
7080-TNUWP,1,"Established, High-Spend, Low-Risk",70,95.0,0.13543066169777557
0496-AHOOK,4,"New, Low-Spend, High-Risk",24,74.4,0.10347974569995085
8336-TAVKX,1,"Established, High-Spend, Low-Risk",72,78.45,0.011817432261628943
2468-SJFLM,2,"New, High-Spend, High-Risk",1,74.3,0.551744142254033
3181-VTHOE,3,"Established, Low-Spend, Low-Risk",70,51.05,0.027965282896692343
7168-HDQHG,3,"Established, Low-Spend, Low-Risk",36,19.2,0.04216486621014167
4803-AXVYP,2,"New, High-Spend, High-Risk",38,99.55,0.539354248397036
3884-HCSWG,2,"New, High-Spend, High-Risk",17,70.0,0.5050923052442984
4567-AKPIA,1,"Established, High-Spend, Low-Risk",41,109.1,0.22436548343355742
5077-DXTCG,4,"New, Low-Spend, High-Risk",1,45.3,0.42253141155851104
1142-WACZW,4,"New, Low-Spend, High-Risk",2,29.85,0.46043370311334014
7901-HXJVA,2,"New, High-Spend, High-Risk",14,76.45,0.523350907424217
5649-ANRML,2,"New, High-Spend, High-Risk",2,95.1,0.5970274839554969
4892-VLANZ,4,"New, Low-Spend, High-Risk",1,19.8,0.21826596218730207
5924-IFQTT,4,"New, Low-Spend, High-Risk",13,72.8,0.2769158636764861
7968-QUXNS,4,"New, Low-Spend, High-Risk",6,18.95,0.18312178298879683
2919-HBCJO,2,"New, High-Spend, High-Risk",4,76.65,0.5752109113353656
4236-XPXAV,2,"New, High-Spend, High-Risk",5,99.15,0.5582477716395434
8903-WMRNW,2,"New, High-Spend, High-Risk",15,101.75,0.5621844585328204
2452-SNHFZ,1,"Established, High-Spend, Low-Risk",47,75.45,0.18774263964469073
3629-WEAAM,4,"New, Low-Spend, High-Risk",8,64.1,0.31986389972082274
6029-CSMJE,4,"New, Low-Spend, High-Risk",17,25.65,0.3924558874897801
7993-NQLJE,2,"New, High-Spend, High-Risk",15,75.1,0.36166528286368615
9909-DFRJA,1,"Established, High-Spend, Low-Risk",26,95.85,0.16797525442304
9099-FTUHS,4,"New, Low-Spend, High-Risk",23,54.4,0.21113157704532617
0581-BXBUB,2,"New, High-Spend, High-Risk",4,72.75,0.6351538385148766
4962-CHQPW,3,"Established, Low-Spend, Low-Risk",29,19.85,0.026914255520083245
9467-ROOLM,4,"New, Low-Spend, High-Risk",25,19.05,0.08381908969616726
3030-YZADT,4,"New, Low-Spend, High-Risk",9,44.95,0.3501620512695286
7410-KTVFV,4,"New, Low-Spend, High-Risk",18,49.55,0.26810631535748913
5150-ITWWB,2,"New, High-Spend, High-Risk",3,94.85,0.8349081471135569
2253-KPMNB,3,"Established, Low-Spend, Low-Risk",69,46.25,0.005013831760249039
1345-ZUKID,4,"New, Low-Spend, High-Risk",14,19.35,0.0681327371296022
6429-SHBCB,2,"New, High-Spend, High-Risk",19,69.6,0.48716986042344324
9281-OFDMF,2,"New, High-Spend, High-Risk",39,90.7,0.4964478450613159
2603-HVKCG,2,"New, High-Spend, High-Risk",31,101.4,0.5113538447659229
1834-WULEG,4,"New, Low-Spend, High-Risk",24,20.25,0.034364285608115545
9097-ZUBYC,4,"New, Low-Spend, High-Risk",14,48.8,0.23320285275425398
5148-ORICT,1,"Established, High-Spend, Low-Risk",64,74.35,0.008716213826563712
4893-GYUJU,3,"Established, Low-Spend, Low-Risk",50,19.35,0.013486025843408123
4578-PHJYZ,1,"Established, High-Spend, Low-Risk",52,68.75,0.03032768451726628
7272-QDCKA,2,"New, High-Spend, High-Risk",28,100.2,0.4332805715532145
8908-SLFCJ,4,"New, Low-Spend, High-Risk",21,20.85,0.025192610264954722
8393-DLHGA,2,"New, High-Spend, High-Risk",25,95.9,0.5041021500624634
9766-HGEDE,4,"New, Low-Spend, High-Risk",17,19.35,0.05981440815056474
6968-MHOMU,3,"Established, Low-Spend, Low-Risk",58,45.0,0.10024520741459211
7395-IGJOS,2,"New, High-Spend, High-Risk",17,81.5,0.6300223724739672
5044-XDPYX,3,"Established, Low-Spend, Low-Risk",51,25.5,0.009474988680234187
1814-WFGVS,3,"Established, Low-Spend, Low-Risk",72,48.9,0.007777049106010544
2834-SPCJV,1,"Established, High-Spend, Low-Risk",52,84.1,0.23086907441143115
3721-WKIIL,3,"Established, Low-Spend, Low-Risk",27,19.6,0.019613550640240163
6734-CKRSM,4,"New, Low-Spend, High-Risk",3,20.0,0.20087049065280407
1265-ZFOSD,1,"Established, High-Spend, Low-Risk",64,81.3,0.01239620249830123
6568-POCUI,1,"Established, High-Spend, Low-Risk",45,95.2,0.11977549932550731
7890-VYYWG,2,"New, High-Spend, High-Risk",3,36.45,0.6650959877924
5197-LQXXH,1,"Established, High-Spend, Low-Risk",71,83.3,0.02272186454480023
9907-SWKKF,4,"New, Low-Spend, High-Risk",1,25.05,0.6162841451655872
3457-PQBYH,3,"Established, Low-Spend, Low-Risk",58,20.3,0.003737841524496179
7682-AZNDK,2,"New, High-Spend, High-Risk",34,89.85,0.35765816592699523
0587-DMGBH,4,"New, Low-Spend, High-Risk",8,49.85,0.25641085252365614
5384-ZTTWP,4,"New, Low-Spend, High-Risk",15,19.8,0.10301859011837441
3745-HRPHI,3,"Established, Low-Spend, Low-Risk",66,54.65,0.022027906919438133
7636-OWBPG,4,"New, Low-Spend, High-Risk",12,29.35,0.46041095024210177
1231-YNDEK,3,"Established, Low-Spend, Low-Risk",58,19.15,0.004687157722119244
1407-DIGZV,4,"New, Low-Spend, High-Risk",3,19.1,0.04627417560686719
6397-JNZZG,3,"Established, Low-Spend, Low-Risk",43,55.55,0.3065405647356688
0570-BFQHT,2,"New, High-Spend, High-Risk",9,80.55,0.5192377982131621
4393-OBCRR,4,"New, Low-Spend, High-Risk",3,20.25,0.10535703560189857
3523-QRQLL,4,"New, Low-Spend, High-Risk",22,69.5,0.1606536918417188
8564-LDKFL,1,"Established, High-Spend, Low-Risk",40,106.0,0.3536151575048063
3696-DFHHB,3,"Established, Low-Spend, Low-Risk",68,25.5,0.004411773631457821
0895-DQHEW,1,"Established, High-Spend, Low-Risk",54,104.3,0.42730446160663754
4717-GHADL,1,"Established, High-Spend, Low-Risk",50,79.6,0.04364725585173807
5501-TVMGM,2,"New, High-Spend, High-Risk",1,55.25,0.49220812834151145
5879-HMFFH,1,"Established, High-Spend, Low-Risk",72,88.05,0.015535557474060064
6772-WFQRD,3,"Established, Low-Spend, Low-Risk",40,20.4,0.016563422316076305
3810-DVDQQ,1,"Established, High-Spend, Low-Risk",72,117.6,0.039492751249598175
6972-SNKKW,4,"New, Low-Spend, High-Risk",6,20.0,0.17907913397312278
3694-GLTJM,4,"New, Low-Spend, High-Risk",5,19.65,0.18691921951387516
8550-XSXUQ,1,"Established, High-Spend, Low-Risk",48,70.55,0.08727329326921568
8149-RSOUN,2,"New, High-Spend, High-Risk",1,93.85,0.8151871573990974
9055-MOJJJ,1,"Established, High-Spend, Low-Risk",64,65.8,0.014349850804438976
4359-INNWN,4,"New, Low-Spend, High-Risk",17,20.05,0.05809481904527959
0585-EGDDA,1,"Established, High-Spend, Low-Risk",40,80.0,0.28753791299747233
4032-RMHCI,3,"Established, Low-Spend, Low-Risk",41,35.4,0.04913490409399177
0549-CYCQN,1,"Established, High-Spend, Low-Risk",51,79.6,0.18142079419823892
3481-JHUZH,1,"Established, High-Spend, Low-Risk",41,80.25,0.3690552992753392
7250-EQKIY,4,"New, Low-Spend, High-Risk",1,50.45,0.3546825726567974
3594-IVHJZ,4,"New, Low-Spend, High-Risk",2,20.45,0.20716460245821663
6869-FGJJC,1,"Established, High-Spend, Low-Risk",68,79.6,0.06858144741201207
3896-ZVNET,4,"New, Low-Spend, High-Risk",24,24.7,0.02468969976151243
8205-VSLRB,1,"Established, High-Spend, Low-Risk",70,77.3,0.011731757173698225
5960-MVTUK,4,"New, Low-Spend, High-Risk",3,29.75,0.44943576575611227
6817-WTYHE,4,"New, Low-Spend, High-Risk",2,44.9,0.41769375276858506
3082-VQXNH,4,"New, Low-Spend, High-Risk",3,29.8,0.5154122539630572
4013-UBXWQ,2,"New, High-Spend, High-Risk",7,74.65,0.4858800290863142
4931-TRZWN,2,"New, High-Spend, High-Risk",13,71.95,0.33640096801707525
0750-EKNGL,4,"New, Low-Spend, High-Risk",7,20.75,0.17248638761960683
7669-LCRSD,4,"New, Low-Spend, High-Risk",12,56.3,0.3340125129182487
3567-PQTSO,1,"Established, High-Spend, Low-Risk",53,105.25,0.231192051827467
5519-NPHVG,2,"New, High-Spend, High-Risk",12,94.2,0.7550647850752236
8043-PNYSD,3,"Established, Low-Spend, Low-Risk",63,19.55,0.00302564625333886
9938-EKRGF,4,"New, Low-Spend, High-Risk",15,84.45,0.21234948301227874
2703-AMTUL,3,"Established, Low-Spend, Low-Risk",36,53.65,0.036639160498869935
0928-JMXNP,4,"New, Low-Spend, High-Risk",4,29.9,0.5797153767914895
8173-RXAYP,4,"New, Low-Spend, High-Risk",24,19.7,0.017805873384603647
4825-XJGDM,3,"Established, Low-Spend, Low-Risk",61,43.7,0.01737657414136129
5402-HTOTQ,4,"New, Low-Spend, High-Risk",16,55.3,0.32111216466038994
6734-JDTTV,3,"Established, Low-Spend, Low-Risk",65,19.85,0.002735210051382843
7850-THJMU,3,"Established, Low-Spend, Low-Risk",26,19.65,0.01627995818117543
3890-RTCMS,4,"New, Low-Spend, High-Risk",16,49.45,0.2142656164825402
8849-GYOKR,1,"Established, High-Spend, Low-Risk",54,106.55,0.19678508078998158
3148-BLQJT,4,"New, Low-Spend, High-Risk",1,20.1,0.21745681174525083
3717-FDJFU,4,"New, Low-Spend, High-Risk",5,20.45,0.04097894579531748
3665-JATSN,4,"New, Low-Spend, High-Risk",19,39.7,0.4056752885820185
7966-YOTQW,4,"New, Low-Spend, High-Risk",10,54.5,0.31041287155492875
0461-CVKMU,2,"New, High-Spend, High-Risk",23,83.8,0.2737357213143021
8806-EAGWC,2,"New, High-Spend, High-Risk",3,55.15,0.47702371851083886
8853-TZDGH,1,"Established, High-Spend, Low-Risk",72,111.6,0.07318682942018019
7779-LGOVN,2,"New, High-Spend, High-Risk",10,86.65,0.7486148738559064
4324-BZCKL,4,"New, Low-Spend, High-Risk",10,55.55,0.24558288667570274
6924-TDGMT,4,"New, Low-Spend, High-Risk",11,20.55,0.07677755694431324
9710-ZUSHQ,2,"New, High-Spend, High-Risk",37,106.75,0.5017081046973992
1536-YHDOE,4,"New, Low-Spend, High-Risk",17,62.1,0.07756314098518728
8123-QBNAZ,2,"New, High-Spend, High-Risk",36,104.5,0.42845887174005876
3629-ZNKXA,2,"New, High-Spend, High-Risk",17,101.8,0.6551490782145767
4827-LTQRJ,1,"Established, High-Spend, Low-Risk",66,110.6,0.10316005464056814
7711-YIJWC,1,"Established, High-Spend, Low-Risk",61,84.9,0.022647795358844557
5482-VXSXJ,2,"New, High-Spend, High-Risk",22,93.2,0.5988672376208637
7365-BVCJH,4,"New, Low-Spend, High-Risk",1,24.4,0.5749926051044496
9620-ENEJV,2,"New, High-Spend, High-Risk",6,70.55,0.6024365858046822
4183-WCSEP,1,"Established, High-Spend, Low-Risk",31,78.45,0.2758540634182832
2378-YIZKA,1,"Established, High-Spend, Low-Risk",68,85.0,0.00872546374179749
5498-TXHLF,2,"New, High-Spend, High-Risk",34,87.45,0.46988906681299775
0689-DSXGL,1,"Established, High-Spend, Low-Risk",52,85.8,0.1264472223628208
6818-DJXAA,2,"New, High-Spend, High-Risk",10,91.1,0.4693077571811975
9722-UJOJR,2,"New, High-Spend, High-Risk",29,70.75,0.3461996022198435
0464-WJTKO,3,"Established, Low-Spend, Low-Risk",72,20.1,0.0019751116146117997
8902-ZEOVF,3,"Established, Low-Spend, Low-Risk",47,20.05,0.012313234427011469
6778-EICRF,4,"New, Low-Spend, High-Risk",24,74.8,0.1582175491796934
2662-NNTDK,3,"Established, Low-Spend, Low-Risk",65,24.8,0.009782353710889492
4132-KALRO,2,"New, High-Spend, High-Risk",4,100.85,0.7214154781678798
3902-FOIGH,2,"New, High-Spend, High-Risk",12,101.35,0.7653410093403404
6772-KSATR,2,"New, High-Spend, High-Risk",1,81.7,0.6032541766477724
7112-OPOTK,2,"New, High-Spend, High-Risk",33,68.25,0.37038623124176223
2874-YXVVA,2,"New, High-Spend, High-Risk",34,105.1,0.40013336606340416
1245-HARPS,4,"New, Low-Spend, High-Risk",14,20.4,0.035599840180018744
4210-QFJMF,2,"New, High-Spend, High-Risk",4,79.15,0.6861754889691496
4323-ELYYB,4,"New, Low-Spend, High-Risk",13,20.0,0.05606479734905495
4293-ETKAP,1,"Established, High-Spend, Low-Risk",65,79.4,0.020973533737415007
6064-PUPMC,4,"New, Low-Spend, High-Risk",23,57.2,0.046556295354763515
6504-VBLFL,3,"Established, Low-Spend, Low-Risk",55,58.6,0.011305346515020253
6322-PJJDJ,1,"Established, High-Spend, Low-Risk",49,94.8,0.1353923198333184
0330-BGYZE,1,"Established, High-Spend, Low-Risk",60,102.5,0.24314043738684948
1085-LDWAM,3,"Established, Low-Spend, Low-Risk",69,20.35,0.00447050513937084
7586-ZATGZ,2,"New, High-Spend, High-Risk",40,84.9,0.4843981200642052
7197-VOJMM,1,"Established, High-Spend, Low-Risk",67,69.2,0.00790925450877316
3318-OSATS,2,"New, High-Spend, High-Risk",35,95.45,0.6600767108470336
5828-AVIPD,2,"New, High-Spend, High-Risk",19,100.95,0.3860307837316247
1843-TLSGD,4,"New, Low-Spend, High-Risk",13,20.85,0.0289790505420509
9626-VFRGG,1,"Established, High-Spend, Low-Risk",41,88.5,0.3850936262998545
7075-BNDVQ,4,"New, Low-Spend, High-Risk",4,35.0,0.40631628296891553
9143-CANJF,4,"New, Low-Spend, High-Risk",24,55.15,0.09001618941037659
7284-BUYEC,2,"New, High-Spend, High-Risk",5,50.95,0.6194110019839705
2041-JIJCI,2,"New, High-Spend, High-Risk",5,64.0,0.49446483454258394
1086-LXKFY,2,"New, High-Spend, High-Risk",1,69.1,0.5958951209055189
4900-MSOMT,1,"Established, High-Spend, Low-Risk",72,80.2,0.007578882681874538
2229-VWQJH,4,"New, Low-Spend, High-Risk",24,49.3,0.2202586707967457
9194-GFVOI,1,"Established, High-Spend, Low-Risk",42,84.35,0.042756436233519345
1336-EZFZY,4,"New, Low-Spend, High-Risk",4,20.05,0.19341789424660433
4282-MSACW,1,"Established, High-Spend, Low-Risk",68,117.2,0.10623491887292846
1403-LKLIK,3,"Established, Low-Spend, Low-Risk",33,20.1,0.02257276801240393
2636-ALXXZ,2,"New, High-Spend, High-Risk",1,69.6,0.6895026675921229
7774-OJSXI,2,"New, High-Spend, High-Risk",31,103.45,0.4083068609801012
7786-WBJYI,2,"New, High-Spend, High-Risk",4,77.95,0.660395075339245
0136-IFMYD,1,"Established, High-Spend, Low-Risk",69,109.95,0.0986111316388066
5144-TVGLP,2,"New, High-Spend, High-Risk",38,94.75,0.6368005185512894
9643-AVVWI,2,"New, High-Spend, High-Risk",3,80.0,0.43073504891420517
0253-ZTEOB,1,"Established, High-Spend, Low-Risk",48,79.65,0.03751282193392166
2706-QZIHY,4,"New, Low-Spend, High-Risk",15,25.2,0.046637569285746264
6061-PQHMK,4,"New, Low-Spend, High-Risk",25,19.9,0.04121298200255776
9885-CSMWE,2,"New, High-Spend, High-Risk",1,78.45,0.7507580362758162
6137-MFAJN,3,"Established, Low-Spend, Low-Risk",48,44.8,0.11830985906225112
9122-UMROB,4,"New, Low-Spend, High-Risk",1,20.3,0.21691858272550496
4232-JGKIY,4,"New, Low-Spend, High-Risk",1,19.2,0.21989076639586028
2402-TAIRZ,1,"Established, High-Spend, Low-Risk",37,80.05,0.17066089255814526
9659-ZTWSM,1,"Established, High-Spend, Low-Risk",66,107.35,0.18729417492382644
9139-TWBAS,4,"New, Low-Spend, High-Risk",26,47.85,0.13584654210630986
6685-GBWJZ,1,"Established, High-Spend, Low-Risk",63,70.8,0.017798581149806186
5016-ETTFF,4,"New, Low-Spend, High-Risk",10,29.5,0.45906503764428463
3866-MDTUB,2,"New, High-Spend, High-Risk",2,70.75,0.4328646504361757
2195-VVRJF,4,"New, Low-Spend, High-Risk",18,59.1,0.2842622708860075
3913-RDSJZ,3,"Established, Low-Spend, Low-Risk",64,25.55,0.005408648536750247
8058-JMEQO,2,"New, High-Spend, High-Risk",9,84.45,0.7540661131163453
4203-QGNZA,3,"Established, Low-Spend, Low-Risk",28,20.25,0.057427492697579116
5043-TRZWM,2,"New, High-Spend, High-Risk",1,75.55,0.6299974554143416
0697-ZMSWS,2,"New, High-Spend, High-Risk",4,85.65,0.7467938917621488
7657-DYEPJ,1,"Established, High-Spend, Low-Risk",38,70.15,0.0708949946013891
9494-BDNNC,1,"Established, High-Spend, Low-Risk",66,95.3,0.1489036784737187
1640-PLFMP,2,"New, High-Spend, High-Risk",1,70.25,0.6446142263547626
5366-OBVMR,4,"New, Low-Spend, High-Risk",18,50.3,0.20189140483635432
8276-MQBYC,2,"New, High-Spend, High-Risk",51,97.8,0.536228325480655
7644-OMVMY,4,"New, Low-Spend, High-Risk",0,19.85,0.06979341109515216
7593-XFKDI,4,"New, Low-Spend, High-Risk",1,46.3,0.421162192235202
4573-JKNAE,4,"New, Low-Spend, High-Risk",12,19.35,0.030291165109843244
0337-CNPZE,2,"New, High-Spend, High-Risk",41,106.3,0.5292476159922452
9817-APLHW,4,"New, Low-Spend, High-Risk",12,25.0,0.18805635608219848
8380-MQINP,3,"Established, Low-Spend, Low-Risk",55,20.3,0.004271763920055789
0840-DFEZH,2,"New, High-Spend, High-Risk",7,75.35,0.6692277965688204
1513-XNPPH,2,"New, High-Spend, High-Risk",12,89.4,0.5166149114156958
8690-ZVLCL,1,"Established, High-Spend, Low-Risk",68,88.0,0.013731727135275726
6015-VVHHE,2,"New, High-Spend, High-Risk",5,83.15,0.7845362758272652
1125-SNVCK,3,"Established, Low-Spend, Low-Risk",49,43.8,0.11097740200852825
0384-LPITE,3,"Established, Low-Spend, Low-Risk",40,62.05,0.10994980554597072
4616-EWBNJ,4,"New, Low-Spend, High-Risk",16,20.1,0.060639250521393524
6347-DCUIK,2,"New, High-Spend, High-Risk",10,74.15,0.653692574686113
1335-HQMKX,1,"Established, High-Spend, Low-Risk",72,101.35,0.18466628466460774
2545-EBUPK,2,"New, High-Spend, High-Risk",2,84.05,0.7953580366492123
6923-AQONU,4,"New, Low-Spend, High-Risk",23,20.9,0.01855098155013955
2172-EJXVF,1,"Established, High-Spend, Low-Risk",71,105.9,0.21424267150134454
0897-FEGMU,2,"New, High-Spend, High-Risk",11,99.5,0.7577846254904896
7663-RGWBC,4,"New, Low-Spend, High-Risk",1,44.15,0.42948009618133026
1120-BMWUB,4,"New, Low-Spend, High-Risk",16,53.9,0.18728343164439049
9124-LHCJQ,2,"New, High-Spend, High-Risk",1,85.45,0.7635220772323907
4536-PLEQY,2,"New, High-Spend, High-Risk",12,85.05,0.5917914840923959
7029-IJEJK,3,"Established, Low-Spend, Low-Risk",54,44.1,0.03712537991990095
8871-JLMHM,1,"Established, High-Spend, Low-Risk",68,90.2,0.03895592858479397
2235-ZGKPT,4,"New, Low-Spend, High-Risk",4,50.85,0.4138547594804181
3891-PUQOD,4,"New, Low-Spend, High-Risk",1,59.2,0.41705794108293714
5447-VYTKW,4,"New, Low-Spend, High-Risk",27,53.45,0.10229324570549382
3623-FQBOX,4,"New, Low-Spend, High-Risk",21,19.95,0.09944462437190972
0689-NKYLF,2,"New, High-Spend, High-Risk",13,83.2,0.6150288982594655
8659-HDIYE,1,"Established, High-Spend, Low-Risk",64,74.65,0.088260469513038
3658-KIBGF,4,"New, Low-Spend, High-Risk",1,54.9,0.2783424628665844
3474-BAFSJ,3,"Established, Low-Spend, Low-Risk",57,57.5,0.03539681180409929
5519-YLDGW,2,"New, High-Spend, High-Risk",21,103.9,0.6048791862164976
3865-ZFZIB,4,"New, Low-Spend, High-Risk",19,19.65,0.028149532465932884
1855-AGAWH,2,"New, High-Spend, High-Risk",31,93.8,0.3748954262498622
7109-CQYUZ,1,"Established, High-Spend, Low-Risk",52,89.25,0.027322993576409355
1370-GGAWX,1,"Established, High-Spend, Low-Risk",46,94.15,0.24074845860794455
4680-KUTAJ,4,"New, Low-Spend, High-Risk",11,55.6,0.3358618566018353
5307-UVGNB,3,"Established, Low-Spend, Low-Risk",53,48.7,0.0786069645255987
4946-EDSEW,4,"New, Low-Spend, High-Risk",11,19.25,0.12205646619529432
2883-ILGWO,1,"Established, High-Spend, Low-Risk",57,104.9,0.37580280083148554
2516-VQRRV,2,"New, High-Spend, High-Risk",2,75.45,0.7429011761645614
7580-UGXNC,4,"New, Low-Spend, High-Risk",2,54.85,0.31006247333281856
3642-BYHDO,3,"Established, Low-Spend, Low-Risk",71,19.9,0.002052423202804257
9629-NHXFW,4,"New, Low-Spend, High-Risk",1,19.4,0.1816892567403184
2696-RZVZW,3,"Established, Low-Spend, Low-Risk",68,25.05,0.0044240614512057784
5766-FTRTS,1,"Established, High-Spend, Low-Risk",72,84.45,0.01021618279873277
0396-HUJBP,4,"New, Low-Spend, High-Risk",2,19.3,0.21027985385668432
5178-LMXOP,2,"New, High-Spend, High-Risk",1,95.1,0.8446057995383307
8879-ZKJOF,1,"Established, High-Spend, Low-Risk",41,79.85,0.058496910466174286
6285-FTQBF,3,"Established, Low-Spend, Low-Risk",72,25.55,0.002938077154119337
8185-UPYBR,2,"New, High-Spend, High-Risk",6,75.5,0.6818695065859486
4585-HETAI,2,"New, High-Spend, High-Risk",4,73.75,0.5591113079243449
7526-BEZQB,2,"New, High-Spend, High-Risk",12,96.05,0.7554792607685823
1474-JUWSM,1,"Established, High-Spend, Low-Risk",58,68.4,0.03341146425814917
3530-CRZSB,4,"New, Low-Spend, High-Risk",7,20.65,0.17170827680537465
8498-XXGWA,3,"Established, Low-Spend, Low-Risk",65,55.15,0.036394543589431914
9617-INGJY,2,"New, High-Spend, High-Risk",1,70.6,0.6456843883766362
0621-TSSMU,3,"Established, Low-Spend, Low-Risk",56,19.95,0.01047203051065005
7234-KMNRQ,4,"New, Low-Spend, High-Risk",4,19.0,0.19734200824224463
7636-PEPNS,3,"Established, Low-Spend, Low-Risk",58,44.1,0.025388713485020305
4683-WYDOU,1,"Established, High-Spend, Low-Risk",62,107.6,0.11174340667853522
9052-DHNKM,4,"New, Low-Spend, High-Risk",26,61.55,0.08680416787986694
6794-HKIAJ,1,"Established, High-Spend, Low-Risk",62,90.7,0.15357440560858746
5578-NKCXI,1,"Established, High-Spend, Low-Risk",58,99.25,0.10775033121341866
1642-HMARX,1,"Established, High-Spend, Low-Risk",68,91.7,0.01753187189815338
3096-WPXBT,1,"Established, High-Spend, Low-Risk",61,100.7,0.09215571638487523
8434-PNQZX,1,"Established, High-Spend, Low-Risk",42,78.45,0.06366751383600953
5950-AAAGJ,2,"New, High-Spend, High-Risk",18,84.3,0.6610786335391217
4299-OPXEJ,3,"Established, Low-Spend, Low-Risk",56,19.55,0.0051463077129791784
4951-UKAAQ,2,"New, High-Spend, High-Risk",4,88.95,0.7166013459161807
9618-LFJRU,4,"New, Low-Spend, High-Risk",4,20.45,0.1924039491440996
6693-DJWTY,3,"Established, Low-Spend, Low-Risk",35,55.6,0.036605530755649374
0744-GKNGE,1,"Established, High-Spend, Low-Risk",64,86.8,0.09144528909679518
6447-EGDIV,3,"Established, Low-Spend, Low-Risk",31,20.95,0.031264867347044624
1167-OYZJF,3,"Established, Low-Spend, Low-Risk",67,20.05,0.0037945832860862058
2108-YKQTY,4,"New, Low-Spend, High-Risk",4,50.7,0.349295968889919
4806-DXQCE,1,"Established, High-Spend, Low-Risk",70,113.65,0.06239709075441979
4918-QLLIW,2,"New, High-Spend, High-Risk",3,53.4,0.4856016235833757
7056-IMHCC,1,"Established, High-Spend, Low-Risk",53,101.9,0.506312071460646
4854-SSLTN,4,"New, Low-Spend, High-Risk",2,59.5,0.04559010895465982
5294-DMSFH,2,"New, High-Spend, High-Risk",29,87.8,0.5228850639196396
4837-PZTIC,3,"Established, Low-Spend, Low-Risk",47,41.9,0.017025670885785497
1625-JAIIY,1,"Established, High-Spend, Low-Risk",68,83.0,0.12524251537949393
0603-OLQDC,4,"New, Low-Spend, High-Risk",12,69.85,0.2983910017224348
3272-VUHPV,4,"New, Low-Spend, High-Risk",8,56.3,0.19470167950085418
4176-FXYBO,1,"Established, High-Spend, Low-Risk",54,109.55,0.35611237852174704
1063-DHQJF,1,"Established, High-Spend, Low-Risk",69,92.15,0.030644383964682085
8663-UPDGF,4,"New, Low-Spend, High-Risk",26,69.5,0.22376325055091692
6719-FGEDO,1,"Established, High-Spend, Low-Risk",72,97.0,0.023223770253022753
1837-YQUCE,3,"Established, Low-Spend, Low-Risk",70,58.35,0.016148994082699177
2947-DOMLJ,4,"New, Low-Spend, High-Risk",1,50.6,0.2627376731760717
4112-LUEIZ,2,"New, High-Spend, High-Risk",10,89.5,0.7077961858398084
0369-ZGOVK,4,"New, Low-Spend, High-Risk",28,70.4,0.20717833529411206
4510-HIMLV,2,"New, High-Spend, High-Risk",1,69.8,0.6485759919499146
9919-KNPOO,2,"New, High-Spend, High-Risk",21,94.3,0.7085226335433269
8749-JMNKX,1,"Established, High-Spend, Low-Risk",51,93.8,0.3494436247547347
7872-BAAZR,3,"Established, Low-Spend, Low-Risk",53,19.55,0.009214012850484756
9391-LMANN,1,"Established, High-Spend, Low-Risk",53,95.95,0.08156086805686286
2430-USGXP,2,"New, High-Spend, High-Risk",24,101.05,0.6799900126738537
8174-TBVCF,1,"Established, High-Spend, Low-Risk",70,94.8,0.016556022651996682
1698-XFZCI,1,"Established, High-Spend, Low-Risk",61,107.75,0.166148107041997
1877-HKBQX,4,"New, Low-Spend, High-Risk",11,54.6,0.08880550318520414
4450-DLLMH,2,"New, High-Spend, High-Risk",2,71.3,0.6357484952968309
0428-AXXLJ,4,"New, Low-Spend, High-Risk",25,19.5,0.041779678061820626
2746-DIJLO,3,"Established, Low-Spend, Low-Risk",41,56.3,0.07756055645698678
5955-ERIHD,2,"New, High-Spend, High-Risk",18,94.7,0.7287019786348344
0917-EZOLA,1,"Established, High-Spend, Low-Risk",72,104.15,0.12725362697987425
3508-VLHCZ,1,"Established, High-Spend, Low-Risk",71,90.55,0.011542064996628212
4086-ATNFV,3,"Established, Low-Spend, Low-Risk",34,60.8,0.037299632895831464
0468-YRPXN,2,"New, High-Spend, High-Risk",29,98.8,0.4692581810184463
5996-NRVXR,1,"Established, High-Spend, Low-Risk",40,98.15,0.13663200259541317
3739-YBWAB,3,"Established, Low-Spend, Low-Risk",36,35.35,0.07814079654110696
7047-FWEYA,1,"Established, High-Spend, Low-Risk",46,103.15,0.2429585479124359
2000-MPKCA,1,"Established, High-Spend, Low-Risk",58,107.75,0.1806129233021891
9762-YAQAA,1,"Established, High-Spend, Low-Risk",39,81.4,0.21689591996933746
5949-EBSQK,4,"New, Low-Spend, High-Risk",4,61.45,0.30915457418267694
5473-KHBPS,1,"Established, High-Spend, Low-Risk",52,95.7,0.17302513184120158
0100-DUVFC,1,"Established, High-Spend, Low-Risk",70,104.8,0.2244048165170947
5397-TUPSH,1,"Established, High-Spend, Low-Risk",65,70.95,0.09802724225125947
8950-MTZNV,4,"New, Low-Spend, High-Risk",1,44.95,0.4263801452985833
0326-VDYXE,1,"Established, High-Spend, Low-Risk",70,97.65,0.21366335378172496
6773-LQTVT,4,"New, Low-Spend, High-Risk",29,35.65,0.23223982460604983
7274-RTAPZ,2,"New, High-Spend, High-Risk",1,90.55,0.7609308024485788
0436-TWFFZ,1,"Established, High-Spend, Low-Risk",67,85.25,0.018791267775467003
8566-YPRGL,4,"New, Low-Spend, High-Risk",1,19.5,0.21733475251364678
0311-UNPFF,2,"New, High-Spend, High-Risk",26,88.8,0.5934727362018739
6609-MXJHJ,3,"Established, Low-Spend, Low-Risk",30,25.1,0.01908993412582234
2669-OIDSD,1,"Established, High-Spend, Low-Risk",48,100.05,0.3418951432797424
8400-WZICQ,3,"Established, Low-Spend, Low-Risk",55,55.7,0.036899049212052525
3834-XUIFC,2,"New, High-Spend, High-Risk",7,85.2,0.7297720605876129
9576-SYUHJ,2,"New, High-Spend, High-Risk",37,91.15,0.4000346954057858
0410-IPFTY,2,"New, High-Spend, High-Risk",31,83.85,0.4446225946040304
2831-EBWRN,4,"New, Low-Spend, High-Risk",4,45.9,0.3940368581918018
9430-NKQLY,3,"Established, Low-Spend, Low-Risk",72,25.1,0.0029114093476874867
8414-MYSHR,2,"New, High-Spend, High-Risk",5,91.4,0.7704275784237951
0247-SLUJI,4,"New, Low-Spend, High-Risk",1,19.7,0.18250335065682186
9402-ORRAH,2,"New, High-Spend, High-Risk",15,91.5,0.7102043356431383
6483-OATDN,4,"New, Low-Spend, High-Risk",8,51.3,0.2153091257517292
1293-HHSHJ,3,"Established, Low-Spend, Low-Risk",35,21.1,0.025943880961195914
4840-ORQXB,1,"Established, High-Spend, Low-Risk",56,104.75,0.46861811661676944
7599-FKVXZ,2,"New, High-Spend, High-Risk",42,106.15,0.47022160873171537
3982-DQLUS,1,"Established, High-Spend, Low-Risk",65,85.75,0.1405150154069694
8610-ZIKJJ,4,"New, Low-Spend, High-Risk",2,20.3,0.08923467659571334
3756-VNWDH,1,"Established, High-Spend, Low-Risk",65,100.75,0.20128022259704956
7801-KICAO,2,"New, High-Spend, High-Risk",18,74.15,0.5829452466047167
7673-LPRNY,4,"New, Low-Spend, High-Risk",23,78.55,0.19140897464875486
8229-TNIQA,4,"New, Low-Spend, High-Risk",4,45.3,0.39375381501430295
6060-QBMGV,3,"Established, Low-Spend, Low-Risk",70,19.85,0.0028314801934341506
7339-POGZN,4,"New, Low-Spend, High-Risk",4,50.7,0.4686150340992675
2828-SLQPF,4,"New, Low-Spend, High-Risk",19,45.0,0.2628135588327988
4465-VDKIQ,2,"New, High-Spend, High-Risk",18,77.8,0.4543120974139865
2921-XWDJH,1,"Established, High-Spend, Low-Risk",38,83.45,0.3597303010243697
6221-AVQYL,2,"New, High-Spend, High-Risk",2,73.25,0.7127402286366799
2558-BUOZZ,1,"Established, High-Spend, Low-Risk",47,94.8,0.17214771443068408
9257-AZMTZ,3,"Established, Low-Spend, Low-Risk",52,20.1,0.004982326119336883
0003-MKNFE,2,"New, High-Spend, High-Risk",9,59.9,0.4956982853281299
0975-UYDTX,1,"Established, High-Spend, Low-Risk",26,90.1,0.11111274481347169
7743-EXURX,4,"New, Low-Spend, High-Risk",8,51.05,0.29448390547731007
4682-BLBUC,1,"Established, High-Spend, Low-Risk",44,70.95,0.0524411432271611
0975-VOOVL,4,"New, Low-Spend, High-Risk",3,29.2,0.5089009785565622
5968-VXZLG,4,"New, Low-Spend, High-Risk",2,46.6,0.40988409669879233
5569-KGJHX,2,"New, High-Spend, High-Risk",9,85.35,0.6689493736664206
4988-IQIGL,2,"New, High-Spend, High-Risk",1,75.35,0.7513320009927871
5201-FRKKS,2,"New, High-Spend, High-Risk",25,74.3,0.33973672657082826
9799-CAYJJ,2,"New, High-Spend, High-Risk",2,69.3,0.6892013652134775
7730-IUTDZ,1,"Established, High-Spend, Low-Risk",43,75.2,0.21043053101782008
0426-TIRNE,4,"New, Low-Spend, High-Risk",1,20.9,0.21358892187530162
5443-SCMKX,1,"Established, High-Spend, Low-Risk",58,94.3,0.1862304192683006
8295-KMENE,1,"Established, High-Spend, Low-Risk",59,76.45,0.013146445717901377
6738-ISCBM,3,"Established, Low-Spend, Low-Risk",44,54.0,0.1105658752581311
9821-BESNZ,1,"Established, High-Spend, Low-Risk",66,104.25,0.1547620974762563
3678-MNGZX,3,"Established, Low-Spend, Low-Risk",68,19.95,0.002403778841673562
1335-NTIUC,4,"New, Low-Spend, High-Risk",9,24.95,0.48122890648577005
2916-BQZLN,2,"New, High-Spend, High-Risk",19,84.75,0.4541940704597464
4558-CGYCZ,4,"New, Low-Spend, High-Risk",4,19.75,0.19560557431554082
2368-GAKKQ,1,"Established, High-Spend, Low-Risk",70,113.65,0.053130128567572495
8710-YGLWG,4,"New, Low-Spend, High-Risk",1,44.9,0.42657372546725775
3199-XGZCY,2,"New, High-Spend, High-Risk",8,75.25,0.6588970606820636
3785-KTYSH,3,"Established, Low-Spend, Low-Risk",53,24.6,0.008554474015328925
6814-ZPWFQ,3,"Established, Low-Spend, Low-Risk",51,25.0,0.022006213584141742
4063-EIKNQ,4,"New, Low-Spend, High-Risk",11,20.95,0.1222138002400553
6993-YCOBK,1,"Established, High-Spend, Low-Risk",60,110.6,0.060923525449355045
5206-HPJKM,4,"New, Low-Spend, High-Risk",17,55.5,0.1718330873424534
7587-RZNME,4,"New, Low-Spend, High-Risk",3,43.3,0.4123206062222669
0748-RDGGM,1,"Established, High-Spend, Low-Risk",70,109.5,0.0706799042160794
8393-JMVMB,4,"New, Low-Spend, High-Risk",1,19.45,0.2192127110250069
5019-GQVCR,2,"New, High-Spend, High-Risk",43,84.85,0.5094588893634212
6036-TTFYU,4,"New, Low-Spend, High-Risk",16,19.6,0.12444849802351499
2550-AEVRU,3,"Established, Low-Spend, Low-Risk",57,53.45,0.016311794574443168
0969-RGKCU,3,"Established, Low-Spend, Low-Risk",37,19.8,0.0191842878271781
0378-CJKPV,1,"Established, High-Spend, Low-Risk",72,112.1,0.050956231453237175
4706-AXVKM,2,"New, High-Spend, High-Risk",11,84.8,0.7397287547709689
5889-JTMUL,1,"Established, High-Spend, Low-Risk",50,95.05,0.4323959490559067
9026-RNUJS,4,"New, Low-Spend, High-Risk",5,50.35,0.4178632230372602
3746-EUBYR,2,"New, High-Spend, High-Risk",1,74.6,0.7214942204890291
2332-EFBJY,4,"New, Low-Spend, High-Risk",16,19.7,0.12316999721266368
2880-FPNAE,2,"New, High-Spend, High-Risk",2,74.2,0.6782484990282223
1703-MGIAB,4,"New, Low-Spend, High-Risk",17,69.0,0.32003211616641836
4311-QTTAI,4,"New, Low-Spend, High-Risk",16,19.35,0.06104645360197904
9474-PHLYD,4,"New, Low-Spend, High-Risk",15,59.45,0.35054668120166543
4318-RAJVY,4,"New, Low-Spend, High-Risk",10,19.8,0.07884277745066473
2165-VOEGB,1,"Established, High-Spend, Low-Risk",46,105.2,0.10141035043697715
3612-YUNGG,1,"Established, High-Spend, Low-Risk",64,109.2,0.07030412117270253
2254-DLXRI,2,"New, High-Spend, High-Risk",1,79.15,0.6789759342120405
5062-CJJKH,4,"New, Low-Spend, High-Risk",25,53.65,0.08139708122757221
9028-LIHRP,1,"Established, High-Spend, Low-Risk",71,100.2,0.019785736895832018
2219-MVUSO,4,"New, Low-Spend, High-Risk",8,45.15,0.36135663390460215
1053-MXTTK,1,"Established, High-Spend, Low-Risk",72,108.65,0.027639857147878744
1530-ZTDOZ,3,"Established, Low-Spend, Low-Risk",49,40.65,0.13249771895337473
1301-LOPVR,4,"New, Low-Spend, High-Risk",29,55.35,0.0679478449038113
0853-TWRVK,1,"Established, High-Spend, Low-Risk",72,105.6,0.03433147196747113
8914-RBTSB,2,"New, High-Spend, High-Risk",31,93.8,0.5318311770721174
6212-ATMLK,1,"Established, High-Spend, Low-Risk",50,95.7,0.4918393221186515
8200-LGKSR,1,"Established, High-Spend, Low-Risk",71,83.2,0.017982302063964933
1568-BEKZM,1,"Established, High-Spend, Low-Risk",70,90.05,0.019499139618533404
0670-ANMUU,1,"Established, High-Spend, Low-Risk",71,97.65,0.0674938157223667
6897-RWMUB,1,"Established, High-Spend, Low-Risk",61,68.05,0.005070886037443214
0963-ZBDRN,2,"New, High-Spend, High-Risk",32,96.2,0.4567504848258818
7594-RQHXR,2,"New, High-Spend, High-Risk",1,79.6,0.6512064516832052
6999-CHVCF,1,"Established, High-Spend, Low-Risk",68,102.1,0.054005153863385884
6134-KWTBV,3,"Established, Low-Spend, Low-Risk",62,23.4,0.005733258233274011
1077-HUUJM,2,"New, High-Spend, High-Risk",7,71.05,0.5284088431406271
6331-EWIEB,2,"New, High-Spend, High-Risk",20,85.25,0.644222802569403
0895-LNKRC,4,"New, Low-Spend, High-Risk",6,19.45,0.0770072812805505
2045-BMBTJ,4,"New, Low-Spend, High-Risk",33,59.45,0.29071233467409463
8417-GSODA,2,"New, High-Spend, High-Risk",28,92.2,0.42634745665052126
5171-EPLKN,3,"Established, Low-Spend, Low-Risk",27,19.85,0.019361495172501752
4452-QIIEB,4,"New, Low-Spend, High-Risk",7,43.9,0.3698185319205437
5998-VVEJY,2,"New, High-Spend, High-Risk",26,80.5,0.41670001019986563
1624-NALOJ,2,"New, High-Spend, High-Risk",5,89.8,0.7497328931692278
6741-EGCBI,2,"New, High-Spend, High-Risk",30,90.5,0.4923770470534773
7820-ZYGNY,1,"Established, High-Spend, Low-Risk",63,90.45,0.16026111547691171
4317-VTEOA,4,"New, Low-Spend, High-Risk",1,50.75,0.38161966863568764
9677-AVKED,1,"Established, High-Spend, Low-Risk",53,84.6,0.05823814078968909
1670-SVOWZ,2,"New, High-Spend, High-Risk",14,89.65,0.4122546633818716
2227-JRSJX,2,"New, High-Spend, High-Risk",21,99.15,0.49224569244360467
9847-HNVGP,4,"New, Low-Spend, High-Risk",17,19.95,0.058424539941832616
6696-YDAYZ,4,"New, Low-Spend, High-Risk",16,20.5,0.025493382049511612
8980-WQFWL,4,"New, Low-Spend, High-Risk",35,62.1,0.1958144535157434
1730-ZMAME,2,"New, High-Spend, High-Risk",32,79.5,0.5137174766354823
6506-EYCNH,3,"Established, Low-Spend, Low-Risk",28,19.55,0.059596115772570006
4634-JLRJT,4,"New, Low-Spend, High-Risk",1,20.35,0.21505486442102806
9501-UKKNL,3,"Established, Low-Spend, Low-Risk",59,51.7,0.13130268011531668
2560-QTSBS,3,"Established, Low-Spend, Low-Risk",72,23.3,0.005611037680390112
7541-YLXCL,3,"Established, Low-Spend, Low-Risk",36,65.4,0.06755948210738635
4795-WRNVT,1,"Established, High-Spend, Low-Risk",40,65.1,0.10895145479168242
6080-TCMYC,1,"Established, High-Spend, Low-Risk",40,81.2,0.3387286673205889
0260-ZDLGK,2,"New, High-Spend, High-Risk",9,72.9,0.3270970330423971
7860-UXCRM,1,"Established, High-Spend, Low-Risk",63,74.5,0.0071834056555133766
6357-JJPQT,2,"New, High-Spend, High-Risk",3,80.5,0.6920038772900227
2292-XQWSV,3,"Established, Low-Spend, Low-Risk",40,60.3,0.09607829096015894
9552-TGUZV,2,"New, High-Spend, High-Risk",8,75.0,0.4833618950584757
5913-INRQV,1,"Established, High-Spend, Low-Risk",34,90.15,0.17523262020294744
8722-NGNBH,4,"New, Low-Spend, High-Risk",5,40.0,0.3068553692051613
6210-KBBPI,2,"New, High-Spend, High-Risk",9,99.45,0.7814449894546
9643-YBLUR,2,"New, High-Spend, High-Risk",9,69.05,0.4532633078827364
8734-FNWVH,4,"New, Low-Spend, High-Risk",31,59.7,0.25411464039504417
9447-YPTBX,3,"Established, Low-Spend, Low-Risk",50,19.85,0.01347529503862122
0133-BMFZO,2,"New, High-Spend, High-Risk",2,86.25,0.3751513962350402
6128-CZOMY,4,"New, Low-Spend, High-Risk",1,45.65,0.42118023413796196
9540-JYROE,2,"New, High-Spend, High-Risk",8,70.1,0.5883341331751565
9026-LHEVG,4,"New, Low-Spend, High-Risk",9,40.75,0.5078662102766933
2260-USTRB,2,"New, High-Spend, High-Risk",2,70.2,0.6786453484290929
3656-TKRVZ,4,"New, Low-Spend, High-Risk",3,55.35,0.26165079118683693
7011-CVEUC,2,"New, High-Spend, High-Risk",25,95.7,0.5086177170555135
6185-TASNN,4,"New, Low-Spend, High-Risk",1,46.3,0.46855509678138285
7925-PNRGI,1,"Established, High-Spend, Low-Risk",45,81.3,0.07174114288428088
8623-TMRBY,1,"Established, High-Spend, Low-Risk",51,84.2,0.27034408232977075
1552-CZCLL,3,"Established, Low-Spend, Low-Risk",55,20.0,0.017753622270076555
3038-PQIUY,1,"Established, High-Spend, Low-Risk",38,66.15,0.1123979440760586
1501-SGHBW,4,"New, Low-Spend, High-Risk",2,45.85,0.412441440352681
9313-CDOGY,3,"Established, Low-Spend, Low-Risk",38,19.6,0.03852408907458977
8148-BPLZQ,3,"Established, Low-Spend, Low-Risk",34,49.8,0.14491490351143033
2623-DRYAM,1,"Established, High-Spend, Low-Risk",70,101.75,0.20582406811235232
9987-LUTYD,4,"New, Low-Spend, High-Risk",13,55.15,0.08230139698907411
3208-YPIOE,2,"New, High-Spend, High-Risk",39,75.25,0.406882127169899
4488-KQFDT,1,"Established, High-Spend, Low-Risk",61,103.95,0.2333729790170795
2612-RANWT,2,"New, High-Spend, High-Risk",12,100.15,0.7457674583748156
5693-PIPCS,1,"Established, High-Spend, Low-Risk",41,99.65,0.12043509747208425
0491-KAPQG,2,"New, High-Spend, High-Risk",21,73.7,0.5612367802142384
1925-LFCZZ,3,"Established, Low-Spend, Low-Risk",55,50.05,0.12717217327207575
8039-EQPIM,3,"Established, Low-Spend, Low-Risk",69,60.25,0.016514928775505224
6900-PXRMS,2,"New, High-Spend, High-Risk",26,105.75,0.6204245772676985
8707-RMEZH,1,"Established, High-Spend, Low-Risk",69,87.3,0.08059093782808942
3346-BRMIS,2,"New, High-Spend, High-Risk",18,48.35,0.5816382981575499
3209-ZPKFI,3,"Established, Low-Spend, Low-Risk",47,54.25,0.10264997656904784
6479-VDGRK,1,"Established, High-Spend, Low-Risk",72,85.3,0.00793489317342022
9373-WSLOY,4,"New, Low-Spend, High-Risk",33,50.0,0.24965188195570406
2933-FILNV,4,"New, Low-Spend, High-Risk",2,24.4,0.5047200253694473
3569-JFODW,1,"Established, High-Spend, Low-Risk",72,90.95,0.01190197711673869
9819-FBNSV,2,"New, High-Spend, High-Risk",37,72.25,0.3793724353592664
9544-PYPSJ,1,"Established, High-Spend, Low-Risk",62,96.1,0.2845209936528162
1591-XWLGB,3,"Established, Low-Spend, Low-Risk",71,19.85,0.0026347000162316708
0396-UKGAI,4,"New, Low-Spend, High-Risk",23,55.3,0.12034150182432399
3243-ZHOHY,4,"New, Low-Spend, High-Risk",16,20.1,0.06036770658425712
5186-EJEGL,4,"New, Low-Spend, High-Risk",9,69.5,0.22667062041072364
7527-QNRUS,4,"New, Low-Spend, High-Risk",17,25.15,0.03376833144647872
9986-BONCE,4,"New, Low-Spend, High-Risk",4,20.95,0.19124792760037976
2722-JMONI,4,"New, Low-Spend, High-Risk",1,49.55,0.3646181011554286
2203-GHNWN,2,"New, High-Spend, High-Risk",24,79.65,0.5286703562609365
3878-AVSOQ,2,"New, High-Spend, High-Risk",1,71.25,0.6838837562594118
3258-SYSWS,1,"Established, High-Spend, Low-Risk",72,113.8,0.057248818366038894
5296-PSYVW,3,"Established, Low-Spend, Low-Risk",72,24.55,0.0037044005116221184
6319-QSUSR,4,"New, Low-Spend, High-Risk",11,19.7,0.11930568630731084
4083-EUGRJ,4,"New, Low-Spend, High-Risk",9,20.25,0.16069205665470265
7579-OOPEC,4,"New, Low-Spend, High-Risk",2,50.15,0.4251532504058484
0512-FLFDW,1,"Established, High-Spend, Low-Risk",60,100.5,0.29843967439019126
1771-OADNZ,2,"New, High-Spend, High-Risk",29,95.9,0.5773766210300033
0487-CRLZF,1,"Established, High-Spend, Low-Risk",49,74.45,0.035844374996033754
2107-FBPTK,2,"New, High-Spend, High-Risk",30,104.1,0.6498478410401766
9451-WLYRI,3,"Established, Low-Spend, Low-Risk",53,19.05,0.011869284280046055
8219-VYBVI,3,"Established, Low-Spend, Low-Risk",39,25.0,0.01258660468988321
1991-VOPLL,4,"New, Low-Spend, High-Risk",9,19.05,0.16131322152897748
9738-QLWTP,1,"Established, High-Spend, Low-Risk",39,81.9,0.1303037977160648
1016-DJTSV,2,"New, High-Spend, High-Risk",8,69.7,0.6364833213003442
9419-IPPBE,1,"Established, High-Spend, Low-Risk",51,90.15,0.19205922083598118
0174-QRVVY,3,"Established, Low-Spend, Low-Risk",71,25.35,0.003086404970263456
5699-BNCAS,3,"Established, Low-Spend, Low-Risk",71,24.65,0.0046496534573076485
2900-PHPLN,3,"Established, Low-Spend, Low-Risk",70,19.55,0.0034310478927392822
0612-RTZZA,4,"New, Low-Spend, High-Risk",1,25.25,0.6155352436578854
8106-GWQOK,3,"Established, Low-Spend, Low-Risk",38,60.0,0.046127671109647626
8751-EDEKA,2,"New, High-Spend, High-Risk",28,89.9,0.4505146787144963
6878-GGDWG,3,"Established, Low-Spend, Low-Risk",32,19.4,0.06380975417268409
4039-PIMHX,3,"Established, Low-Spend, Low-Risk",49,49.8,0.026489691828361098
8450-LUGUK,3,"Established, Low-Spend, Low-Risk",37,24.1,0.013908455835259988
3604-WLABM,4,"New, Low-Spend, High-Risk",10,54.25,0.24804807797871523
0795-GMVQO,1,"Established, High-Spend, Low-Risk",67,109.9,0.14782846175792014
2259-OUUSZ,4,"New, Low-Spend, High-Risk",7,35.5,0.23151439771172858
1142-IHLOO,1,"Established, High-Spend, Low-Risk",51,87.55,0.24031525696541794
6410-LEFEN,4,"New, Low-Spend, High-Risk",9,45.15,0.346412542416282
4633-MKHYU,2,"New, High-Spend, High-Risk",9,88.4,0.7164180354469144
6257-RJOHI,4,"New, Low-Spend, High-Risk",4,50.8,0.30105656071974624
1545-JFUML,1,"Established, High-Spend, Low-Risk",71,99.0,0.049500387808137265
3194-ORPIK,1,"Established, High-Spend, Low-Risk",50,84.4,0.3462178122059512
7826-VVKWT,1,"Established, High-Spend, Low-Risk",24,96.55,0.2513300644783804
1353-GHZOS,4,"New, Low-Spend, High-Risk",22,59.75,0.12026933387401864
2587-EKXTS,1,"Established, High-Spend, Low-Risk",44,111.5,0.4010098024763913
5442-BXVND,3,"Established, Low-Spend, Low-Risk",33,24.25,0.06691518587270932
8816-VXNZD,2,"New, High-Spend, High-Risk",1,75.1,0.7124704981728299
9378-FXTIZ,1,"Established, High-Spend, Low-Risk",54,70.15,0.11177581574693689
1723-HKXJQ,2,"New, High-Spend, High-Risk",42,101.75,0.5232391991220977
7825-GKXMW,4,"New, Low-Spend, High-Risk",1,45.8,0.420601518055134
9753-OYLBX,4,"New, Low-Spend, High-Risk",1,20.5,0.21465433876873644
2364-UFROM,1,"Established, High-Spend, Low-Risk",30,70.4,0.0533363470965747
6656-JWRQX,4,"New, Low-Spend, High-Risk",1,30.55,0.46526932980036745
6473-ULUHT,2,"New, High-Spend, High-Risk",16,84.9,0.23290327408858147
1240-KNSEZ,4,"New, Low-Spend, High-Risk",1,20.1,0.21745681174525083
0836-SEYLU,4,"New, Low-Spend, High-Risk",9,40.65,0.4600846407982113
4433-JCGCG,2,"New, High-Spend, High-Risk",46,101.0,0.580041720288044
3716-BDVDB,2,"New, High-Spend, High-Risk",1,69.1,0.6510972422769031
7688-AWMDX,3,"Established, Low-Spend, Low-Risk",71,54.5,0.004857941806198241
2842-BCQGE,1,"Established, High-Spend, Low-Risk",43,75.35,0.36590973760903817
7244-QWYHG,3,"Established, Low-Spend, Low-Risk",50,44.45,0.04543900829771531
5899-MQZZL,2,"New, High-Spend, High-Risk",13,75.0,0.6224477682345351
6849-OYAMU,2,"New, High-Spend, High-Risk",19,100.0,0.2831333171127248
5312-UXESG,2,"New, High-Spend, High-Risk",41,98.05,0.5615221921233475
9488-HGMJH,2,"New, High-Spend, High-Risk",1,71.15,0.6842258515145164
6038-GCYEC,4,"New, Low-Spend, High-Risk",24,54.15,0.42857858629686674
2150-WLKUW,3,"Established, Low-Spend, Low-Risk",40,63.9,0.11728029782322082
7159-FVYPK,2,"New, High-Spend, High-Risk",3,69.15,0.44503811451956693
7032-LMBHI,3,"Established, Low-Spend, Low-Risk",37,64.65,0.09394787050769425
1150-WFARN,1,"Established, High-Spend, Low-Risk",67,108.75,0.04983004228847524
6088-BXMRG,2,"New, High-Spend, High-Risk",32,98.85,0.5391587848441598
3144-AUDBS,4,"New, Low-Spend, High-Risk",6,49.15,0.2919240033403132
4821-SJHJV,2,"New, High-Spend, High-Risk",32,89.6,0.386274171735012
7346-MEDWM,1,"Established, High-Spend, Low-Risk",59,83.25,0.23368687570042693
1137-DGOWI,1,"Established, High-Spend, Low-Risk",30,70.25,0.08116139649456393
5616-PRTNT,4,"New, Low-Spend, High-Risk",20,19.4,0.08282043878803325
3812-LRZIR,3,"Established, Low-Spend, Low-Risk",27,24.5,0.022223556173603765
4818-QIUFN,2,"New, High-Spend, High-Risk",20,79.15,0.497230432713613
9483-GCPWE,4,"New, Low-Spend, High-Risk",9,20.1,0.06564470823635254
4227-OJHAL,1,"Established, High-Spend, Low-Risk",68,73.0,0.024965130756229362
9220-CXRSC,3,"Established, Low-Spend, Low-Risk",69,61.4,0.005793834617226907
4993-JCRGJ,2,"New, High-Spend, High-Risk",26,84.3,0.41687450148123023
9537-JALFH,3,"Established, Low-Spend, Low-Risk",69,19.9,0.0022773726004439816
6698-OXETB,4,"New, Low-Spend, High-Risk",11,20.4,0.040047247271896506
2103-ZRXFN,2,"New, High-Spend, High-Risk",1,50.75,0.5000730126183623
3724-BSCVH,4,"New, Low-Spend, High-Risk",10,20.45,0.06450979512365106
4877-TSOFF,1,"Established, High-Spend, Low-Risk",55,75.75,0.026210207754984626
9209-NWPGU,3,"Established, Low-Spend, Low-Risk",44,65.4,0.03720829773452083
6961-VCPMC,1,"Established, High-Spend, Low-Risk",46,80.4,0.3942102077509683
7306-YDSOI,3,"Established, Low-Spend, Low-Risk",69,59.75,0.005299581124929033
5288-AHOUP,2,"New, High-Spend, High-Risk",11,78.5,0.6813870734198693
6688-UZPWD,2,"New, High-Spend, High-Risk",11,102.0,0.7319211757575794
0655-YDGFJ,4,"New, Low-Spend, High-Risk",29,48.95,0.1852035574690822
8468-EHYJA,1,"Established, High-Spend, Low-Risk",57,99.65,0.34211858875140577
6823-SIDFQ,3,"Established, Low-Spend, Low-Risk",28,18.25,0.036964225649739564
1097-FSPVW,3,"Established, Low-Spend, Low-Risk",42,54.55,0.08385049823340616
2839-RFSQE,4,"New, Low-Spend, High-Risk",2,20.65,0.2065073581141613
8328-SKJNO,4,"New, Low-Spend, High-Risk",23,40.65,0.06284468142869154
7010-ZMVBF,4,"New, Low-Spend, High-Risk",18,20.45,0.09045375086308505
5201-CBWYG,3,"Established, Low-Spend, Low-Risk",62,24.8,0.008856559817578095
0968-GSIKN,2,"New, High-Spend, High-Risk",1,70.8,0.6426173489249077
1965-DDBWU,2,"New, High-Spend, High-Risk",16,89.05,0.5801969817822148
9057-SIHCH,2,"New, High-Spend, High-Risk",3,96.6,0.7991745518121289
6352-GIGGQ,1,"Established, High-Spend, Low-Risk",67,88.8,0.03291580209587226
3635-QQRQD,3,"Established, Low-Spend, Low-Risk",62,20.05,0.00391416099921748
6771-XWBDM,1,"Established, High-Spend, Low-Risk",57,104.5,0.42046763470293885
2897-DOVND,2,"New, High-Spend, High-Risk",2,69.8,0.6407587133452216
3082-YVEKW,1,"Established, High-Spend, Low-Risk",23,77.15,0.04312192249351985
0191-EQUUH,4,"New, Low-Spend, High-Risk",25,35.05,0.034655863143153574
7134-HBPBS,1,"Established, High-Spend, Low-Risk",72,108.1,0.08775772964310391
3489-HHPFY,2,"New, High-Spend, High-Risk",2,84.05,0.7680258312091345
2926-JEJJC,4,"New, Low-Spend, High-Risk",8,20.2,0.08503485229971419
8601-QACRS,4,"New, Low-Spend, High-Risk",5,50.6,0.45833482505060175
4950-BDEUX,4,"New, Low-Spend, High-Risk",35,49.2,0.363340897438394
5789-LDFXO,4,"New, Low-Spend, High-Risk",24,24.6,0.05957931038452229
0508-OOLTO,2,"New, High-Spend, High-Risk",2,71.65,0.5771749866474435
2984-TBYKU,1,"Established, High-Spend, Low-Risk",72,104.9,0.028059412533072866
9822-WMWVG,1,"Established, High-Spend, Low-Risk",41,106.5,0.25411079095447486
2391-SOORI,4,"New, Low-Spend, High-Risk",4,49.35,0.24467758455026428
9040-KZVWO,4,"New, Low-Spend, High-Risk",26,75.5,0.2357504120613498
2645-QTLMB,2,"New, High-Spend, High-Risk",7,94.25,0.6951711266009416
4806-HIPDW,2,"New, High-Spend, High-Risk",1,68.95,0.6552887757683017
1548-ARAGG,4,"New, Low-Spend, High-Risk",4,58.5,0.2886455371675929
6339-RZCBJ,1,"Established, High-Spend, Low-Risk",48,78.9,0.03272197436778164
4424-TKOPW,2,"New, High-Spend, High-Risk",2,93.85,0.8399375284957904
4415-WNGVR,4,"New, Low-Spend, High-Risk",12,79.2,0.16916762713799283
2522-AHJXR,1,"Established, High-Spend, Low-Risk",60,109.45,0.2618129705014774
0412-UCCNP,3,"Established, Low-Spend, Low-Risk",55,59.2,0.008802694874635867
1816-FLZDK,4,"New, Low-Spend, High-Risk",1,29.15,0.47333233217216575
7096-UCLNH,4,"New, Low-Spend, High-Risk",1,20.05,0.21759151958373338
8443-ZRDBZ,2,"New, High-Spend, High-Risk",4,76.05,0.6905788275983941
9136-ALYBR,4,"New, Low-Spend, High-Risk",1,24.45,0.5747991861936439
4615-PIVVU,1,"Established, High-Spend, Low-Risk",42,66.5,0.030465477247697915
8885-QSQBX,4,"New, Low-Spend, High-Risk",1,49.55,0.31566247007736964
7479-NITWS,2,"New, High-Spend, High-Risk",7,89.35,0.7251644631806438
8617-ENBDS,2,"New, High-Spend, High-Risk",3,73.6,0.6239009201111531
9385-NXKDA,1,"Established, High-Spend, Low-Risk",72,82.65,0.020704387291082937
0430-IHCDJ,4,"New, Low-Spend, High-Risk",15,49.0,0.37058224728321953
2959-MJHIC,2,"New, High-Spend, High-Risk",4,80.35,0.6929524497292291
6674-KVJHG,4,"New, Low-Spend, High-Risk",11,25.2,0.1000593791251247
1814-DKOLC,4,"New, Low-Spend, High-Risk",5,25.45,0.2376921063806008
4201-JMNGR,4,"New, Low-Spend, High-Risk",1,55.8,0.3407398864669772
9351-HXDMR,1,"Established, High-Spend, Low-Risk",72,110.9,0.06052353390940956
3537-HPKQT,1,"Established, High-Spend, Low-Risk",55,77.75,0.2617218013538744
2129-ALKBS,3,"Established, Low-Spend, Low-Risk",40,26.2,0.048852984115747525
5821-MMEIL,3,"Established, Low-Spend, Low-Risk",57,19.9,0.005033423916461817
5960-WPXQM,2,"New, High-Spend, High-Risk",1,79.05,0.7132698323024225
0684-AOSIH,2,"New, High-Spend, High-Risk",1,95.0,0.6725144607438946
8260-NGFNY,4,"New, Low-Spend, High-Risk",1,25.2,0.5693925113407121
1309-XGFSN,1,"Established, High-Spend, Low-Risk",52,80.85,0.10075188800690864
1866-RZZQS,2,"New, High-Spend, High-Risk",41,98.4,0.6191523662233043
6968-URWQU,3,"Established, Low-Spend, Low-Risk",43,56.35,0.084328490823753
4742-TXUEX,3,"Established, Low-Spend, Low-Risk",47,19.3,0.006232728251829103
9631-XEYKE,4,"New, Low-Spend, High-Risk",3,50.4,0.4808476674089356
8631-NBHFZ,1,"Established, High-Spend, Low-Risk",66,79.4,0.011252226499039479
1335-MXCSE,3,"Established, Low-Spend, Low-Risk",55,55.25,0.01094851322564192
8873-TMKGR,3,"Established, Low-Spend, Low-Risk",29,19.1,0.034711313336359115
8800-JOOCF,2,"New, High-Spend, High-Risk",12,84.05,0.6437317000093492
1469-LBJQJ,1,"Established, High-Spend, Low-Risk",66,105.2,0.3611643150038913
4958-XCBDQ,2,"New, High-Spend, High-Risk",35,101.4,0.6441846866608409
8337-UPOAQ,2,"New, High-Spend, High-Risk",10,89.8,0.7452856625696297
0064-YIJGF,2,"New, High-Spend, High-Risk",27,75.75,0.4412609630066724
2386-OWURY,1,"Established, High-Spend, Low-Risk",58,95.3,0.2847268414397583
1725-IQNIY,1,"Established, High-Spend, Low-Risk",54,109.75,0.05999883203739002
0310-VQXAM,4,"New, Low-Spend, High-Risk",9,19.85,0.16156799470998964
6598-RFFVI,4,"New, Low-Spend, High-Risk",2,19.3,0.11182192491530205
3453-RTHJQ,2,"New, High-Spend, High-Risk",6,69.1,0.6104790025441309
6712-OAWRH,2,"New, High-Spend, High-Risk",26,91.25,0.6335734096736286
6278-FEPBZ,4,"New, Low-Spend, High-Risk",9,20.25,0.1595373262637944
4280-DLSHD,4,"New, Low-Spend, High-Risk",8,54.75,0.3166656870543406
1508-DFXCU,2,"New, High-Spend, High-Risk",12,81.45,0.6212325899725276
8614-VGMMV,4,"New, Low-Spend, High-Risk",15,49.1,0.36438780104997065
7868-BGSZA,1,"Established, High-Spend, Low-Risk",43,80.2,0.11200293976451349
2800-QQUSO,2,"New, High-Spend, High-Risk",42,100.3,0.46653485706382736
2930-UOTMB,4,"New, Low-Spend, High-Risk",31,65.25,0.11398624031592246
7973-DZRKH,1,"Established, High-Spend, Low-Risk",66,90.95,0.022473067006651894
5914-DVBWJ,2,"New, High-Spend, High-Risk",18,85.45,0.48791722289611733
7698-YFGEZ,4,"New, Low-Spend, High-Risk",1,20.0,0.2177262876521081
2533-QVMSK,1,"Established, High-Spend, Low-Risk",61,94.1,0.06782548883115536
9773-PEQBZ,2,"New, High-Spend, High-Risk",10,79.85,0.6098164058319339
8644-XLFBW,2,"New, High-Spend, High-Risk",1,71.65,0.6847226440812946
0650-BWOZN,2,"New, High-Spend, High-Risk",18,73.55,0.5141220026447824
8625-AZYZY,2,"New, High-Spend, High-Risk",24,104.65,0.6533496875940038
7785-RDVIG,4,"New, Low-Spend, High-Risk",3,19.3,0.16843096791138357
9602-WCXPI,3,"Established, Low-Spend, Low-Risk",50,20.15,0.013327691028432584
2903-YYTBW,4,"New, Low-Spend, High-Risk",1,44.55,0.37388986452352424
3620-MWJNE,4,"New, Low-Spend, High-Risk",2,54.45,0.2282093849835465
8573-JGCZW,4,"New, Low-Spend, High-Risk",17,19.65,0.059173087610848586
6837-HAEVO,1,"Established, High-Spend, Low-Risk",69,105.0,0.08990648038787029
6701-YVNQG,1,"Established, High-Spend, Low-Risk",72,88.7,0.014835280164984985
9306-CPCBC,2,"New, High-Spend, High-Risk",3,74.25,0.7003274643112349
4304-XUMGI,1,"Established, High-Spend, Low-Risk",50,75.15,0.027488955721739018
9504-YAZWB,3,"Established, Low-Spend, Low-Risk",53,20.25,0.005876288670962667
8819-ZBYNA,1,"Established, High-Spend, Low-Risk",58,109.1,0.07413341862133466
6174-NRBTZ,3,"Established, Low-Spend, Low-Risk",46,30.75,0.05168988093398616
9481-IEBZY,1,"Established, High-Spend, Low-Risk",72,112.9,0.21702667788101968
1833-VGRUM,2,"New, High-Spend, High-Risk",1,74.2,0.7528214823506088
6137-NICCO,2,"New, High-Spend, High-Risk",6,94.05,0.6437164180883238
9065-ZCPQX,1,"Established, High-Spend, Low-Risk",72,78.85,0.009978068948662662
6402-EJMWF,2,"New, High-Spend, High-Risk",4,55.3,0.46395812888475024
3620-EHIMZ,3,"Established, Low-Spend, Low-Risk",52,19.35,0.004992347202119302
3213-VVOLG,4,"New, Low-Spend, High-Risk",0,25.35,0.09200790424835632
6870-ECSHE,4,"New, Low-Spend, High-Risk",2,20.45,0.10914117062508753
8747-UDCOI,3,"Established, Low-Spend, Low-Risk",65,19.35,0.003546854352978892
8374-XGEJJ,2,"New, High-Spend, High-Risk",43,101.0,0.5738159010707381
2656-TABEH,2,"New, High-Spend, High-Risk",4,100.2,0.7760051113074142
6946-LMSQS,2,"New, High-Spend, High-Risk",25,89.05,0.3604673547289432
4626-OZDTJ,1,"Established, High-Spend, Low-Risk",51,78.65,0.08049297948674246
9169-BSVIN,2,"New, High-Spend, High-Risk",12,74.75,0.5297910152900811
2325-ZUSFD,1,"Established, High-Spend, Low-Risk",57,70.1,0.03857683711287555
8194-PEEBY,4,"New, Low-Spend, High-Risk",24,19.9,0.034877268211259034
6872-HXFNF,3,"Established, Low-Spend, Low-Risk",64,58.35,0.02748643448353512
3932-CMDTD,2,"New, High-Spend, High-Risk",4,105.65,0.4172336876244258
7714-YXSMB,2,"New, High-Spend, High-Risk",26,100.5,0.6613515277145778
8387-UGUSU,4,"New, Low-Spend, High-Risk",15,20.05,0.10287127675678218
1080-BWSYE,3,"Established, Low-Spend, Low-Risk",64,25.65,0.006638799766368865
4039-HEUNW,2,"New, High-Spend, High-Risk",36,96.5,0.6272281145613215
1194-HVAIF,2,"New, High-Spend, High-Risk",27,95.0,0.6645256048218122
0812-WUPTB,2,"New, High-Spend, High-Risk",1,70.85,0.6930819781040001
3594-UVONA,1,"Established, High-Spend, Low-Risk",35,85.95,0.09712654036188674
0004-TLHLJ,2,"New, High-Spend, High-Risk",4,73.9,0.6132834055737377
1767-TGTKO,4,"New, Low-Spend, High-Risk",8,45.45,0.30673256497989565
8439-LTUGF,4,"New, Low-Spend, High-Risk",10,20.0,0.155082700272046
8805-JNRAZ,4,"New, Low-Spend, High-Risk",2,49.2,0.3758402353627354
5089-IFSDP,1,"Established, High-Spend, Low-Risk",58,109.45,0.09717652960392881
6418-HNFED,1,"Established, High-Spend, Low-Risk",51,83.25,0.019689675398354756
0206-OYVOC,3,"Established, Low-Spend, Low-Risk",46,19.25,0.006522178146873782
7291-CDTMJ,4,"New, Low-Spend, High-Risk",1,19.65,0.2186713504088726
7128-GGCNO,1,"Established, High-Spend, Low-Risk",46,72.8,0.344882024520685
0237-YFUTL,1,"Established, High-Spend, Low-Risk",50,109.65,0.2873245166612237
7691-KGKGP,1,"Established, High-Spend, Low-Risk",53,65.0,0.06034754581027843
6710-HSJRD,1,"Established, High-Spend, Low-Risk",61,114.1,0.32240346157106986
3675-EQOZA,4,"New, Low-Spend, High-Risk",5,20.65,0.18608360793632994
0840-DCNZE,1,"Established, High-Spend, Low-Risk",47,86.95,0.042893005394960826
1732-FEKLD,1,"Established, High-Spend, Low-Risk",54,94.75,0.19879945289453488
9862-KJTYK,4,"New, Low-Spend, High-Risk",19,25.35,0.3190888658056578
0479-HMSWA,1,"Established, High-Spend, Low-Risk",26,105.45,0.13174847065859732
5854-KSRBJ,3,"Established, Low-Spend, Low-Risk",70,25.4,0.0031983490265575978
0365-BZUWY,2,"New, High-Spend, High-Risk",17,102.55,0.7006974530728873
4817-VYYWS,2,"New, High-Spend, High-Risk",30,100.2,0.6080226456776229
5701-SVCWR,4,"New, Low-Spend, High-Risk",1,24.0,0.22875301048032293
3129-AAQOU,4,"New, Low-Spend, High-Risk",19,25.6,0.03057039826814945
4922-CVPDX,1,"Established, High-Spend, Low-Risk",26,73.5,0.09653642100352729
1396-QWFBJ,2,"New, High-Spend, High-Risk",21,74.05,0.3831052221449877
1357-BIJKI,1,"Established, High-Spend, Low-Risk",50,98.25,0.29742181079579516
1099-BTKWT,3,"Established, Low-Spend, Low-Risk",68,54.4,0.04681149368113147
5299-SJCZT,2,"New, High-Spend, High-Risk",3,101.55,0.7914973633874425
2018-PZKMU,2,"New, High-Spend, High-Risk",9,103.1,0.550184424219406
7340-KEFQE,3,"Established, Low-Spend, Low-Risk",51,34.2,0.012128268154357167
4570-QHXHL,4,"New, Low-Spend, High-Risk",9,43.75,0.35099341338491025
2403-BCASL,1,"Established, High-Spend, Low-Risk",41,111.95,0.25603330787947837
7392-YYPYJ,2,"New, High-Spend, High-Risk",22,100.65,0.673709383200801
2898-LSJGD,4,"New, Low-Spend, High-Risk",21,55.95,0.18789516797627312
2223-GDSHL,1,"Established, High-Spend, Low-Risk",71,116.05,0.0427698075904016
7359-PTSXY,4,"New, Low-Spend, High-Risk",1,45.75,0.4232859687737952
9470-RTWDV,1,"Established, High-Spend, Low-Risk",26,82.0,0.14787694944350638
2176-OSJUV,1,"Established, High-Spend, Low-Risk",71,65.15,0.006650766475947994
9348-YVOMK,4,"New, Low-Spend, High-Risk",4,44.8,0.3970576071243772
8104-OSKWT,2,"New, High-Spend, High-Risk",12,79.8,0.519911550403155
4521-YEEHE,2,"New, High-Spend, High-Risk",18,88.85,0.5718750888084833
4090-KPJIP,2,"New, High-Spend, High-Risk",3,74.95,0.698059746978988
3786-WOVKF,1,"Established, High-Spend, Low-Risk",72,106.85,0.1517936894874267
4503-BDXBD,2,"New, High-Spend, High-Risk",11,74.95,0.5224382574631817
6086-ESGRL,2,"New, High-Spend, High-Risk",1,80.15,0.7041721595564707
2592-HODOV,4,"New, Low-Spend, High-Risk",13,19.3,0.07054721086865562
3886-CERTZ,1,"Established, High-Spend, Low-Risk",72,109.25,0.14452297572711112
7995-ZHHNZ,3,"Established, Low-Spend, Low-Risk",42,56.1,0.05832155277332499
3824-RHKVR,4,"New, Low-Spend, High-Risk",17,19.7,0.11671856119134279
5816-SCGFC,4,"New, Low-Spend, High-Risk",7,51.3,0.36956041792590016
5989-AXPUC,1,"Established, High-Spend, Low-Risk",68,118.6,0.05616222788585343
4979-HPRFL,3,"Established, Low-Spend, Low-Risk",56,24.15,0.006084152920913227
8590-OHDIW,3,"Established, Low-Spend, Low-Risk",38,20.3,0.01820612118552436
8015-IHCGW,1,"Established, High-Spend, Low-Risk",72,115.5,0.04176955327284069
2332-TODQS,3,"Established, Low-Spend, Low-Risk",48,25.05,0.020536625200915364
9278-VZKCD,1,"Established, High-Spend, Low-Risk",52,109.1,0.4007168084993335
8008-OTEZX,3,"Established, Low-Spend, Low-Risk",35,19.65,0.021157304991305224
2773-OVBPK,1,"Established, High-Spend, Low-Risk",67,111.3,0.08788195616703028
5999-LCXAO,4,"New, Low-Spend, High-Risk",1,29.9,0.45285611896520117
5206-XZZQI,1,"Established, High-Spend, Low-Risk",53,80.6,0.1540593141932558
4803-LBYPN,3,"Established, Low-Spend, Low-Risk",34,20.8,0.04513821915078672
5759-RCVCB,2,"New, High-Spend, High-Risk",3,35.2,0.617929119204867
6372-RFVNS,2,"New, High-Spend, High-Risk",1,78.8,0.7173601007807702
2139-FQHLM,2,"New, High-Spend, High-Risk",19,89.95,0.46401680205187595
8261-GWDBQ,1,"Established, High-Spend, Low-Risk",60,116.05,0.08231155526197034
1093-YSWCA,4,"New, Low-Spend, High-Risk",11,19.55,0.04050603555667797
8938-UMKPI,2,"New, High-Spend, High-Risk",47,106.4,0.48957529181770193
0991-BRRFB,4,"New, Low-Spend, High-Risk",18,49.4,0.19097153089829433
3882-IYOIJ,1,"Established, High-Spend, Low-Risk",60,115.25,0.05326157485008353
8749-TZYEC,3,"Established, Low-Spend, Low-Risk",72,24.8,0.003826321996065894
1755-FZQEC,3,"Established, Low-Spend, Low-Risk",39,19.9,0.022154378409651412
3115-JPJDD,1,"Established, High-Spend, Low-Risk",59,81.25,0.06663921435735491
5600-KTXFM,2,"New, High-Spend, High-Risk",2,69.95,0.5867161300327158
3871-IKPYH,2,"New, High-Spend, High-Risk",1,69.1,0.6933704807815271
6319-IEJWJ,2,"New, High-Spend, High-Risk",20,90.2,0.5836532386947586
9025-AOMKI,2,"New, High-Spend, High-Risk",6,93.55,0.7909493152873022
6339-TBELP,1,"Established, High-Spend, Low-Risk",71,86.4,0.037517813113583695
7964-YESJC,4,"New, Low-Spend, High-Risk",24,66.3,0.17642944694758936
6173-GOLSU,1,"Established, High-Spend, Low-Risk",67,94.65,0.41138643165554317
5275-SQEIZ,2,"New, High-Spend, High-Risk",1,80.85,0.7039918445405993
7716-YTYHG,1,"Established, High-Spend, Low-Risk",48,82.05,0.21625044661626344
9938-ZREHM,1,"Established, High-Spend, Low-Risk",37,72.1,0.08755621415641411
7950-XWOVN,4,"New, Low-Spend, High-Risk",11,34.7,0.40976448249250896
4390-KYULV,4,"New, Low-Spend, High-Risk",3,20.55,0.20492759170177985
4647-MUZON,2,"New, High-Spend, High-Risk",18,95.95,0.6461005309245847
9702-AIUJO,3,"Established, Low-Spend, Low-Risk",50,44.8,0.0361353249166809
8849-PRIQJ,1,"Established, High-Spend, Low-Risk",67,109.4,0.09483811712551725
8851-RAGOV,4,"New, Low-Spend, High-Risk",25,71.05,0.12753679628510395
1304-NECVQ,2,"New, High-Spend, High-Risk",2,78.55,0.7369431301203019
5396-IZEPB,4,"New, Low-Spend, High-Risk",9,19.7,0.16194908028475885
1729-VLAZJ,4,"New, Low-Spend, High-Risk",10,40.25,0.10304985634833719
8285-ABVLB,3,"Established, Low-Spend, Low-Risk",70,19.85,0.002740765780883941
0701-TJSEF,4,"New, Low-Spend, High-Risk",9,68.25,0.2244642009123648
5712-VBOXD,4,"New, Low-Spend, High-Risk",4,20.15,0.19267575081269073
6629-LADHQ,4,"New, Low-Spend, High-Risk",2,50.95,0.3034176827510976
8945-GRKHX,2,"New, High-Spend, High-Risk",1,78.65,0.6546141462417863
1559-DTODC,4,"New, Low-Spend, High-Risk",19,25.15,0.37192916437988066
4797-MIWUM,4,"New, Low-Spend, High-Risk",7,20.25,0.1445258255201529
6959-UWKHF,4,"New, Low-Spend, High-Risk",1,42.9,0.4343347748422745
8720-RQSBJ,4,"New, Low-Spend, High-Risk",1,44.0,0.47762997103139115
4537-CIBHB,4,"New, Low-Spend, High-Risk",9,20.25,0.06625539997059549
3815-SLMEF,4,"New, Low-Spend, High-Risk",3,34.25,0.338401906120945
5154-VEKBL,4,"New, Low-Spend, High-Risk",9,58.5,0.4054064238033581
4324-AHJKS,4,"New, Low-Spend, High-Risk",5,55.8,0.26856245470710327
4355-CVPVS,1,"Established, High-Spend, Low-Risk",56,88.9,0.17572927393332632
4495-LHSSK,4,"New, Low-Spend, High-Risk",18,57.65,0.1940275947953221
5655-JSMZM,2,"New, High-Spend, High-Risk",49,96.2,0.5522187689775099
5915-ANOEI,1,"Established, High-Spend, Low-Risk",70,79.15,0.010634376956874718
9861-PDSZP,1,"Established, High-Spend, Low-Risk",72,108.05,0.07407907228931553
4505-EXZHB,2,"New, High-Spend, High-Risk",6,74.4,0.6379802175921412
7225-CBZPL,2,"New, High-Spend, High-Risk",17,94.8,0.7689842484663076
6704-UTUKK,4,"New, Low-Spend, High-Risk",29,45.9,0.4309550661161295
4587-VVTOX,2,"New, High-Spend, High-Risk",6,105.3,0.749659756511521
2019-HDCZY,1,"Established, High-Spend, Low-Risk",63,102.6,0.13698521319788878
4652-NNHNY,2,"New, High-Spend, High-Risk",16,73.85,0.6139884553496662
8788-DOXSU,3,"Established, Low-Spend, Low-Risk",59,61.35,0.04617458058812594
7404-JLKQG,2,"New, High-Spend, High-Risk",3,57.55,0.4701493116802519
7421-ZLUPA,4,"New, Low-Spend, High-Risk",8,29.25,0.4525777817777671
8972-HJWNV,2,"New, High-Spend, High-Risk",7,84.55,0.7723286989718471
3274-NSDWE,3,"Established, Low-Spend, Low-Risk",68,19.6,0.003036411163805359
2632-IVXVF,1,"Established, High-Spend, Low-Risk",68,111.75,0.048750280100922125
3692-JHONH,1,"Established, High-Spend, Low-Risk",52,106.5,0.3256285787852735
8915-NNTRC,1,"Established, High-Spend, Low-Risk",72,107.7,0.042056890141553824
5914-GXMDA,3,"Established, Low-Spend, Low-Risk",32,19.3,0.03075914763405396
7463-IFMQU,3,"Established, Low-Spend, Low-Risk",72,20.05,0.0025207810298377743
2920-RNCEZ,2,"New, High-Spend, High-Risk",1,69.95,0.595114736105293
2541-YGPKE,3,"Established, Low-Spend, Low-Risk",42,63.7,0.03327312035122111
8515-OCTJS,4,"New, Low-Spend, High-Risk",25,24.75,0.029980139780356147
5382-TEMLV,3,"Established, Low-Spend, Low-Risk",45,50.9,0.07393426854840497
3441-CGZJH,3,"Established, Low-Spend, Low-Risk",43,60.4,0.0651404988417915
9592-ERDKV,1,"Established, High-Spend, Low-Risk",37,79.25,0.13069234722366233
2860-RANUS,2,"New, High-Spend, High-Risk",20,85.8,0.6789225379484184
5261-QSHQM,4,"New, Low-Spend, High-Risk",4,24.45,0.5381829974419062
4778-IZARL,1,"Established, High-Spend, Low-Risk",63,110.1,0.04373973790940211
0432-CAJZV,2,"New, High-Spend, High-Risk",3,90.7,0.7475758150496198
7008-LZVOZ,3,"Established, Low-Spend, Low-Risk",66,25.3,0.003827393232513993
8868-WOZGU,2,"New, High-Spend, High-Risk",28,105.7,0.6181466275016889
1200-TUZHR,2,"New, High-Spend, High-Risk",8,85.2,0.7585346258233824
9365-CSLBQ,3,"Established, Low-Spend, Low-Risk",71,24.35,0.0029323430740315795
1334-FJSVR,4,"New, Low-Spend, High-Risk",1,24.25,0.5755727238623933
5884-FBCTL,3,"Established, Low-Spend, Low-Risk",72,25.1,0.0029231982804433197
7130-CTCUS,4,"New, Low-Spend, High-Risk",16,54.55,0.21219005130878663
6242-FEGFD,1,"Established, High-Spend, Low-Risk",66,96.6,0.027538192364896033
7625-XCQRH,2,"New, High-Spend, High-Risk",11,76.5,0.6323897992250774
6194-HBGQN,1,"Established, High-Spend, Low-Risk",51,81.15,0.037092070252990134
7634-WSWDB,4,"New, Low-Spend, High-Risk",8,38.5,0.3918534455222775
6986-IXNDM,2,"New, High-Spend, High-Risk",14,92.9,0.6746254811246832
1731-TVIUK,2,"New, High-Spend, High-Risk",4,93.5,0.6276923358619921
2987-BJXIK,1,"Established, High-Spend, Low-Risk",70,84.7,0.021891977275114764
9769-TSBZE,1,"Established, High-Spend, Low-Risk",70,66.0,0.005415629640424583
0406-BPDVR,1,"Established, High-Spend, Low-Risk",54,101.5,0.30526358632636597
0618-XWMSS,1,"Established, High-Spend, Low-Risk",28,74.9,0.2587665932866829
1395-WSWXR,4,"New, Low-Spend, High-Risk",24,20.75,0.022220097967436292
6023-GSSXW,3,"Established, Low-Spend, Low-Risk",69,61.45,0.014691529058317242
6752-APNJL,3,"Established, Low-Spend, Low-Risk",42,54.5,0.05991611811495215
5276-KQWHG,2,"New, High-Spend, High-Risk",2,69.6,0.681466401658331
0420-HLGXF,2,"New, High-Spend, High-Risk",39,99.75,0.6277906597132303
7446-KQISO,1,"Established, High-Spend, Low-Risk",45,109.75,0.11677083648750342
9823-EALYC,1,"Established, High-Spend, Low-Risk",72,80.85,0.007598517278862172
0582-AVCLN,3,"Established, Low-Spend, Low-Risk",38,20.3,0.011663869826841642
5803-NQJZO,1,"Established, High-Spend, Low-Risk",72,67.8,0.006352472586969076
2565-JSLRY,4,"New, Low-Spend, High-Risk",1,24.05,0.27801321948752356
2607-DHDAK,3,"Established, Low-Spend, Low-Risk",72,19.8,0.001985381010615553
1073-XXCZD,3,"Established, Low-Spend, Low-Risk",55,25.7,0.008082525142422118
0743-HRVFF,3,"Established, Low-Spend, Low-Risk",51,56.15,0.07239882343243179
4006-HKYHO,1,"Established, High-Spend, Low-Risk",63,86.7,0.012924700550869375
3727-JEZTU,4,"New, Low-Spend, High-Risk",1,20.4,0.2149212956117105
8143-ETQTI,4,"New, Low-Spend, High-Risk",23,19.65,0.01872135691425754
6689-KXGBO,4,"New, Low-Spend, High-Risk",1,50.55,0.37995762132570604
9667-TKTVZ,4,"New, Low-Spend, High-Risk",2,54.35,0.39224619973399466
3657-COGMW,1,"Established, High-Spend, Low-Risk",52,108.1,0.4080423222751343
8570-KLJYJ,3,"Established, Low-Spend, Low-Risk",36,54.45,0.06953317584352012
7754-IXRMC,4,"New, Low-Spend, High-Risk",1,45.35,0.42233831472575045
9473-CBZOP,4,"New, Low-Spend, High-Risk",28,59.0,0.0916835353216836
2969-WGHQO,4,"New, Low-Spend, High-Risk",7,69.45,0.12846167662183305
6615-NGGZJ,2,"New, High-Spend, High-Risk",14,100.55,0.7145485663408351
4334-HOWRP,1,"Established, High-Spend, Low-Risk",72,64.95,0.016119449173680113
4255-DDUOU,4,"New, Low-Spend, High-Risk",1,20.5,0.17911487249900815
5863-OOKCL,4,"New, Low-Spend, High-Risk",10,18.85,0.1551744872085041
1686-STUHN,3,"Established, Low-Spend, Low-Risk",42,19.8,0.01936656475467788
1329-VHWNP,4,"New, Low-Spend, High-Risk",7,25.05,0.5034892785959426
2984-MIIZL,2,"New, High-Spend, High-Risk",4,74.8,0.6119301313944421
0266-GMEAO,1,"Established, High-Spend, Low-Risk",72,114.3,0.0398692302263748
5590-YRFJT,4,"New, Low-Spend, High-Risk",20,24.45,0.36725836116629823
5574-NXZIU,1,"Established, High-Spend, Low-Risk",63,109.2,0.04637679854159029
0019-GFNTW,3,"Established, Low-Spend, Low-Risk",56,45.05,0.010887222026265188
4256-ZWTZI,4,"New, Low-Spend, High-Risk",5,51.0,0.2423574156744925
8309-PPCED,1,"Established, High-Spend, Low-Risk",72,110.45,0.07583139404645456
4098-NAUKP,1,"Established, High-Spend, Low-Risk",68,84.65,0.177835792956123
5196-WPYOW,3,"Established, Low-Spend, Low-Risk",67,60.05,0.007896019551386396
4608-LCIMN,4,"New, Low-Spend, High-Risk",8,44.65,0.3097140241765843
1485-YDHMM,1,"Established, High-Spend, Low-Risk",52,93.25,0.23090016648960432
4054-CUMIA,4,"New, Low-Spend, High-Risk",18,20.25,0.0915101337434451
0603-TPMIB,3,"Established, Low-Spend, Low-Risk",59,25.45,0.005217906570011047
2525-GVKQU,3,"Established, Low-Spend, Low-Risk",60,20.6,0.004150242032675292
8161-QYMTT,2,"New, High-Spend, High-Risk",7,94.1,0.7886251562335036
9581-GVBXT,3,"Established, Low-Spend, Low-Risk",59,34.8,0.02341335462070743
5862-BRIXZ,3,"Established, Low-Spend, Low-Risk",46,60.75,0.03888639385741947
5404-GGUKR,4,"New, Low-Spend, High-Risk",5,51.35,0.34316806646867076
3308-JSGML,1,"Established, High-Spend, Low-Risk",59,64.05,0.02968941921906151
2126-GSEGL,1,"Established, High-Spend, Low-Risk",70,84.8,0.023427893949556043
3677-TNKIO,2,"New, High-Spend, High-Risk",14,71.0,0.5266547257998416
0440-QEXBZ,3,"Established, Low-Spend, Low-Risk",44,50.15,0.1510291342275721
2434-EEVDB,1,"Established, High-Spend, Low-Risk",64,94.6,0.06479124342737308
6762-QVYJO,3,"Established, Low-Spend, Low-Risk",58,59.75,0.02029052561076969
6199-IWKGC,1,"Established, High-Spend, Low-Risk",46,100.25,0.316514767818666
2675-DHUTR,1,"Established, High-Spend, Low-Risk",58,98.9,0.4675937393764414
8152-VETUR,1,"Established, High-Spend, Low-Risk",72,97.7,0.0980166859468317
9667-EQRXU,4,"New, Low-Spend, High-Risk",30,40.3,0.3717110625074425
7446-YPODE,4,"New, Low-Spend, High-Risk",11,60.25,0.30514309133940126
9522-BNTHX,4,"New, Low-Spend, High-Risk",34,56.25,0.37233409221090646
4676-WLUHT,3,"Established, Low-Spend, Low-Risk",54,46.2,0.02407825508009639
3329-WDIOK,2,"New, High-Spend, High-Risk",3,50.6,0.6405762499726053
7980-MHFLQ,3,"Established, Low-Spend, Low-Risk",72,24.9,0.0029334043394595864
2873-ZLIWT,1,"Established, High-Spend, Low-Risk",40,84.85,0.2555400815460045
3415-TAILE,2,"New, High-Spend, High-Risk",2,65.7,0.49425543500667535
0757-WCUUZ,3,"Established, Low-Spend, Low-Risk",54,63.35,0.033233810170395305
1629-DQQVB,4,"New, Low-Spend, High-Risk",14,50.1,0.21443304751999354
1915-IOFGU,2,"New, High-Spend, High-Risk",1,70.5,0.6437071739128665
3045-XETSH,2,"New, High-Spend, High-Risk",10,94.85,0.663312773876525
0374-AACSZ,4,"New, Low-Spend, High-Risk",1,50.15,0.31361448834478356
7239-HZZCX,4,"New, Low-Spend, High-Risk",1,19.75,0.21840103137687206
4872-VXRIL,1,"Established, High-Spend, Low-Risk",56,64.65,0.021713078903137888
9140-CZQZZ,1,"Established, High-Spend, Low-Risk",68,79.6,0.011719259422474003
3423-HHXAO,4,"New, Low-Spend, High-Risk",14,19.5,0.05391878139759753
9938-TKDGL,1,"Established, High-Spend, Low-Risk",68,99.55,0.03376527989454655
0531-ZZJWQ,1,"Established, High-Spend, Low-Risk",55,74.0,0.3260929942667701
6537-QLGEX,4,"New, Low-Spend, High-Risk",16,38.9,0.37501879162132845
2688-BHGOG,2,"New, High-Spend, High-Risk",9,79.55,0.692354311034141
7683-CBDKJ,4,"New, Low-Spend, High-Risk",14,65.45,0.20416827098840193
0946-CLJTI,1,"Established, High-Spend, Low-Risk",58,98.7,0.49876907165534473
3160-TYXLT,3,"Established, Low-Spend, Low-Risk",53,46.3,0.10001026553317723
1325-USMEC,1,"Established, High-Spend, Low-Risk",70,99.35,0.051134741449268294
0916-QOFDP,2,"New, High-Spend, High-Risk",14,95.8,0.7368888771654484
0628-CNQRM,4,"New, Low-Spend, High-Risk",22,67.5,0.06642893680496685
5606-AMZBO,2,"New, High-Spend, High-Risk",10,78.15,0.5456800490298522
6199-IPCAO,3,"Established, Low-Spend, Low-Risk",29,26.1,0.019350027330700095
7665-TOALD,2,"New, High-Spend, High-Risk",1,69.6,0.6469676937481864
0112-QWPNC,1,"Established, High-Spend, Low-Risk",49,84.35,0.06464164905730083
0324-BRPCJ,1,"Established, High-Spend, Low-Risk",68,100.2,0.3922683056434443
2777-PHDEI,2,"New, High-Spend, High-Risk",1,78.05,0.7144166174654469
5640-CAXOA,4,"New, Low-Spend, High-Risk",30,40.35,0.13687511415989967
2235-EZAIK,1,"Established, High-Spend, Low-Risk",72,79.2,0.009252281074941695
3847-BAERP,4,"New, Low-Spend, High-Risk",10,20.9,0.1532112990929886
1196-AMORA,2,"New, High-Spend, High-Risk",7,73.6,0.675568630072902
4282-YMKNA,2,"New, High-Spend, High-Risk",9,74.75,0.6555589336830738
1453-RZFON,4,"New, Low-Spend, High-Risk",1,49.9,0.2629053491479176
8263-OKETD,4,"New, Low-Spend, High-Risk",20,68.9,0.2730965616607261
0670-KDOMA,4,"New, Low-Spend, High-Risk",1,20.25,0.2153221828100496
2476-YGEFM,2,"New, High-Spend, High-Risk",29,76.0,0.48374098728838516
8687-BAFGU,2,"New, High-Spend, High-Risk",1,74.0,0.5529182876349946
0641-EVBOJ,2,"New, High-Spend, High-Risk",3,82.3,0.4047107089440667
0829-XXPLX,2,"New, High-Spend, High-Risk",20,89.4,0.4461672124922332
9974-JFBHQ,1,"Established, High-Spend, Low-Risk",64,99.15,0.17563882039156575
5356-RHIPP,4,"New, Low-Spend, High-Risk",1,20.2,0.21718757676509345
6624-JDRDS,4,"New, Low-Spend, High-Risk",6,29.45,0.39979354982957316
0608-JDVEC,3,"Established, Low-Spend, Low-Risk",50,19.8,0.007081092507829637
9780-FKVVF,4,"New, Low-Spend, High-Risk",6,59.15,0.3361816303207214
1919-RTPQD,4,"New, Low-Spend, High-Risk",7,44.75,0.3186169708471559
5214-NLTIT,1,"Established, High-Spend, Low-Risk",72,90.8,0.059727348192776246
3345-PBBFH,4,"New, Low-Spend, High-Risk",8,49.55,0.327938919304349
5055-BRMNE,1,"Established, High-Spend, Low-Risk",67,106.7,0.04893899696468743
9189-JWSHV,2,"New, High-Spend, High-Risk",24,93.55,0.7326378114454185
2190-PHBHR,1,"Established, High-Spend, Low-Risk",72,94.45,0.04763766244997689
2650-GYRYL,3,"Established, Low-Spend, Low-Risk",33,19.45,0.023132750196779676
0746-JTRFU,4,"New, Low-Spend, High-Risk",2,25.05,0.5617192424278434
5208-FVQKB,1,"Established, High-Spend, Low-Risk",70,67.95,0.006931216514501783
7184-LRUUR,4,"New, Low-Spend, High-Risk",22,65.25,0.14432934939678713
6627-CFOSN,1,"Established, High-Spend, Low-Risk",59,99.45,0.2193346713220174
3982-JGSFD,3,"Established, Low-Spend, Low-Risk",36,20.35,0.02500455845857945
1574-DYCWE,3,"Established, Low-Spend, Low-Risk",51,19.95,0.00519620469056004
7247-XOZPB,1,"Established, High-Spend, Low-Risk",53,77.4,0.040293111228619824
2466-FCCPT,4,"New, Low-Spend, High-Risk",20,19.7,0.041303154479393214
6211-WWLTF,1,"Established, High-Spend, Low-Risk",63,99.7,0.07111227974714783
4826-TZEVA,1,"Established, High-Spend, Low-Risk",40,74.8,0.2843278249202677
6016-NXBNJ,3,"Established, Low-Spend, Low-Risk",35,19.15,0.02644325698172487
9138-EFSMO,2,"New, High-Spend, High-Risk",26,78.95,0.2828131610519274
0576-WNXXC,2,"New, High-Spend, High-Risk",27,95.55,0.5911163207933668
4632-XJMEX,3,"Established, Low-Spend, Low-Risk",53,62.85,0.013121831575604691
8910-LEDAG,2,"New, High-Spend, High-Risk",34,71.55,0.41070339802205585
3452-GWUIN,2,"New, High-Spend, High-Risk",19,94.95,0.7559837773179278
2716-GFZOR,1,"Established, High-Spend, Low-Risk",43,86.1,0.18704856157922736
3724-UCSHY,4,"New, Low-Spend, High-Risk",6,19.55,0.15090618639725853
8626-XHBIE,3,"Established, Low-Spend, Low-Risk",56,24.8,0.005893086806514264
4628-CTTLA,3,"Established, Low-Spend, Low-Risk",57,39.3,0.12251510949579593
3192-LNKRK,2,"New, High-Spend, High-Risk",34,84.05,0.39246792580246126
4439-YRNVD,4,"New, Low-Spend, High-Risk",10,36.25,0.33047081608891166
2876-VBBBL,4,"New, Low-Spend, High-Risk",1,20.25,0.2153221828100496
6834-NXDCA,4,"New, Low-Spend, High-Risk",13,23.9,0.43859005265751877
2208-UGTGR,1,"Established, High-Spend, Low-Risk",56,98.6,0.42924792358359454
3005-TYFRD,1,"Established, High-Spend, Low-Risk",55,103.65,0.4357746266029892
8670-MEFCP,1,"Established, High-Spend, Low-Risk",36,92.9,0.03457006398353248
3079-BCHLN,3,"Established, Low-Spend, Low-Risk",47,19.9,0.01578925698455058
7777-UNYHB,4,"New, Low-Spend, High-Risk",12,20.1,0.11648690409432742
5597-GLBUC,2,"New, High-Spend, High-Risk",1,85.45,0.6943318080903534
7278-CKDNC,2,"New, High-Spend, High-Risk",24,80.5,0.548895153896947
2748-MYRVK,1,"Established, High-Spend, Low-Risk",63,99.9,0.21301250336974223
8450-UYIBU,4,"New, Low-Spend, High-Risk",35,39.85,0.3286300836777003
2969-VAPYH,3,"Established, Low-Spend, Low-Risk",67,60.5,0.009451943524030216
4822-YCXMX,2,"New, High-Spend, High-Risk",25,84.8,0.5981719081462684
7181-OQCUT,2,"New, High-Spend, High-Risk",21,103.85,0.5992086714845001
8474-UMLNT,4,"New, Low-Spend, High-Risk",13,67.8,0.181950633454366
9821-POOTN,2,"New, High-Spend, High-Risk",35,75.2,0.4398575055977914
3836-FZSDJ,3,"Established, Low-Spend, Low-Risk",71,24.85,0.004895165937115491
9142-XMYJH,3,"Established, Low-Spend, Low-Risk",29,19.35,0.0711980246383853
6559-ILWKJ,3,"Established, Low-Spend, Low-Risk",71,49.35,0.02889293586248716
0187-QSXOE,2,"New, High-Spend, High-Risk",7,89.0,0.7698991377875283
7733-UDMTP,3,"Established, Low-Spend, Low-Risk",57,55.0,0.20091337646775106
2649-HWLYB,1,"Established, High-Spend, Low-Risk",65,76.15,0.013602439189813546
5214-CHIWJ,3,"Established, Low-Spend, Low-Risk",27,20.3,0.038063106998158076
4229-CZMLL,2,"New, High-Spend, High-Risk",6,74.9,0.6797067884058456
6904-JLBGY,1,"Established, High-Spend, Low-Risk",72,117.35,0.06048797684026939
2465-BLLEU,4,"New, Low-Spend, High-Risk",1,19.75,0.21840103137687206
1685-VAYJF,4,"New, Low-Spend, High-Risk",11,45.2,0.3295288327630951
8874-EJNSR,3,"Established, Low-Spend, Low-Risk",39,25.2,0.012833115424489039
6917-YACBP,1,"Established, High-Spend, Low-Risk",59,89.75,0.2014317702969879
5049-MUBWG,1,"Established, High-Spend, Low-Risk",26,75.0,0.09496343160754588
4223-WOZCM,4,"New, Low-Spend, High-Risk",2,49.95,0.44982204944911636
0769-MURVM,1,"Established, High-Spend, Low-Risk",72,65.7,0.010240199196960694
9253-VIFJQ,1,"Established, High-Spend, Low-Risk",65,67.05,0.022251559172196823
7030-FZTFM,1,"Established, High-Spend, Low-Risk",72,110.9,0.059429002846730535
9741-YLNTD,2,"New, High-Spend, High-Risk",6,87.95,0.656769329851916
5917-RYRMG,3,"Established, Low-Spend, Low-Risk",32,19.8,0.03613855566198079
5120-ZBLAI,1,"Established, High-Spend, Low-Risk",50,75.7,0.12954059289248623
1194-BHJYC,3,"Established, Low-Spend, Low-Risk",61,62.15,0.02248102673384421
3663-MITLP,2,"New, High-Spend, High-Risk",15,101.25,0.6192685276121209
0906-QVPMS,1,"Established, High-Spend, Low-Risk",72,115.15,0.05307091609223571
9025-ZRPVR,4,"New, Low-Spend, High-Risk",9,18.95,0.16373132297055681
1905-OEILC,4,"New, Low-Spend, High-Risk",1,19.5,0.21733475251364678
7858-GTZSP,2,"New, High-Spend, High-Risk",12,86.55,0.6916842740178615
3285-UCQVC,3,"Established, Low-Spend, Low-Risk",37,28.6,0.15129509361139667
6248-BSHKG,3,"Established, Low-Spend, Low-Risk",61,20.4,0.00644152746686605
4685-TFLLS,4,"New, Low-Spend, High-Risk",18,19.8,0.045372822713789375
3470-BTGQO,4,"New, Low-Spend, High-Risk",21,45.65,0.20277781460983477
1209-VFFOC,3,"Established, Low-Spend, Low-Risk",68,56.4,0.00825893156209915
8224-DWCKX,2,"New, High-Spend, High-Risk",12,73.3,0.6777612101072683
5482-PLVPE,4,"New, Low-Spend, High-Risk",2,24.35,0.607813326935352
4553-DVPZG,1,"Established, High-Spend, Low-Risk",62,101.35,0.4069223430964842
4902-OHLSK,2,"New, High-Spend, High-Risk",29,98.65,0.608510010507837
6917-IAYHD,4,"New, Low-Spend, High-Risk",1,33.6,0.37213900323708493
0495-ZBNGW,2,"New, High-Spend, High-Risk",5,79.9,0.7180823824654604
8620-RJPZN,4,"New, Low-Spend, High-Risk",1,20.7,0.21412114821253597
7572-KPVKK,1,"Established, High-Spend, Low-Risk",62,104.05,0.086068130522785
2642-MAWLJ,3,"Established, Low-Spend, Low-Risk",36,20.25,0.010268354797874637
2357-COQEK,2,"New, High-Spend, High-Risk",28,103.3,0.6090991117786015
7103-ZGVNT,1,"Established, High-Spend, Low-Risk",69,73.7,0.015670780612350912
3737-GCSPV,2,"New, High-Spend, High-Risk",11,96.2,0.5128815273104992
2027-WKXMW,1,"Established, High-Spend, Low-Risk",63,108.75,0.3050166326909842
7137-NAXML,4,"New, Low-Spend, High-Risk",23,20.15,0.044544873340691786
2428-ZMCTB,4,"New, Low-Spend, High-Risk",10,19.75,0.1558789123400164
2961-VNFKL,3,"Established, Low-Spend, Low-Risk",71,25.95,0.0038508388600964117
1768-HNVGJ,1,"Established, High-Spend, Low-Risk",45,70.05,0.11845206058661269
6963-KQYQB,3,"Established, Low-Spend, Low-Risk",70,24.05,0.0032231847556853615
5934-RMPOV,2,"New, High-Spend, High-Risk",22,84.75,0.5597227731086591
1207-BLKSA,3,"Established, Low-Spend, Low-Risk",52,23.05,0.007261169761641169
4088-YLDSU,1,"Established, High-Spend, Low-Risk",55,104.15,0.22488564212430534
8316-BBQAY,3,"Established, Low-Spend, Low-Risk",65,59.95,0.018978957864881754
1166-PQLGG,3,"Established, Low-Spend, Low-Risk",72,19.55,0.001993680361158953
3146-JTQHR,4,"New, Low-Spend, High-Risk",10,19.6,0.08163917893924538
4291-YZODP,4,"New, Low-Spend, High-Risk",7,20.05,0.07017933644760874
4395-PZMSN,2,"New, High-Spend, High-Risk",5,85.55,0.6806166371782413
6427-FEFIG,1,"Established, High-Spend, Low-Risk",24,78.6,0.08374783729165416
0017-IUDMW,1,"Established, High-Spend, Low-Risk",72,116.8,0.04120765875619053
8706-HRADD,4,"New, Low-Spend, High-Risk",21,43.55,0.2520893219108356
9955-QOPOY,3,"Established, Low-Spend, Low-Risk",69,60.8,0.04411997615221147
4385-ZKVNW,3,"Established, Low-Spend, Low-Risk",44,54.9,0.06023594669640435
5446-DKWYW,1,"Established, High-Spend, Low-Risk",61,65.2,0.05946784662829672
2034-CGRHZ,2,"New, High-Spend, High-Risk",24,102.95,0.6936089851420911
5797-APWZC,2,"New, High-Spend, High-Risk",1,90.6,0.7589228873006406
3683-QKIUE,4,"New, Low-Spend, High-Risk",6,50.8,0.2818710850933703
4228-ZGYUW,2,"New, High-Spend, High-Risk",4,90.05,0.7156487298260439
9031-ZVQPT,1,"Established, High-Spend, Low-Risk",72,108.2,0.07696836722407363
2990-IAJSV,1,"Established, High-Spend, Low-Risk",72,92.0,0.014706683496286541
8107-KNCIM,2,"New, High-Spend, High-Risk",14,75.1,0.6636139797109953
9027-YFHQJ,4,"New, Low-Spend, High-Risk",7,25.05,0.22342281525178623
5176-LDKUH,1,"Established, High-Spend, Low-Risk",48,75.15,0.12809279045831734
4644-OBGFZ,3,"Established, Low-Spend, Low-Risk",55,19.5,0.008461007076739786
7926-IJOOU,4,"New, Low-Spend, High-Risk",1,19.3,0.21961936365037996
6480-YAGIY,1,"Established, High-Spend, Low-Risk",45,112.2,0.12825012688715112
4029-HPFVY,2,"New, High-Spend, High-Risk",3,70.3,0.6308468043198309
7602-DBTOU,3,"Established, Low-Spend, Low-Risk",71,19.6,0.002666055835209992
5345-BMKWB,4,"New, Low-Spend, High-Risk",8,20.25,0.17071729744187916
3519-ZKXGG,2,"New, High-Spend, High-Risk",3,75.85,0.7025325754840024
5457-COLHT,1,"Established, High-Spend, Low-Risk",69,80.65,0.008682251101764644
6416-TVAIH,2,"New, High-Spend, High-Risk",1,68.5,0.6006327023291826
5451-YHYPW,1,"Established, High-Spend, Low-Risk",72,115.75,0.06360645807752037
5108-ADXWO,2,"New, High-Spend, High-Risk",11,73.5,0.45218194524882
7998-WNZEM,1,"Established, High-Spend, Low-Risk",71,80.6,0.009824853850765942
3066-RRJIO,2,"New, High-Spend, High-Risk",1,69.95,0.6457013192526025
4664-NJCMS,3,"Established, Low-Spend, Low-Risk",33,59.55,0.06282782033873222
0307-BCOPK,4,"New, Low-Spend, High-Risk",16,19.05,0.06170492517673557
7629-WFGLW,1,"Established, High-Spend, Low-Risk",56,95.65,0.08399740133336313
2542-HYGIQ,4,"New, Low-Spend, High-Risk",1,19.95,0.216125584056577
6715-OFDBP,2,"New, High-Spend, High-Risk",5,70.05,0.5142581413652249
5016-LIPDW,3,"Established, Low-Spend, Low-Risk",57,19.4,0.007724185362425297
6481-LXPWL,3,"Established, Low-Spend, Low-Risk",56,36.1,0.035496971700726646
1567-DSCIC,2,"New, High-Spend, High-Risk",8,94.0,0.6859148007529062
2150-UWTFY,4,"New, Low-Spend, High-Risk",22,61.15,0.11642482551886005
6124-ACRHJ,4,"New, Low-Spend, High-Risk",1,19.75,0.216662389850792
9362-MWODR,3,"Established, Low-Spend, Low-Risk",40,64.1,0.06892021129209468
9975-GPKZU,3,"Established, Low-Spend, Low-Risk",46,19.75,0.006525778084427221
9625-RZFUK,3,"Established, Low-Spend, Low-Risk",63,19.7,0.003037829047118256
5153-LXKDT,1,"Established, High-Spend, Low-Risk",68,110.2,0.06263738823941711
5161-UBZXI,1,"Established, High-Spend, Low-Risk",69,106.35,0.029845264334021574
1020-JPQOW,1,"Established, High-Spend, Low-Risk",56,90.55,0.1938597597968823
7919-ZODZZ,4,"New, Low-Spend, High-Risk",10,65.9,0.1690307269290464
0565-JUPYD,1,"Established, High-Spend, Low-Risk",63,104.5,0.0824377289141834
6867-ACCZI,4,"New, Low-Spend, High-Risk",24,52.5,0.04319754635149124
5939-XAIXZ,4,"New, Low-Spend, High-Risk",19,56.1,0.31550042846369714
9054-FOWNV,2,"New, High-Spend, High-Risk",22,88.75,0.565639142759677
2683-BPJSO,2,"New, High-Spend, High-Risk",29,84.45,0.35461525593957094
2157-MXBJS,2,"New, High-Spend, High-Risk",13,75.3,0.3463978752502015
8207-VVMYB,3,"Established, Low-Spend, Low-Risk",70,26.0,0.004225867492788087
9732-EQMWY,1,"Established, High-Spend, Low-Risk",49,99.4,0.397792565621181
9360-AHGNL,1,"Established, High-Spend, Low-Risk",43,109.55,0.24512384120997627
1087-UDSIH,4,"New, Low-Spend, High-Risk",3,19.6,0.20177048984854032
5269-NRGDP,1,"Established, High-Spend, Low-Risk",42,73.15,0.06966091281937635
6195-MELTI,3,"Established, Low-Spend, Low-Risk",57,54.65,0.02176321275386187
5485-WUYWF,2,"New, High-Spend, High-Risk",2,66.4,0.3972084745498311
2121-JAFOM,1,"Established, High-Spend, Low-Risk",72,115.55,0.05185233994836755
8818-DOPVL,2,"New, High-Spend, High-Risk",46,104.45,0.5438661093738771
2632-UCGVD,1,"Established, High-Spend, Low-Risk",66,100.05,0.36366383565558463
5445-PZWGX,1,"Established, High-Spend, Low-Risk",62,102.0,0.08554486269254881
1227-UDMZR,1,"Established, High-Spend, Low-Risk",72,91.15,0.015160619812280703
5198-HQAEN,1,"Established, High-Spend, Low-Risk",35,89.7,0.1508176876796817
9170-CCKOU,2,"New, High-Spend, High-Risk",17,90.2,0.43040753152766087
2167-FQSTQ,1,"Established, High-Spend, Low-Risk",72,92.4,0.015333035250593641
2819-GWENI,3,"Established, Low-Spend, Low-Risk",28,19.9,0.02873962454059425
1043-YCUTE,3,"Established, Low-Spend, Low-Risk",56,25.15,0.007566852261404854
3814-MLAXC,2,"New, High-Spend, High-Risk",31,79.85,0.37252052194132296
3572-UUHRS,3,"Established, Low-Spend, Low-Risk",45,18.85,0.01700413863725178
2692-PFYTJ,4,"New, Low-Spend, High-Risk",1,25.75,0.27062349434525196
1226-UDFZR,4,"New, Low-Spend, High-Risk",2,49.6,0.374884576555933
5955-EPOAZ,4,"New, Low-Spend, High-Risk",6,20.95,0.17685903434968045
6821-JPCDC,1,"Established, High-Spend, Low-Risk",48,97.05,0.23994800952979256
8815-LMFLX,4,"New, Low-Spend, High-Risk",25,25.4,0.09099677555032278
9135-HSWOC,3,"Established, Low-Spend, Low-Risk",64,19.7,0.0028876151558482857
8582-KRHPJ,3,"Established, Low-Spend, Low-Risk",50,35.0,0.07903218361749967
5811-IWXYM,1,"Established, High-Spend, Low-Risk",52,101.25,0.2570260416368987
7044-YAACC,2,"New, High-Spend, High-Risk",4,70.2,0.6721960619079568
8189-XRIKE,2,"New, High-Spend, High-Risk",32,90.95,0.5904257937987686
1506-YJTYT,1,"Established, High-Spend, Low-Risk",45,73.85,0.019474066551326816
4123-DVHPH,2,"New, High-Spend, High-Risk",9,88.05,0.6274536467648101
6425-YQLLO,1,"Established, High-Spend, Low-Risk",66,105.95,0.20140616878778758
5442-UTCVD,2,"New, High-Spend, High-Risk",3,91.85,0.6865924933724167
2228-BZDEE,3,"Established, Low-Spend, Low-Risk",54,20.1,0.005638888759137881
7734-DBOAI,4,"New, Low-Spend, High-Risk",1,40.1,0.48235140270273913
2789-CZANW,1,"Established, High-Spend, Low-Risk",64,110.3,0.0487929090902061
2091-RFFBA,2,"New, High-Spend, High-Risk",31,73.9,0.5150282745519812
2114-MGINA,2,"New, High-Spend, High-Risk",14,89.8,0.6735664262268706
7596-LDUXP,2,"New, High-Spend, High-Risk",12,85.15,0.32950009330400365
3740-RLMVT,3,"Established, Low-Spend, Low-Risk",67,60.95,0.012400132628824813
4489-SNOJF,1,"Established, High-Spend, Low-Risk",35,72.25,0.11681085628456844
2192-OZITF,1,"Established, High-Spend, Low-Risk",45,73.55,0.025931673496999475
5651-CPDND,4,"New, Low-Spend, High-Risk",10,46.0,0.33790395771438136
2186-QZEYA,4,"New, Low-Spend, High-Risk",29,58.55,0.18395161491669695
1131-ALZWV,4,"New, Low-Spend, High-Risk",24,24.6,0.05915860974540128
7729-XBTWX,3,"Established, Low-Spend, Low-Risk",66,19.75,0.002648253205500104
9134-WYRVP,1,"Established, High-Spend, Low-Risk",51,86.35,0.12041313174050809
3284-SVCRO,3,"Established, Low-Spend, Low-Risk",45,25.5,0.012360773477743928
9732-OUYRN,3,"Established, Low-Spend, Low-Risk",49,19.0,0.014281478518528068
0559-CKHUS,3,"Established, Low-Spend, Low-Risk",29,19.55,0.01809403203073629
2931-SVLTV,1,"Established, High-Spend, Low-Risk",40,110.1,0.29910916454067543
6899-PPEEA,2,"New, High-Spend, High-Risk",37,96.55,0.6358565349089923
7504-UWHNB,2,"New, High-Spend, High-Risk",25,69.75,0.4391052781130718
2582-FFFZR,2,"New, High-Spend, High-Risk",22,50.6,0.4822490110101246
8908-NMQTX,1,"Established, High-Spend, Low-Risk",72,65.6,0.012920380791888297
2187-LZGPL,4,"New, Low-Spend, High-Risk",7,40.1,0.5321527383789104
1431-AIDJQ,1,"Established, High-Spend, Low-Risk",33,82.1,0.040915980635049885
6288-LBEAR,2,"New, High-Spend, High-Risk",23,79.1,0.3272752488861779
4597-NUCQV,2,"New, High-Spend, High-Risk",24,101.25,0.6924575564852917
9019-QVLZD,2,"New, High-Spend, High-Risk",1,79.55,0.7095478811127014
8413-YNHNV,1,"Established, High-Spend, Low-Risk",69,90.65,0.016340312459785192
5808-TOTXO,4,"New, Low-Spend, High-Risk",3,20.55,0.0832930169460115
4369-NYSCF,1,"Established, High-Spend, Low-Risk",56,75.75,0.04855057524664336
6333-YDVLT,1,"Established, High-Spend, Low-Risk",65,110.0,0.1235157244936858
5324-KTGCG,3,"Established, Low-Spend, Low-Risk",71,20.85,0.005312992817510394
5599-HVLTW,2,"New, High-Spend, High-Risk",14,80.35,0.6430983483041299
7394-LWLYN,2,"New, High-Spend, High-Risk",2,70.15,0.6359820889658012
3707-LRWZD,2,"New, High-Spend, High-Risk",32,84.05,0.3691343484331788
6873-UDNLD,1,"Established, High-Spend, Low-Risk",40,67.45,0.11923602879102645
2700-LUEVA,4,"New, Low-Spend, High-Risk",1,20.75,0.21571109152721823
1455-ESIQH,2,"New, High-Spend, High-Risk",1,89.1,0.7650810034947351
0958-YHXGP,2,"New, High-Spend, High-Risk",7,69.9,0.596055252322553
1101-SSWAG,4,"New, Low-Spend, High-Risk",15,51.1,0.3646159129942835
2979-SXESE,2,"New, High-Spend, High-Risk",17,94.4,0.4905937479601592
4013-TLDHQ,2,"New, High-Spend, High-Risk",19,78.25,0.44952649279896173
5743-KHMNA,3,"Established, Low-Spend, Low-Risk",71,25.55,0.003892327490013067
4194-FJARJ,3,"Established, Low-Spend, Low-Risk",54,60.0,0.010636969125669483
5325-UWTWJ,1,"Established, High-Spend, Low-Risk",31,90.55,0.26249992356207447
3969-GYXEL,2,"New, High-Spend, High-Risk",11,76.4,0.4406306470831718
9208-OLGAQ,2,"New, High-Spend, High-Risk",18,84.95,0.6070515167068836
3244-CQPHU,1,"Established, High-Spend, Low-Risk",72,110.1,0.05764960980599373
2674-MLXMN,1,"Established, High-Spend, Low-Risk",71,99.65,0.3576507651128872
9708-HPXWZ,4,"New, Low-Spend, High-Risk",5,45.4,0.5319027344407573
6992-TKNYO,1,"Established, High-Spend, Low-Risk",38,69.0,0.09822150225538631
4468-YDOVK,4,"New, Low-Spend, High-Risk",5,48.65,0.249203270473205
3754-DXMRT,4,"New, Low-Spend, High-Risk",2,44.15,0.46702947620880675
5792-JALQC,3,"Established, Low-Spend, Low-Risk",52,59.85,0.02427159623410356
7130-VTEWQ,2,"New, High-Spend, High-Risk",8,75.75,0.7002961841623679
2200-DSAAL,1,"Established, High-Spend, Low-Risk",68,80.65,0.03292390392985294
4302-ZYFEL,3,"Established, Low-Spend, Low-Risk",69,20.55,0.004464236673148336
9351-LZYGF,1,"Established, High-Spend, Low-Risk",42,66.4,0.07196809546301143
4366-CTOUZ,1,"Established, High-Spend, Low-Risk",50,100.2,0.09215601829272342
6121-VZNQB,4,"New, Low-Spend, High-Risk",1,19.1,0.21841366480603944
7903-CMPEY,2,"New, High-Spend, High-Risk",1,80.3,0.6591716423247499
1518-OMDIK,4,"New, Low-Spend, High-Risk",33,44.55,0.17113999082546488
6671-NGWON,4,"New, Low-Spend, High-Risk",7,20.35,0.17223295950253698
0595-ITUDF,1,"Established, High-Spend, Low-Risk",64,91.8,0.12226975817795091
6996-KNSML,2,"New, High-Spend, High-Risk",1,74.9,0.6323925186618727
1955-IBMMB,3,"Established, Low-Spend, Low-Risk",59,20.2,0.004531372279888291
0096-BXERS,4,"New, Low-Spend, High-Risk",6,50.35,0.45675139358688505
3806-YAZOV,4,"New, Low-Spend, High-Risk",3,18.8,0.2037158293157907
7998-ZLXWN,4,"New, Low-Spend, High-Risk",15,20.45,0.1289091546784836
6253-WRFHY,4,"New, Low-Spend, High-Risk",13,64.75,0.24039501638207023
9133-AYJZG,2,"New, High-Spend, High-Risk",23,98.7,0.6592812715242079
2675-OTVVJ,2,"New, High-Spend, High-Risk",31,89.45,0.5059318758324027
8680-CGLTP,3,"Established, Low-Spend, Low-Risk",29,58.75,0.040774148212568424
8430-TWCBX,3,"Established, Low-Spend, Low-Risk",49,20.7,0.014237190037029375
5018-GWURO,1,"Established, High-Spend, Low-Risk",56,85.6,0.36845747349108304
6741-QRLUP,1,"Established, High-Spend, Low-Risk",63,80.3,0.012539946428791592
4737-HOBAX,1,"Established, High-Spend, Low-Risk",63,79.8,0.03292313932419805
0537-QYZZN,2,"New, High-Spend, High-Risk",24,79.85,0.4091222836308309
3340-QBBFM,3,"Established, Low-Spend, Low-Risk",36,54.1,0.06621645246736196
1704-NRWYE,2,"New, High-Spend, High-Risk",9,80.85,0.6907377684991195
2592-SEIFQ,4,"New, Low-Spend, High-Risk",3,24.75,0.5510046301521334
8200-KLNYW,1,"Established, High-Spend, Low-Risk",21,80.9,0.10898958995808891
3372-CDXFJ,4,"New, Low-Spend, High-Risk",13,24.5,0.07724420043216729
4781-ZXYGU,4,"New, Low-Spend, High-Risk",1,20.15,0.1814430454667355
7632-YUTXB,4,"New, Low-Spend, High-Risk",25,20.05,0.033048971491328676
2718-YSKCS,3,"Established, Low-Spend, Low-Risk",71,19.6,0.0020825928509951037
9896-UYMIE,1,"Established, High-Spend, Low-Risk",66,114.3,0.10706269295026702
0853-NWIFK,1,"Established, High-Spend, Low-Risk",45,100.3,0.17664554559814466
8212-CRQXP,2,"New, High-Spend, High-Risk",22,80.0,0.5494439415277006
6980-CDGFC,3,"Established, Low-Spend, Low-Risk",67,20.85,0.006146213419796644
7691-XVTZH,1,"Established, High-Spend, Low-Risk",68,89.95,0.083374021281005
2520-SGTTA,4,"New, Low-Spend, High-Risk",0,20.0,0.06897847235997058
7481-ATQQS,1,"Established, High-Spend, Low-Risk",49,90.85,0.4545954731928524
2277-VWCNI,2,"New, High-Spend, High-Risk",4,48.75,0.5225472991271664
1088-CNNKB,1,"Established, High-Spend, Low-Risk",63,80.0,0.02559377972040439
8642-GVWRF,2,"New, High-Spend, High-Risk",2,79.7,0.590563229064423
1930-BZLHI,4,"New, Low-Spend, High-Risk",21,20.35,0.04906495622750638
3400-ESFUW,3,"Established, Low-Spend, Low-Risk",55,57.55,0.006273792239776635
5868-YTYKS,4,"New, Low-Spend, High-Risk",1,20.25,0.17733220972252603
3525-DVKFN,4,"New, Low-Spend, High-Risk",17,19.4,0.030860332420884238
1482-OXZSY,2,"New, High-Spend, High-Risk",30,100.4,0.533952162768437
0377-JBKKT,4,"New, Low-Spend, High-Risk",22,57.95,0.08693543072694108
5778-BVOFB,4,"New, Low-Spend, High-Risk",9,59.5,0.32524810037734175
3373-YZZYM,4,"New, Low-Spend, High-Risk",1,19.2,0.18368710515365802
2057-ZBLPD,2,"New, High-Spend, High-Risk",21,86.5,0.6315051452396321
0228-MAUWC,4,"New, Low-Spend, High-Risk",19,59.55,0.24417271373900612
5502-RLUYV,1,"Established, High-Spend, Low-Risk",69,103.95,0.3005304129676379
0023-HGHWL,4,"New, Low-Spend, High-Risk",1,25.1,0.6185100678743849
7663-YJHSN,1,"Established, High-Spend, Low-Risk",72,103.95,0.03525378599868431
4915-BFSXL,1,"Established, High-Spend, Low-Risk",70,68.95,0.012905550854481305
3086-RUCRN,1,"Established, High-Spend, Low-Risk",66,103.1,0.14080591183835797
5215-LNLDJ,4,"New, Low-Spend, High-Risk",7,24.7,0.446606333001118
7576-JMYWV,1,"Established, High-Spend, Low-Risk",46,110.2,0.29584768693468727
9039-RBEEE,3,"Established, Low-Spend, Low-Risk",39,48.95,0.12004438147192456
0257-KXZGU,4,"New, Low-Spend, High-Risk",32,62.45,0.1628928859346243
1307-ATKGB,2,"New, High-Spend, High-Risk",24,89.55,0.4851026360551449
8417-FMLZI,2,"New, High-Spend, High-Risk",6,83.55,0.5831173970245606
3714-XPXBW,1,"Established, High-Spend, Low-Risk",37,78.9,0.11787675366648195
1850-AKQEP,4,"New, Low-Spend, High-Risk",8,20.35,0.13519638121044444
2824-DXNKN,1,"Established, High-Spend, Low-Risk",72,71.45,0.01151163674236769
5227-JSCFE,3,"Established, Low-Spend, Low-Risk",71,46.35,0.007466402272349
0848-ZGQIJ,2,"New, High-Spend, High-Risk",16,94.65,0.6337555278243948
3621-CHYVB,3,"Established, Low-Spend, Low-Risk",57,49.9,0.0685309764747371
8042-RNLKO,3,"Established, Low-Spend, Low-Risk",66,25.45,0.009402287141831391
1792-UXAFY,2,"New, High-Spend, High-Risk",17,89.15,0.5870009971239937
5372-FBKBN,4,"New, Low-Spend, High-Risk",21,20.75,0.07795623515445126
0420-TXVSG,1,"Established, High-Spend, Low-Risk",66,66.1,0.011333391504709559
6217-TOWGS,2,"New, High-Spend, High-Risk",17,75.4,0.4658428204827109
0515-YPMCW,2,"New, High-Spend, High-Risk",1,70.45,0.5868340153736594
0378-XSZPU,3,"Established, Low-Spend, Low-Risk",58,60.3,0.020459765371702264
1045-LTCYT,4,"New, Low-Spend, High-Risk",8,21.05,0.13480072575247323
1544-JJMYL,4,"New, Low-Spend, High-Risk",27,69.35,0.06797954714735456
4636-JGAAI,2,"New, High-Spend, High-Risk",34,88.85,0.5035674896438113
6874-SGLHU,2,"New, High-Spend, High-Risk",30,97.0,0.34614836778801894
5951-AOFIH,4,"New, Low-Spend, High-Risk",33,66.4,0.1952128064932454
4729-XKASR,4,"New, Low-Spend, High-Risk",1,24.75,0.5112746207944888
3059-NGMXB,4,"New, Low-Spend, High-Risk",14,69.2,0.25983785673703585
8652-YHIYU,2,"New, High-Spend, High-Risk",16,79.5,0.267255057074707
5278-PNYOX,1,"Established, High-Spend, Low-Risk",49,100.65,0.1038532833139051
5449-FIBXJ,2,"New, High-Spend, High-Risk",19,103.3,0.5754011399143052
3486-HOOGQ,1,"Established, High-Spend, Low-Risk",70,79.7,0.008496154067420726
5061-PBXFW,3,"Established, Low-Spend, Low-Risk",32,61.4,0.057549125179135976
8630-FJLIB,2,"New, High-Spend, High-Risk",18,69.8,0.49737878994972334
3891-NLXJB,3,"Established, Low-Spend, Low-Risk",37,40.55,0.023267530157046572
4749-OJKQU,2,"New, High-Spend, High-Risk",4,75.65,0.6890125781510417
0577-WHMEV,2,"New, High-Spend, High-Risk",16,90.7,0.43418224062837607
5453-AXEPF,2,"New, High-Spend, High-Risk",17,80.5,0.5557497258474745
3639-XJHKQ,4,"New, Low-Spend, High-Risk",19,60.6,0.12794512262890184
3716-LRGXK,1,"Established, High-Spend, Low-Risk",60,101.15,0.15255995776419817
2263-SFSQZ,3,"Established, Low-Spend, Low-Risk",51,24.95,0.007430520374956587
9950-MTGYX,3,"Established, Low-Spend, Low-Risk",28,20.3,0.014715089452844967
3397-AVTKU,3,"Established, Low-Spend, Low-Risk",43,60.0,0.038314921501790895
4825-FUREZ,3,"Established, Low-Spend, Low-Risk",42,20.25,0.010106550740602332
9837-BMCLM,2,"New, High-Spend, High-Risk",3,78.5,0.701377487098997
2672-OJQZP,4,"New, Low-Spend, High-Risk",1,44.75,0.42465702719907905
0137-UDEUO,4,"New, Low-Spend, High-Risk",3,19.85,0.2012621496306248
3134-DSHVC,1,"Established, High-Spend, Low-Risk",63,98.0,0.060834106358149884
6161-UUUTA,2,"New, High-Spend, High-Risk",3,79.9,0.7364265562268797
7821-DPRQE,1,"Established, High-Spend, Low-Risk",68,107.7,0.20293619748875075
6543-XRMYR,2,"New, High-Spend, High-Risk",30,99.7,0.6537551882917615
2001-EWBQU,1,"Established, High-Spend, Low-Risk",60,104.7,0.13637642043115486
4925-LMHOK,4,"New, Low-Spend, High-Risk",15,58.6,0.2551624208949838
1608-GMEWB,2,"New, High-Spend, High-Risk",45,93.9,0.5837603775955491
6695-AMZUF,1,"Established, High-Spend, Low-Risk",70,86.45,0.010639432946185785
1455-UGQVH,2,"New, High-Spend, High-Risk",10,98.5,0.770868593980458
8410-BGQXN,4,"New, Low-Spend, High-Risk",4,19.4,0.19699828135651562
8280-MQRQN,4,"New, Low-Spend, High-Risk",1,50.45,0.4077539576503525
1619-YWUBB,3,"Established, Low-Spend, Low-Risk",68,24.95,0.004373029630817823
7611-YKYTC,2,"New, High-Spend, High-Risk",22,75.0,0.3036416513325539
2037-SGXHH,2,"New, High-Spend, High-Risk",38,94.65,0.4103771349856503
3178-FESZO,2,"New, High-Spend, High-Risk",1,100.25,0.7838988245398122
0365-GXEZS,2,"New, High-Spend, High-Risk",18,78.2,0.40871462430911676
0082-OQIQY,2,"New, High-Spend, High-Risk",29,94.2,0.4719213369932023
6087-MVHJH,2,"New, High-Spend, High-Risk",16,88.45,0.6619149382686744
4603-JANFB,2,"New, High-Spend, High-Risk",1,69.85,0.6483955831250859
3018-TFTSU,2,"New, High-Spend, High-Risk",12,81.7,0.41605150339644287
3606-SBKRY,4,"New, Low-Spend, High-Risk",31,50.05,0.2375149338763028
4806-KEXQR,2,"New, High-Spend, High-Risk",4,79.9,0.6861073724286006
0667-NSRGI,1,"Established, High-Spend, Low-Risk",48,69.55,0.07057099817408428
7083-YNSKY,4,"New, Low-Spend, High-Risk",15,25.4,0.16617067458933305
6893-ODYYE,1,"Established, High-Spend, Low-Risk",50,90.1,0.05783965514893254
8242-JSVBO,4,"New, Low-Spend, High-Risk",7,44.65,0.36920182968807946
2479-BRAMR,1,"Established, High-Spend, Low-Risk",41,83.75,0.3285406494720866
9541-ZPSEA,1,"Established, High-Spend, Low-Risk",68,80.35,0.02104043420772741
2665-NPTGL,2,"New, High-Spend, High-Risk",26,98.1,0.7124336184428351
1139-WUOAH,3,"Established, Low-Spend, Low-Risk",57,53.35,0.038863579746056386
4693-VWVBO,4,"New, Low-Spend, High-Risk",3,19.55,0.2019442800127649
7434-SHXLS,4,"New, Low-Spend, High-Risk",1,20.9,0.21358892187530162
6937-GCDGQ,4,"New, Low-Spend, High-Risk",19,48.95,0.07937623500349218
0988-JRWWP,2,"New, High-Spend, High-Risk",3,54.2,0.4772819197839003
5075-JSDKI,3,"Established, Low-Spend, Low-Risk",59,24.45,0.0065752952720202545
7908-QCBCA,2,"New, High-Spend, High-Risk",1,69.4,0.6536780414930033
8644-XYTSV,3,"Established, Low-Spend, Low-Risk",42,40.15,0.16769028899272925
6711-FLDFB,2,"New, High-Spend, High-Risk",7,74.9,0.6697186190329175
3873-WOSBC,3,"Established, Low-Spend, Low-Risk",67,25.6,0.004765978657746662
7465-ZZRVX,2,"New, High-Spend, High-Risk",1,70.35,0.6465891707847738
7975-JMZNT,1,"Established, High-Spend, Low-Risk",66,91.7,0.01817985673203122
7251-XFOIL,1,"Established, High-Spend, Low-Risk",61,89.2,0.32214671065793155
4116-IQRFR,4,"New, Low-Spend, High-Risk",4,24.1,0.1113309834902059
3714-JTVOV,1,"Established, High-Spend, Low-Risk",42,74.15,0.26109836360661526
8259-DZLIZ,3,"Established, Low-Spend, Low-Risk",64,53.85,0.02653130179424759
0442-ZXKVS,1,"Established, High-Spend, Low-Risk",54,115.6,0.1778878044841459
7853-WNZSY,4,"New, Low-Spend, High-Risk",1,19.75,0.21840103137687206
3120-FAZKD,3,"Established, Low-Spend, Low-Risk",54,24.05,0.006497218941993524
8606-OEGQZ,4,"New, Low-Spend, High-Risk",18,25.3,0.03123821223311892
0225-ZORZP,2,"New, High-Spend, High-Risk",3,84.3,0.6567065885381207
4702-IOQDC,2,"New, High-Spend, High-Risk",1,70.1,0.6451579601361284
9489-JMTTN,1,"Established, High-Spend, Low-Risk",72,89.75,0.011987145558563917
0575-CUQOV,1,"Established, High-Spend, Low-Risk",60,97.95,0.21064169438904257
0967-BMLBD,4,"New, Low-Spend, High-Risk",11,20.0,0.060794880556634255
6178-KFNHS,2,"New, High-Spend, High-Risk",12,78.3,0.45824252791552633
2830-LEWOA,1,"Established, High-Spend, Low-Risk",61,103.9,0.10710947206527166
5006-MXVRN,3,"Established, Low-Spend, Low-Risk",39,20.7,0.011070981716305139
1264-BYWMS,1,"Established, High-Spend, Low-Risk",55,96.8,0.4564734376270496
9658-WYUFB,2,"New, High-Spend, High-Risk",17,94.4,0.5187252740962583
8327-WKMIE,3,"Established, Low-Spend, Low-Risk",37,20.15,0.024327574215139428
6917-FIJHC,3,"Established, Low-Spend, Low-Risk",72,26.0,0.0036390058244612365
5329-KRDTM,1,"Established, High-Spend, Low-Risk",72,77.35,0.01714547844539725
7797-EJMDP,4,"New, Low-Spend, High-Risk",8,66.05,0.23407323120247095
3530-VWVGU,4,"New, Low-Spend, High-Risk",22,19.9,0.07642163125895193
2013-SGDXK,2,"New, High-Spend, High-Risk",1,84.3,0.6734357165232286
6368-NWMCE,1,"Established, High-Spend, Low-Risk",38,68.15,0.16771093641193727
3633-CDBUW,4,"New, Low-Spend, High-Risk",17,80.85,0.12747426224553937
0707-HOVVN,1,"Established, High-Spend, Low-Risk",70,75.5,0.018097530052842033
8580-QVLOC,1,"Established, High-Spend, Low-Risk",72,92.45,0.013436737419868231
3956-MGXOG,2,"New, High-Spend, High-Risk",28,80.6,0.4894307996216503
9274-UARKJ,2,"New, High-Spend, High-Risk",15,83.2,0.5639496482328498
4077-HWUYD,1,"Established, High-Spend, Low-Risk",72,87.55,0.012193272161130838
2012-NWRPA,2,"New, High-Spend, High-Risk",11,99.55,0.7937415435190491
8808-ELEHO,2,"New, High-Spend, High-Risk",8,81.25,0.6871922578190376
0103-CSITQ,1,"Established, High-Spend, Low-Risk",57,109.4,0.1948811600814177
3506-LCJDC,4,"New, Low-Spend, High-Risk",1,19.95,0.1819136991734132
8671-KKKOS,3,"Established, Low-Spend, Low-Risk",46,45.55,0.12985021977348263
7305-ZWMAJ,3,"Established, Low-Spend, Low-Risk",30,20.7,0.03347502501859248
9518-XXBXE,2,"New, High-Spend, High-Risk",10,75.3,0.5082434490600053
3934-HXCFZ,2,"New, High-Spend, High-Risk",23,99.25,0.4681730031929041
6578-KRMAW,1,"Established, High-Spend, Low-Risk",32,93.4,0.3206556856042127
4860-IJUDE,2,"New, High-Spend, High-Risk",13,73.75,0.4349361016340705
7666-WKRON,1,"Established, High-Spend, Low-Risk",39,80.45,0.0714301050074016
9688-YGXVR,1,"Established, High-Spend, Low-Risk",44,88.15,0.34063593128849023
0423-UDIJQ,4,"New, Low-Spend, High-Risk",9,49.2,0.3047700719473002
1945-XISKS,3,"Established, Low-Spend, Low-Risk",67,19.65,0.0032023334977453123
4910-AQFFX,2,"New, High-Spend, High-Risk",9,79.35,0.5904262978885021
2154-KVJFF,2,"New, High-Spend, High-Risk",15,79.75,0.5627854354078317
5360-LJCNJ,1,"Established, High-Spend, Low-Risk",71,105.15,0.106975571553348
2607-FBDFF,4,"New, Low-Spend, High-Risk",1,49.0,0.33301542076168006
9647-ERGBE,2,"New, High-Spend, High-Risk",30,100.05,0.5852365578188393
3428-XZMAZ,2,"New, High-Spend, High-Risk",1,69.35,0.650197757374454
1100-DDVRV,2,"New, High-Spend, High-Risk",17,49.8,0.516356479539945
0378-TOVMS,2,"New, High-Spend, High-Risk",3,85.8,0.5945195683838399
4355-HBJHH,1,"Established, High-Spend, Low-Risk",67,79.7,0.021100871994744856
6728-WYQBC,4,"New, Low-Spend, High-Risk",1,20.95,0.215175995249546
9058-CBREO,2,"New, High-Spend, High-Risk",1,50.55,0.5461933042483119
9029-FEGVJ,2,"New, High-Spend, High-Risk",32,79.3,0.5112739202640986
7216-KAOID,3,"Established, Low-Spend, Low-Risk",41,19.5,0.016212610600658667
0318-QUUOB,2,"New, High-Spend, High-Risk",1,80.55,0.713801391706861
6145-NNPNO,4,"New, Low-Spend, High-Risk",1,44.15,0.42697906032107186
5520-FVEWJ,2,"New, High-Spend, High-Risk",12,84.5,0.5203943052632599
5339-TJFEK,1,"Established, High-Spend, Low-Risk",62,105.5,0.2450770366833864
5572-ZDXHY,2,"New, High-Spend, High-Risk",22,84.3,0.5060412946047418
2074-GUHPQ,2,"New, High-Spend, High-Risk",17,92.7,0.3713750682791445
4625-XMOYM,3,"Established, Low-Spend, Low-Risk",72,26.25,0.0029503050333679636
5827-MWCZK,1,"Established, High-Spend, Low-Risk",56,96.95,0.21793795349217956
1385-TQOZW,4,"New, Low-Spend, High-Risk",9,20.45,0.15801176229046224
5914-XRFQB,1,"Established, High-Spend, Low-Risk",72,115.8,0.053354458895444205
4329-YPDDQ,2,"New, High-Spend, High-Risk",20,108.2,0.392612527683818
4804-NCPET,4,"New, Low-Spend, High-Risk",19,20.2,0.02254297532013028
3750-CKVKH,2,"New, High-Spend, High-Risk",2,67.75,0.6468359478034954
5944-UGLLK,3,"Established, Low-Spend, Low-Risk",53,54.9,0.08591173487526847
8063-GBATB,2,"New, High-Spend, High-Risk",27,85.25,0.6279418248204098
7787-BNTZM,4,"New, Low-Spend, High-Risk",6,20.15,0.18090054480567247
2252-ISRNH,2,"New, High-Spend, High-Risk",9,90.35,0.47529502692982384
9415-TPKRV,4,"New, Low-Spend, High-Risk",8,55.75,0.33654888408461603
5322-TEUJK,1,"Established, High-Spend, Low-Risk",71,114.6,0.04160105520229125
4547-KQRTM,2,"New, High-Spend, High-Risk",10,80.05,0.608315125896166
4877-EVATK,4,"New, Low-Spend, High-Risk",1,20.0,0.2177262876521081
1866-DIOQZ,1,"Established, High-Spend, Low-Risk",71,66.8,0.02694445752357648
8375-KVTHK,1,"Established, High-Spend, Low-Risk",68,100.3,0.10713706287400505
2697-NQBPF,2,"New, High-Spend, High-Risk",34,105.35,0.48733895209804046
3709-OIJEA,1,"Established, High-Spend, Low-Risk",26,85.2,0.1666607823458875
7639-SUPCW,4,"New, Low-Spend, High-Risk",22,48.8,0.16687212835199175
1386-ZIKUV,4,"New, Low-Spend, High-Risk",7,18.95,0.17632058767105752
0599-XNYDO,2,"New, High-Spend, High-Risk",20,69.8,0.4956788092327546
6377-WHAOX,1,"Established, High-Spend, Low-Risk",60,106.15,0.40263049925825595
6855-VLGOS,3,"Established, Low-Spend, Low-Risk",72,20.55,0.001969155803288812
8999-XXGNS,1,"Established, High-Spend, Low-Risk",72,105.75,0.21444978584362698
8746-OQQRW,4,"New, Low-Spend, High-Risk",4,25.25,0.2481577775987894
3181-MIZBN,4,"New, Low-Spend, High-Risk",16,19.75,0.10020205975624016
0471-ARVMX,1,"Established, High-Spend, Low-Risk",62,104.85,0.20437296642514244
7766-CLTIC,4,"New, Low-Spend, High-Risk",10,60.95,0.31028846240222707
5650-YLIBA,2,"New, High-Spend, High-Risk",31,81.15,0.4397551751850604
0825-CPPQH,3,"Established, Low-Spend, Low-Risk",71,19.1,0.002662461705550564
9084-OAYKL,3,"Established, Low-Spend, Low-Risk",58,20.8,0.004739425289785465
6122-LJADA,1,"Established, High-Spend, Low-Risk",70,90.15,0.012328183991388339
2400-XIWIO,1,"Established, High-Spend, Low-Risk",71,90.1,0.015126933820364084
7524-VRLPL,1,"Established, High-Spend, Low-Risk",69,74.1,0.013849739957518583
1069-XAIEM,2,"New, High-Spend, High-Risk",1,85.05,0.7974572287743841
7569-NMZYQ,1,"Established, High-Spend, Low-Risk",72,118.75,0.041789087700773754
5201-USSQZ,2,"New, High-Spend, High-Risk",26,85.9,0.4148002106827289
2105-PHWON,2,"New, High-Spend, High-Risk",33,95.0,0.43502255042430876
1494-EJZDW,4,"New, Low-Spend, High-Risk",10,20.15,0.03356676850869093
4884-TVUQF,1,"Established, High-Spend, Low-Risk",57,101.3,0.06634309650994406
8003-EWNDZ,4,"New, Low-Spend, High-Risk",10,21.2,0.15191921022172
1897-RCFUM,3,"Established, Low-Spend, Low-Risk",39,24.2,0.024680112928799503
9256-JTBNZ,4,"New, Low-Spend, High-Risk",11,20.3,0.14796686167789422
4658-HCOHW,2,"New, High-Spend, High-Risk",21,102.8,0.435003380241931
2211-RMNHO,1,"Established, High-Spend, Low-Risk",68,85.3,0.01861733292111352
2432-TFSMK,2,"New, High-Spend, High-Risk",18,89.6,0.46708688188655495
3440-JPSCL,2,"New, High-Spend, High-Risk",6,99.95,0.6291250351197688
4929-ROART,4,"New, Low-Spend, High-Risk",18,56.25,0.24147052857865078
1834-ABKHQ,3,"Established, Low-Spend, Low-Risk",52,50.95,0.03254508991032232
1741-WTPON,1,"Established, High-Spend, Low-Risk",56,115.85,0.062044793245390646
3932-IJWDZ,1,"Established, High-Spend, Low-Risk",45,103.65,0.44845953623733875
1240-HCBOH,3,"Established, Low-Spend, Low-Risk",67,26.1,0.004534714521632399
3594-KADLU,4,"New, Low-Spend, High-Risk",3,35.1,0.34171965212068683
8065-BVEPF,1,"Established, High-Spend, Low-Risk",65,99.1,0.32551036712340575
3796-ENZGF,1,"Established, High-Spend, Low-Risk",63,67.25,0.019669385191025457
1734-ZMNTZ,4,"New, Low-Spend, High-Risk",11,25.0,0.04382984956620987
2853-CWQFQ,4,"New, Low-Spend, High-Risk",1,59.55,0.3352188784006446
0813-TAXXS,1,"Established, High-Spend, Low-Risk",55,77.8,0.05798062192030916
2519-TWKFS,4,"New, Low-Spend, High-Risk",25,55.1,0.09155916263770134
2889-FPWRM,1,"Established, High-Spend, Low-Risk",72,117.8,0.10184207151507332
0626-QXNGV,3,"Established, Low-Spend, Low-Risk",72,24.15,0.0037485646562112392
6723-CEGQI,3,"Established, Low-Spend, Low-Risk",65,45.25,0.013120334491954698
6987-XQSJT,1,"Established, High-Spend, Low-Risk",54,79.5,0.30431824243654926
4732-RRJZC,4,"New, Low-Spend, High-Risk",7,20.25,0.1437291845964491
9499-XPZXM,1,"Established, High-Spend, Low-Risk",72,64.75,0.006467642143331695
4338-EYCER,4,"New, Low-Spend, High-Risk",21,54.6,0.3186732930455548
3007-FDPEA,4,"New, Low-Spend, High-Risk",2,20.7,0.20641604195103203
6350-XFYGW,2,"New, High-Spend, High-Risk",4,94.75,0.772467695373186
4290-BSXUX,2,"New, High-Spend, High-Risk",3,79.65,0.6162770208090997
8513-OLYGY,1,"Established, High-Spend, Low-Risk",72,115.8,0.05236637134912686
0311-QYWSS,4,"New, Low-Spend, High-Risk",6,49.45,0.2752448139195963
8705-DWKTI,1,"Established, High-Spend, Low-Risk",52,83.8,0.3035829816105332
8755-IWJHN,1,"Established, High-Spend, Low-Risk",69,95.35,0.28404475068055984
0325-XBFAC,2,"New, High-Spend, High-Risk",8,94.7,0.7102848508513226
4480-QQRHC,2,"New, High-Spend, High-Risk",8,74.05,0.6240083681566231
0929-PECLO,1,"Established, High-Spend, Low-Risk",63,89.6,0.34273876365756334
3680-CTHUH,1,"Established, High-Spend, Low-Risk",60,116.6,0.12716819408444271
1202-KKGFU,4,"New, Low-Spend, High-Risk",12,54.2,0.1715396795968173
6112-KTHFQ,4,"New, Low-Spend, High-Risk",13,19.3,0.13841310131107
1852-XEMDW,4,"New, Low-Spend, High-Risk",22,65.05,0.187869649953979
2462-XIIJB,2,"New, High-Spend, High-Risk",5,92.5,0.7276106309853183
4760-XOHVN,4,"New, Low-Spend, High-Risk",1,19.45,0.1815716174171203
1820-DJFPH,3,"Established, Low-Spend, Low-Risk",72,24.05,0.002880382460993712
9426-SXNHE,4,"New, Low-Spend, High-Risk",2,18.75,0.2120596725260828
9068-FHQHD,3,"Established, Low-Spend, Low-Risk",40,20.15,0.008526252969822921
1269-FOYWN,3,"Established, Low-Spend, Low-Risk",44,20.0,0.014039390928915377
9470-YFUYI,1,"Established, High-Spend, Low-Risk",71,71.0,0.016209714497789112
7817-BOQPW,2,"New, High-Spend, High-Risk",2,75.55,0.7045627445374666
7402-EYFXX,2,"New, High-Spend, High-Risk",26,93.6,0.7150334787048626
1853-UDXBW,2,"New, High-Spend, High-Risk",1,70.0,0.5949240233331213
9895-VFOXH,4,"New, Low-Spend, High-Risk",1,24.4,0.5724945020624542
5458-CQJTA,1,"Established, High-Spend, Low-Risk",65,74.8,0.010970939081770246
1230-QAJDW,2,"New, High-Spend, High-Risk",3,65.25,0.4530655639549316
5701-ZIKJE,4,"New, Low-Spend, High-Risk",13,50.55,0.230468796577986
5219-YIPTK,2,"New, High-Spend, High-Risk",33,104.4,0.5885061357203261
5032-MIYKT,2,"New, High-Spend, High-Risk",1,70.7,0.6429807885050053
7396-VJUZB,4,"New, Low-Spend, High-Risk",4,45.25,0.3419409794950504
9717-QEBGU,2,"New, High-Spend, High-Risk",2,70.3,0.6387802670175966
5172-RKOCB,1,"Established, High-Spend, Low-Risk",72,108.95,0.051968720860310756
6509-TSGWN,3,"Established, Low-Spend, Low-Risk",37,26.45,0.054334693047130206
3540-RZJYU,2,"New, High-Spend, High-Risk",15,86.2,0.48476410749681903
3178-CIFOT,4,"New, Low-Spend, High-Risk",23,19.65,0.04511149754821064
2091-MJTFX,4,"New, Low-Spend, High-Risk",30,51.2,0.2768059859372989
4530-NDRKU,3,"Established, Low-Spend, Low-Risk",42,19.05,0.015264682010853722
5985-TBABQ,1,"Established, High-Spend, Low-Risk",32,74.75,0.1466294064561487
9800-ONTFE,2,"New, High-Spend, High-Risk",22,75.8,0.48464030292636023
6743-HHQPF,3,"Established, Low-Spend, Low-Risk",42,25.1,0.17886767058654046
8455-HIRAQ,4,"New, Low-Spend, High-Risk",8,44.45,0.3582034737894954
6616-AALSR,1,"Established, High-Spend, Low-Risk",65,104.3,0.07354057231372232
0883-EIBTI,4,"New, Low-Spend, High-Risk",2,19.5,0.2092947066319561
9415-ZNBSX,1,"Established, High-Spend, Low-Risk",70,89.0,0.012576347594970016
4018-KJYUY,4,"New, Low-Spend, High-Risk",22,20.15,0.07548904452644964
0722-TROQR,2,"New, High-Spend, High-Risk",4,74.9,0.7317902734408609
7571-YXDAD,2,"New, High-Spend, High-Risk",2,74.9,0.7058832276106445
3884-UEBXB,3,"Established, Low-Spend, Low-Risk",67,36.15,0.0076867663638994855
8780-RSYYU,4,"New, Low-Spend, High-Risk",25,19.2,0.08479637172844685
5537-UXXVS,4,"New, Low-Spend, High-Risk",20,19.25,0.10580470591720553
1791-PQHBB,4,"New, Low-Spend, High-Risk",2,61.2,0.30619111946363664
8701-DGLVH,3,"Established, Low-Spend, Low-Risk",51,20.45,0.006533844503385051
8741-LQOBK,3,"Established, Low-Spend, Low-Risk",46,35.05,0.07416305759230057
3393-FMZPV,2,"New, High-Spend, High-Risk",25,100.25,0.6373249163453785
8082-GHXOP,4,"New, Low-Spend, High-Risk",13,44.0,0.2673673318287271
6402-ZFPPI,2,"New, High-Spend, High-Risk",25,102.8,0.5935797086832337
0980-FEXWF,4,"New, Low-Spend, High-Risk",26,50.35,0.08773249157183595
7486-KSRVI,1,"Established, High-Spend, Low-Risk",43,100.0,0.281310950616605
3011-WQKSZ,4,"New, Low-Spend, High-Risk",19,20.0,0.08602820971879147
8443-WVPSS,2,"New, High-Spend, High-Risk",10,99.85,0.5851957668074532
3006-XIMLN,2,"New, High-Spend, High-Risk",2,94.2,0.7681053191310632
8218-FFJDS,1,"Established, High-Spend, Low-Risk",72,86.4,0.014183034800134844
1986-PHGZF,4,"New, Low-Spend, High-Risk",18,58.4,0.25306051416187175
9965-YOKZB,2,"New, High-Spend, High-Risk",9,83.85,0.7588052423226092
0504-HHAPI,2,"New, High-Spend, High-Risk",27,88.3,0.6303058040316571
9360-OMDZZ,2,"New, High-Spend, High-Risk",24,94.1,0.6907331340445657
6305-YLBMM,1,"Established, High-Spend, Low-Risk",69,104.05,0.10634502738455968
0345-XMMUG,1,"Established, High-Spend, Low-Risk",46,108.9,0.13839454083799274
8024-XNAFQ,1,"Established, High-Spend, Low-Risk",72,107.4,0.04013501232259327
3647-GMGDH,2,"New, High-Spend, High-Risk",22,94.7,0.6145161358192306
2988-GBIVW,1,"Established, High-Spend, Low-Risk",70,90.85,0.2288572506141893
2832-SCUCO,4,"New, Low-Spend, High-Risk",2,19.9,0.20914315924173563
7036-ZZKBD,4,"New, Low-Spend, High-Risk",31,66.4,0.16892916963264532
3791-LGQCY,1,"Established, High-Spend, Low-Risk",56,100.65,0.507008935610909
0265-PSUAE,2,"New, High-Spend, High-Risk",16,100.7,0.4833999707885404
0463-TXOAK,3,"Established, Low-Spend, Low-Risk",52,25.6,0.006977477445742892
0594-UFTUL,4,"New, Low-Spend, High-Risk",13,19.85,0.11322528891911253
9509-MPYOD,3,"Established, Low-Spend, Low-Risk",35,20.75,0.025867821534317558
9128-CPXKI,1,"Established, High-Spend, Low-Risk",59,95.8,0.10994419131841086
0129-KPTWJ,1,"Established, High-Spend, Low-Risk",72,94.65,0.2633631359629984
8166-ZZTFS,1,"Established, High-Spend, Low-Risk",66,80.55,0.0442363002131078
5855-EIBDE,1,"Established, High-Spend, Low-Risk",49,106.65,0.06209429432968285
5365-LLFYV,4,"New, Low-Spend, High-Risk",2,45.85,0.4112351426867756
5956-YHHRX,2,"New, High-Spend, High-Risk",21,104.35,0.7105757785965051
6008-NAIXK,3,"Established, Low-Spend, Low-Risk",54,55.45,0.11825917701944604
2956-GGUCQ,2,"New, High-Spend, High-Risk",24,78.85,0.47049867227081205
1928-BXYIV,4,"New, Low-Spend, High-Risk",1,61.15,0.34238606412941874
5760-FXFVO,2,"New, High-Spend, High-Risk",6,78.95,0.45406029908990553
6595-COKXZ,4,"New, Low-Spend, High-Risk",1,44.45,0.42581763477829776
0961-ZWLVI,1,"Established, High-Spend, Low-Risk",49,109.2,0.1759078840569937
5181-OABFK,3,"Established, Low-Spend, Low-Risk",56,61.3,0.008429749440563834
4007-NHVHI,1,"Established, High-Spend, Low-Risk",56,96.85,0.27072069790524605
7816-VGHTO,4,"New, Low-Spend, High-Risk",6,40.55,0.09598398822674638
5871-DGTXZ,3,"Established, Low-Spend, Low-Risk",32,19.8,0.030137328742534237
7550-WIQVA,1,"Established, High-Spend, Low-Risk",50,108.25,0.17898694771391696
7544-ZVIKX,1,"Established, High-Spend, Low-Risk",58,105.05,0.16809462470071926
0016-QLJIS,1,"Established, High-Spend, Low-Risk",65,90.45,0.014694326497705228
7508-DQAKK,1,"Established, High-Spend, Low-Risk",64,86.4,0.01844130216823877
5176-OLSKT,1,"Established, High-Spend, Low-Risk",66,66.9,0.010943173892975973
9356-AXGMP,1,"Established, High-Spend, Low-Risk",38,110.7,0.23900373990831322
3556-BVQGL,4,"New, Low-Spend, High-Risk",20,20.0,0.05248042393626966
0362-ZBZWJ,2,"New, High-Spend, High-Risk",36,84.9,0.5146993429183992
8979-CAMGB,1,"Established, High-Spend, Low-Risk",64,102.1,0.2155075729488492
4211-MMAZN,4,"New, Low-Spend, High-Risk",1,20.25,0.21705304962688596
7581-EBBOU,1,"Established, High-Spend, Low-Risk",60,70.15,0.0287962784633929
4274-OWWYO,2,"New, High-Spend, High-Risk",1,74.35,0.6098133959561378
5073-RZGBK,1,"Established, High-Spend, Low-Risk",50,80.05,0.030524493336865237
1541-ETJZO,4,"New, Low-Spend, High-Risk",1,62.05,0.37947936316943465
2192-CKRLV,3,"Established, Low-Spend, Low-Risk",72,49.2,0.012400245273858721
3154-HMWUU,3,"Established, Low-Spend, Low-Risk",60,20.5,0.004408711495415678
6119-SPUDB,3,"Established, Low-Spend, Low-Risk",46,38.25,0.01866748045189817
6522-OIQSX,3,"Established, Low-Spend, Low-Risk",69,54.95,0.0243602293504745
7813-ZGGAW,2,"New, High-Spend, High-Risk",31,96.6,0.49464435637463194
8748-HFWBO,4,"New, Low-Spend, High-Risk",19,19.9,0.04330508100137219
1052-QJIBV,3,"Established, Low-Spend, Low-Risk",71,19.9,0.0020558910231176543
1319-YLZJG,2,"New, High-Spend, High-Risk",12,84.6,0.39368173886095326
4106-HADHQ,1,"Established, High-Spend, Low-Risk",39,80.0,0.05096440555026952
0723-FDLAY,1,"Established, High-Spend, Low-Risk",44,85.25,0.09655025104943542
3050-RLLXC,1,"Established, High-Spend, Low-Risk",56,81.25,0.013168174924574609
9298-WGMRW,1,"Established, High-Spend, Low-Risk",72,115.5,0.0518954512536292
2369-UAPKZ,2,"New, High-Spend, High-Risk",5,104.1,0.7594555525057882
3088-LHEFH,2,"New, High-Spend, High-Risk",11,79.0,0.5318821363598798
2778-OCLGR,4,"New, Low-Spend, High-Risk",24,39.1,0.34517476385080853
6583-KQJLK,2,"New, High-Spend, High-Risk",15,94.65,0.6799252646660969
8544-JNBOX,3,"Established, Low-Spend, Low-Risk",72,20.8,0.002502236442879217
6681-ZSEXG,3,"Established, Low-Spend, Low-Risk",56,59.5,0.024484003271702703
6139-ZZRBQ,3,"Established, Low-Spend, Low-Risk",64,20.05,0.004282615101626906
6116-RFVHN,2,"New, High-Spend, High-Risk",34,100.45,0.6144339927329692
0637-KVDLV,2,"New, High-Spend, High-Risk",2,76.5,0.7033448406631633
8884-FEEWR,3,"Established, Low-Spend, Low-Risk",35,20.6,0.026479925577085187
3125-RAHBV,4,"New, Low-Spend, High-Risk",22,20.3,0.04722209294648897
6633-MPWBS,4,"New, Low-Spend, High-Risk",5,49.2,0.2965088084991196
0373-AIVNJ,4,"New, Low-Spend, High-Risk",9,39.55,0.18332883505088804
8785-EPNCG,4,"New, Low-Spend, High-Risk",11,23.15,0.198190756462185
1682-VCOIO,4,"New, Low-Spend, High-Risk",23,20.45,0.04502627555483672
5729-KLZAR,2,"New, High-Spend, High-Risk",4,80.85,0.6287090616718556
2072-ZVJJX,3,"Established, Low-Spend, Low-Risk",68,25.25,0.004503416141792663
8849-AYPTR,2,"New, High-Spend, High-Risk",33,91.25,0.5421493985265881
9518-IMLHK,1,"Established, High-Spend, Low-Risk",31,72.45,0.10344672256405096
1582-RAFML,4,"New, Low-Spend, High-Risk",1,60.1,0.359904246941397
3646-ITDGM,3,"Established, Low-Spend, Low-Risk",56,19.7,0.005102958455633926
8740-CRYFY,2,"New, High-Spend, High-Risk",1,78.95,0.7135934445870354
3569-VLDHH,1,"Established, High-Spend, Low-Risk",66,75.1,0.012843450564279588
8224-KDLKN,3,"Established, Low-Spend, Low-Risk",72,25.0,0.0028841350120012133
7594-LZNWR,2,"New, High-Spend, High-Risk",34,69.15,0.40581351319976905
4001-TSBTV,1,"Established, High-Spend, Low-Risk",58,91.55,0.2108822221192489
2962-XPMCQ,4,"New, Low-Spend, High-Risk",2,45.15,0.41606969384828807
8727-XDPUD,3,"Established, Low-Spend, Low-Risk",37,35.8,0.08244692689117268
1043-UXOVO,1,"Established, High-Spend, Low-Risk",71,113.15,0.05159409468038005
1064-FBXNK,4,"New, Low-Spend, High-Risk",1,19.85,0.09469021236475512
3996-ZNWYK,3,"Established, Low-Spend, Low-Risk",71,19.8,0.0025149258383610974
2878-DHMIN,3,"Established, Low-Spend, Low-Risk",35,19.9,0.02109726623449382
7762-ONLJY,4,"New, Low-Spend, High-Risk",6,19.7,0.07571809233135447
1678-FYZOW,2,"New, High-Spend, High-Risk",3,79.4,0.6963057185664973
5795-BKOYE,3,"Established, Low-Spend, Low-Risk",69,59.1,0.01115433651225496
8627-EHGIP,3,"Established, Low-Spend, Low-Risk",44,53.95,0.14208337157969742
7402-PWYJJ,1,"Established, High-Spend, Low-Risk",53,91.15,0.1692287332631419
5480-TBGPH,2,"New, High-Spend, High-Risk",24,99.3,0.5737159168102713
0018-NYROU,2,"New, High-Spend, High-Risk",5,68.95,0.6225940302058449
7501-VTYLJ,4,"New, Low-Spend, High-Risk",2,51.55,0.31087920946094516
7608-RGIRO,3,"Established, Low-Spend, Low-Risk",62,24.4,0.004377412906358689
0480-BIXDE,2,"New, High-Spend, High-Risk",19,96.8,0.6311854644344367
5895-QSXOD,2,"New, High-Spend, High-Risk",9,70.05,0.5817576298053753
9814-AOUDH,3,"Established, Low-Spend, Low-Risk",53,19.5,0.0060102871406039725
6175-IRFIT,2,"New, High-Spend, High-Risk",5,78.75,0.6838811999249841
8760-ZRHKE,1,"Established, High-Spend, Low-Risk",71,69.2,0.02602128290348073
1622-HSHSF,4,"New, Low-Spend, High-Risk",1,19.55,0.21720015950777147
8854-CCVSQ,2,"New, High-Spend, High-Risk",18,80.65,0.5421921997408824
6749-UTDVX,1,"Established, High-Spend, Low-Risk",72,103.65,0.1045576325673201
5542-DHSXL,4,"New, Low-Spend, High-Risk",4,54.7,0.26187379216141243
9102-OXKFY,3,"Established, Low-Spend, Low-Risk",59,54.15,0.023185196277323825
0511-JTEOY,2,"New, High-Spend, High-Risk",1,71.1,0.6415260468087083
5216-WASFJ,2,"New, High-Spend, High-Risk",31,84.85,0.605370913916818
7808-DVWEP,4,"New, Low-Spend, High-Risk",3,20.0,0.20631658256760385
7067-KSAZT,1,"Established, High-Spend, Low-Risk",65,106.25,0.2513746499639466
2284-VFLKH,1,"Established, High-Spend, Low-Risk",49,99.25,0.19471863670993356
0366-NQSHS,4,"New, Low-Spend, High-Risk",2,19.35,0.21191647612248446
6532-YLWSI,3,"Established, Low-Spend, Low-Risk",53,20.8,0.01162088189284133
3807-BPOMJ,1,"Established, High-Spend, Low-Risk",55,94.75,0.15897584679913024
3892-NXAZG,1,"Established, High-Spend, Low-Risk",72,114.05,0.041951889630750964
4948-WBBKL,2,"New, High-Spend, High-Risk",36,74.9,0.4714827808188111
4182-BGSIQ,4,"New, Low-Spend, High-Risk",10,19.8,0.1269786428491642
9300-AGZNL,2,"New, High-Spend, High-Risk",1,94.0,0.8434298883863213
0988-AADSA,1,"Established, High-Spend, Low-Risk",72,80.85,0.007553727592749968
9972-NKTFD,4,"New, Low-Spend, High-Risk",28,54.65,0.1256326002919204
3717-LNXKW,2,"New, High-Spend, High-Risk",38,91.7,0.3977340912107331
5734-EJKXG,1,"Established, High-Spend, Low-Risk",61,118.6,0.12436529698982411
2207-RYYRL,3,"Established, Low-Spend, Low-Risk",52,24.55,0.0072778673696630965
6729-FZWSY,3,"Established, Low-Spend, Low-Risk",67,19.45,0.006015417754561988
9695-IDRZR,1,"Established, High-Spend, Low-Risk",34,116.15,0.09935785829434671
8144-DGHXP,1,"Established, High-Spend, Low-Risk",54,80.6,0.01956540176955733
7814-LEEVE,4,"New, Low-Spend, High-Risk",1,20.3,0.2196708283804939
1112-CUNAO,2,"New, High-Spend, High-Risk",15,89.85,0.6851710831794944
5175-AOBHI,4,"New, Low-Spend, High-Risk",4,46.0,0.39090679783175236
5174-RNGBH,4,"New, Low-Spend, High-Risk",9,66.25,0.286382949771684
8631-WUXGY,1,"Established, High-Spend, Low-Risk",46,99.8,0.3357143999343312
7270-BDIOA,2,"New, High-Spend, High-Risk",22,90.0,0.5318838015765264
9565-JSNFM,1,"Established, High-Spend, Low-Risk",38,70.45,0.18492637331316078
5906-DVAPM,1,"Established, High-Spend, Low-Risk",55,75.0,0.026667438843525206
6654-QGBZZ,4,"New, Low-Spend, High-Risk",1,19.9,0.21625969513770485
8348-JLBUG,1,"Established, High-Spend, Low-Risk",64,80.3,0.06953218073311936
0607-DAAHE,3,"Established, Low-Spend, Low-Risk",53,19.75,0.004662753414605796
5641-DMBFJ,1,"Established, High-Spend, Low-Risk",58,84.3,0.025850001993401196
9200-NLNPD,3,"Established, Low-Spend, Low-Risk",56,54.05,0.07625475438291396
2664-XJZNO,1,"Established, High-Spend, Low-Risk",72,104.9,0.03132983952999726
9732-KPKBW,4,"New, Low-Spend, High-Risk",1,53.95,0.23738940465638958
3339-EAQNV,1,"Established, High-Spend, Low-Risk",72,97.25,0.21787478849572292
0921-OHLVP,2,"New, High-Spend, High-Risk",22,83.05,0.6284127298111893
3389-YGYAI,2,"New, High-Spend, High-Risk",8,105.5,0.7718614568192582
9560-ARGQJ,2,"New, High-Spend, High-Risk",16,81.0,0.5308136562755923
8350-NYMVI,3,"Established, Low-Spend, Low-Risk",39,41.1,0.12272537052442847
1600-DILPE,4,"New, Low-Spend, High-Risk",12,45.0,0.31844671449276746
0536-ESJEP,1,"Established, High-Spend, Low-Risk",54,74.55,0.026994349174517242
4654-GGUII,4,"New, Low-Spend, High-Risk",18,40.2,0.09523942981914608
6478-HRRCZ,1,"Established, High-Spend, Low-Risk",32,70.5,0.05042224248314952
8510-BBWMU,3,"Established, Low-Spend, Low-Risk",41,19.75,0.019982321857450094
6857-TKDJV,3,"Established, Low-Spend, Low-Risk",67,24.65,0.0036374322829182243
2360-RDGRO,1,"Established, High-Spend, Low-Risk",65,104.25,0.3056313698782537
0584-BJQGZ,1,"Established, High-Spend, Low-Risk",25,78.35,0.16239856937348954
5134-IKDAY,2,"New, High-Spend, High-Risk",1,69.8,0.5932241839412468
1360-XFJMR,1,"Established, High-Spend, Low-Risk",67,109.7,0.15500173171607326
3070-DVEYC,2,"New, High-Spend, High-Risk",7,73.75,0.7167677467904765
5730-RIITO,3,"Established, Low-Spend, Low-Risk",43,33.45,0.12395036918164126
9058-MJLZC,2,"New, High-Spend, High-Risk",24,94.6,0.49850409077130303
5707-ORNDZ,4,"New, Low-Spend, High-Risk",9,54.55,0.3607219887538191
0902-XKXPN,3,"Established, Low-Spend, Low-Risk",69,20.2,0.002276011471859491
5177-RVZNU,3,"Established, Low-Spend, Low-Risk",37,20.3,0.018666170234127342
0056-EPFBG,4,"New, Low-Spend, High-Risk",20,39.4,0.043469848549097065
8993-IZEUX,2,"New, High-Spend, High-Risk",7,69.15,0.600958476602401
8696-JKZNU,2,"New, High-Spend, High-Risk",37,76.25,0.46317188443472046
5380-AFSSK,2,"New, High-Spend, High-Risk",5,93.9,0.7965676871017124
8190-ZTQFB,3,"Established, Low-Spend, Low-Risk",41,51.35,0.17156035623858898
0931-MHTEM,1,"Established, High-Spend, Low-Risk",54,100.05,0.13991721487059747
2055-PDADH,2,"New, High-Spend, High-Risk",3,70.4,0.6710085762996759
7515-LODFU,3,"Established, Low-Spend, Low-Risk",69,20.3,0.003430423480084506
0440-UEDAI,1,"Established, High-Spend, Low-Risk",53,94.45,0.10964718565366695
1337-BOZWO,4,"New, Low-Spend, High-Risk",18,46.4,0.20573054399156931
0868-VJRDR,1,"Established, High-Spend, Low-Risk",64,104.05,0.04393298589184898
8714-EUHJO,2,"New, High-Spend, High-Risk",31,91.15,0.4665435237566005
6344-SFJVH,4,"New, Low-Spend, High-Risk",20,24.9,0.36062955254342793
3950-VPYJB,3,"Established, Low-Spend, Low-Risk",57,59.6,0.011837432591541344
8041-TMEID,1,"Established, High-Spend, Low-Risk",63,108.5,0.11070325209742496
7321-ZNSLA,4,"New, Low-Spend, High-Risk",13,40.55,0.05111368290097488
6941-KXRRV,3,"Established, Low-Spend, Low-Risk",48,58.95,0.07425607303456504
3721-CNEYS,2,"New, High-Spend, High-Risk",2,70.95,0.6337051385830038
8727-JQFHV,3,"Established, Low-Spend, Low-Risk",57,20.75,0.003911063573696319
9475-NNDGC,1,"Established, High-Spend, Low-Risk",71,113.15,0.1402276965397944
1355-KUSBG,4,"New, Low-Spend, High-Risk",7,48.8,0.3909913578717847
3688-FTHLT,2,"New, High-Spend, High-Risk",16,63.05,0.42075580061974366
0899-LIIBW,2,"New, High-Spend, High-Risk",34,100.85,0.6209912773148395
2568-OIADY,2,"New, High-Spend, High-Risk",37,99.5,0.5995766020837453
1384-RCUXW,2,"New, High-Spend, High-Risk",16,80.55,0.5568872982262963
5825-XJOCM,3,"Established, Low-Spend, Low-Risk",48,64.4,0.03133275231840161
6848-YLDFR,1,"Established, High-Spend, Low-Risk",58,75.2,0.03593864821555365
8125-QPFJD,1,"Established, High-Spend, Low-Risk",72,84.9,0.016284487679318206
2320-YKQBO,4,"New, Low-Spend, High-Risk",7,19.3,0.1744743620574161
1193-RTSLK,1,"Established, High-Spend, Low-Risk",38,83.9,0.21655632280169043
2302-ANTDP,1,"Established, High-Spend, Low-Risk",48,117.45,0.3289746649622598
5923-GXUOC,2,"New, High-Spend, High-Risk",10,104.4,0.5558771396759388
4973-RLZVI,1,"Established, High-Spend, Low-Risk",30,74.65,0.05325578025545125
7869-ZYDST,4,"New, Low-Spend, High-Risk",31,59.05,0.31300338099858604
4501-UYKBC,1,"Established, High-Spend, Low-Risk",46,69.1,0.08767070791734478
1215-EXRMO,3,"Established, Low-Spend, Low-Risk",50,20.55,0.0070779662501124115
2305-MRGLV,2,"New, High-Spend, High-Risk",28,76.55,0.32271981360670426
8404-VIOMB,3,"Established, Low-Spend, Low-Risk",66,62.5,0.01654362509003269
5233-GEEAX,4,"New, Low-Spend, High-Risk",8,29.4,0.5308155380692037
2359-KLTEK,1,"Established, High-Spend, Low-Risk",41,94.9,0.41423971072490934
5304-EFJLP,1,"Established, High-Spend, Low-Risk",72,111.65,0.09039900492136331
2673-ZALNP,4,"New, Low-Spend, High-Risk",7,19.9,0.08999624980491878
9184-GALIL,3,"Established, Low-Spend, Low-Risk",38,20.45,0.03814651272561458
4393-RYCRE,1,"Established, High-Spend, Low-Risk",44,106.05,0.1758932922042714
9746-MDMBK,1,"Established, High-Spend, Low-Risk",47,113.45,0.1402504347889085
3162-ZJZFU,1,"Established, High-Spend, Low-Risk",53,92.55,0.17032386923196638
8404-GFGCZ,2,"New, High-Spend, High-Risk",4,65.6,0.536185967084542
8875-AKBYH,2,"New, High-Spend, High-Risk",20,84.35,0.6905116873328377
4432-ADRLB,4,"New, Low-Spend, High-Risk",2,44.65,0.4167984794968946
0533-UCAAU,1,"Established, High-Spend, Low-Risk",57,71.1,0.07951866368480286
1394-SUIUH,1,"Established, High-Spend, Low-Risk",44,85.15,0.16085288412607426
3521-MNKLV,4,"New, Low-Spend, High-Risk",24,49.7,0.21852400001659256
2533-TIBIX,4,"New, Low-Spend, High-Risk",15,30.2,0.26461085102873977
8993-PHFWD,4,"New, Low-Spend, High-Risk",3,25.25,0.5460645855455819
1565-RHDJD,2,"New, High-Spend, High-Risk",4,84.05,0.5847262228734502
7137-RYLPP,2,"New, High-Spend, High-Risk",37,85.7,0.5627842594883001
3765-JXVKY,2,"New, High-Spend, High-Risk",1,74.7,0.6060582964723058
5092-STPKP,4,"New, Low-Spend, High-Risk",24,56.35,0.10964508299964973
7330-WZLNC,2,"New, High-Spend, High-Risk",5,90.8,0.7079189230763967
0114-PEGZZ,2,"New, High-Spend, High-Risk",33,107.55,0.5820308887795411
3359-DSRKA,3,"Established, Low-Spend, Low-Risk",58,19.85,0.0037633033129083585
8639-NHQEI,1,"Established, High-Spend, Low-Risk",72,95.9,0.03744079737820547
7161-DFHUF,3,"Established, Low-Spend, Low-Risk",71,23.85,0.0038741823866389807
3957-LXOLK,2,"New, High-Spend, High-Risk",28,106.15,0.6666621055651935
3720-DBRWL,1,"Established, High-Spend, Low-Risk",51,83.85,0.020410459693277535
6635-MYYYZ,1,"Established, High-Spend, Low-Risk",30,85.35,0.0708392348389339
8565-WUXZU,1,"Established, High-Spend, Low-Risk",72,84.8,0.018792872097250685
5281-BUZGT,2,"New, High-Spend, High-Risk",36,90.85,0.4509546071227892
4994-OBRSZ,4,"New, Low-Spend, High-Risk",14,76.1,0.035778955980872745
0562-FGDCR,1,"Established, High-Spend, Low-Risk",72,74.55,0.007651797378951873
2436-QBZFP,4,"New, Low-Spend, High-Risk",22,39.2,0.33084914444553126
3420-YJLQT,2,"New, High-Spend, High-Risk",2,79.55,0.6698754221064782
6040-CGACY,4,"New, Low-Spend, High-Risk",15,19.6,0.12674745543935328
6582-PLFUU,3,"Established, Low-Spend, Low-Risk",51,19.55,0.005348139369909541
8242-PDSGJ,3,"Established, Low-Spend, Low-Risk",70,39.15,0.006948412513942701
0264-CNITK,3,"Established, Low-Spend, Low-Risk",71,20.1,0.0020459710462740195
0089-IIQKO,2,"New, High-Spend, High-Risk",39,99.95,0.42325667541895107
7839-NUIAA,3,"Established, Low-Spend, Low-Risk",61,59.8,0.04174921390034038
6075-QMNRR,3,"Established, Low-Spend, Low-Risk",52,49.75,0.056122294151333844
5378-IKEEG,2,"New, High-Spend, High-Risk",1,35.75,0.6358341345113877
5966-EMAZU,1,"Established, High-Spend, Low-Risk",64,108.5,0.12858572372909785
0440-EKDCF,3,"Established, Low-Spend, Low-Risk",62,60.15,0.0095333665856781
4774-HHGGS,3,"Established, Low-Spend, Low-Risk",30,19.05,0.017959249488796913
2718-GAXQD,4,"New, Low-Spend, High-Risk",4,46.0,0.38242734733448186
2055-BFOCC,1,"Established, High-Spend, Low-Risk",63,84.0,0.032489728207001134
8180-AKMJV,4,"New, Low-Spend, High-Risk",1,44.55,0.4254306740967997
4298-OYIFC,2,"New, High-Spend, High-Risk",15,103.45,0.658004051219565
5566-SOEZD,1,"Established, High-Spend, Low-Risk",27,80.65,0.13149441606793438
9842-EFSYY,2,"New, High-Spend, High-Risk",4,57.2,0.4528894136483873
2272-WUSPA,1,"Established, High-Spend, Low-Risk",72,110.75,0.06820560175766188
4584-LBNMK,3,"Established, Low-Spend, Low-Risk",45,24.7,0.029929680996749128
3898-GUYTS,1,"Established, High-Spend, Low-Risk",45,97.05,0.2821376746636557
0930-EHUZA,1,"Established, High-Spend, Low-Risk",36,76.35,0.041300063459980864
6413-XKKPU,2,"New, High-Spend, High-Risk",17,89.4,0.41329563328602004
9975-SKRNR,4,"New, Low-Spend, High-Risk",1,18.9,0.22070641919153033
3703-KBKZP,2,"New, High-Spend, High-Risk",16,74.45,0.6491572022788842
1449-XQEMT,4,"New, Low-Spend, High-Risk",3,19.8,0.20284622451880777
2626-URJFX,4,"New, Low-Spend, High-Risk",4,50.9,0.41541883794047
4973-MGTON,1,"Established, High-Spend, Low-Risk",71,84.4,0.010497946107757375
3682-YEUWS,4,"New, Low-Spend, High-Risk",10,24.4,0.1692963503896509
1223-UNPKS,4,"New, Low-Spend, High-Risk",20,20.05,0.02156414430608741
2612-RRIDN,2,"New, High-Spend, High-Risk",4,81.0,0.6866074215752351
4735-ASGMA,2,"New, High-Spend, High-Risk",26,98.35,0.6673034513177606
3446-QDSZF,2,"New, High-Spend, High-Risk",4,55.5,0.46412011560329275
3669-LVWZB,2,"New, High-Spend, High-Risk",5,51.0,0.6254510404169347
6892-EZDTG,2,"New, High-Spend, High-Risk",4,91.65,0.7169360906632027
5117-IFGPS,2,"New, High-Spend, High-Risk",29,84.3,0.6199266388526765
7379-FNIUJ,2,"New, High-Spend, High-Risk",2,100.2,0.6194294115750184
1627-AFWVJ,3,"Established, Low-Spend, Low-Risk",29,19.4,0.017793895391559338
9725-SCPZG,2,"New, High-Spend, High-Risk",1,90.85,0.7112445805883528
5884-GCYMI,2,"New, High-Spend, High-Risk",1,69.4,0.6500177318455427
3217-FZDMN,2,"New, High-Spend, High-Risk",8,94.45,0.7470964279622787
4486-EFAEB,4,"New, Low-Spend, High-Risk",13,20.4,0.13683290216075208
0060-FUALY,1,"Established, High-Spend, Low-Risk",59,94.75,0.23549202691201973
7853-GVUDZ,4,"New, Low-Spend, High-Risk",1,20.15,0.17993088748541958
7480-QNVZJ,2,"New, High-Spend, High-Risk",50,95.7,0.5468941418605012
6954-OOYZZ,4,"New, Low-Spend, High-Risk",18,44.35,0.2758869421928629
7088-FBAWU,4,"New, Low-Spend, High-Risk",17,74.55,0.23498462331861422
8313-AFGBW,1,"Established, High-Spend, Low-Risk",47,73.6,0.05003453788319244
3943-KDREE,2,"New, High-Spend, High-Risk",26,74.95,0.5055748635373283
9239-ZBZZV,2,"New, High-Spend, High-Risk",6,47.95,0.6492373737397533
3097-IDVPU,4,"New, Low-Spend, High-Risk",19,50.1,0.2808510645424447
4398-HSCJH,2,"New, High-Spend, High-Risk",3,63.6,0.45423294005501175
2197-OMWGI,3,"Established, Low-Spend, Low-Risk",68,53.0,0.03103661606918639
2303-PJYHN,4,"New, Low-Spend, High-Risk",2,19.85,0.21347556631750475
9795-VOWON,4,"New, Low-Spend, High-Risk",7,24.35,0.3254728160149426
1237-WIYYZ,4,"New, Low-Spend, High-Risk",18,19.55,0.11289085840948218
1987-AUELQ,3,"Established, Low-Spend, Low-Risk",71,25.05,0.003966525112268492
7852-LECYP,2,"New, High-Spend, High-Risk",13,93.8,0.6041508862302521
4430-UZIPO,4,"New, Low-Spend, High-Risk",3,36.85,0.39925725720385175
4822-LPTYJ,1,"Established, High-Spend, Low-Risk",72,103.75,0.10117370600604333
8165-CBKXO,3,"Established, Low-Spend, Low-Risk",66,56.75,0.027358138317088106
6527-PZFPV,4,"New, Low-Spend, High-Risk",24,20.8,0.034282734191624045
4855-SNKMY,4,"New, Low-Spend, High-Risk",1,44.1,0.42717270990994166
9593-CVZKR,3,"Established, Low-Spend, Low-Risk",56,24.45,0.0059731972323666845
8595-SIZNC,4,"New, Low-Spend, High-Risk",22,25.6,0.07761198109654312
8008-HAWED,2,"New, High-Spend, High-Risk",14,50.75,0.5655928126696852
7124-UGSUR,1,"Established, High-Spend, Low-Risk",61,104.4,0.272493278608492
1862-SKORY,3,"Established, Low-Spend, Low-Risk",40,39.3,0.2682825588972362
5236-XMZJY,3,"Established, Low-Spend, Low-Risk",42,59.65,0.07243652224045694
4827-DPADN,1,"Established, High-Spend, Low-Risk",72,83.3,0.012972439357155866
2694-CIUMO,2,"New, High-Spend, High-Risk",12,79.55,0.5336586814907331
5846-ABOBJ,3,"Established, Low-Spend, Low-Risk",71,24.45,0.0039248663635451115
1439-LCGVL,4,"New, Low-Spend, High-Risk",26,19.2,0.040145503691018325
0909-SDHNU,4,"New, Low-Spend, High-Risk",7,29.8,0.33061469206749194
4647-XXZAM,4,"New, Low-Spend, High-Risk",6,45.5,0.3225209652550458
1502-XFCVR,1,"Established, High-Spend, Low-Risk",58,106.45,0.12787821899989416
7740-KKCXF,3,"Established, Low-Spend, Low-Risk",51,30.05,0.11304480008873907
5360-XGYAZ,1,"Established, High-Spend, Low-Risk",72,65.65,0.010548632486665134
9692-TUSXH,2,"New, High-Spend, High-Risk",18,96.05,0.539469656749089
7912-SYRQT,2,"New, High-Spend, High-Risk",7,75.1,0.6695643427311162
3557-HTYWR,1,"Established, High-Spend, Low-Risk",47,74.05,0.021926015084331035
4816-JBHOV,4,"New, Low-Spend, High-Risk",2,44.7,0.4648896005673701
8920-NAVAY,1,"Established, High-Spend, Low-Risk",62,110.75,0.20646675180681276
1699-TLDLZ,4,"New, Low-Spend, High-Risk",16,19.7,0.025616876543673343
5600-PDUJF,4,"New, Low-Spend, High-Risk",6,49.5,0.2892795797195867
8292-TYSPY,4,"New, Low-Spend, High-Risk",19,55.0,0.18746650366918222
0567-XRHCU,3,"Established, Low-Spend, Low-Risk",69,43.95,0.011758145265025654
1867-BDVFH,2,"New, High-Spend, High-Risk",11,74.35,0.589313403612676
2067-QYTCF,1,"Established, High-Spend, Low-Risk",64,111.15,0.2900551794932472
2359-QWQUL,1,"Established, High-Spend, Low-Risk",39,104.7,0.17167028406061816
9103-TCIHJ,4,"New, Low-Spend, High-Risk",15,55.7,0.2670791883578655
7407-SUJIZ,4,"New, Low-Spend, High-Risk",25,20.6,0.08400481202797791
9150-KPBJQ,4,"New, Low-Spend, High-Risk",6,19.65,0.04987876690344301
0052-DCKON,1,"Established, High-Spend, Low-Risk",66,115.8,0.1192041319807813
3654-ARMGP,1,"Established, High-Spend, Low-Risk",61,88.65,0.029575362708664198
9699-UBQFS,1,"Established, High-Spend, Low-Risk",43,94.5,0.3821561699415437
9367-TCUYN,4,"New, Low-Spend, High-Risk",12,20.1,0.1415179860142522
1261-FWTTE,4,"New, Low-Spend, High-Risk",23,34.65,0.45168983982484506
3528-HFRIQ,3,"Established, Low-Spend, Low-Risk",71,52.3,0.13416064603008693
0708-SJDIS,4,"New, Low-Spend, High-Risk",34,65.0,0.20669835814341161
4140-WJAWW,4,"New, Low-Spend, High-Risk",5,19.85,0.18694905970746792
2073-QBVBI,3,"Established, Low-Spend, Low-Risk",41,35.45,0.058910254510446215
6928-ONTRW,3,"Established, Low-Spend, Low-Risk",72,19.7,0.0019538782244673454
3320-VEOYC,2,"New, High-Spend, High-Risk",14,95.6,0.7778206206989985
5231-FIQPA,3,"Established, Low-Spend, Low-Risk",41,19.85,0.010257804633551783
6617-WLBQC,1,"Established, High-Spend, Low-Risk",23,81.85,0.2112736913104073
2599-CIPQE,1,"Established, High-Spend, Low-Risk",71,109.3,0.029364135019177427
6653-CBBOM,2,"New, High-Spend, High-Risk",1,70.3,0.6444328987001684
8774-GSBUN,3,"Established, Low-Spend, Low-Risk",72,25.4,0.003728292119703718
7326-RIGQZ,2,"New, High-Spend, High-Risk",6,69.8,0.5500011471829095
1401-FTHFQ,4,"New, Low-Spend, High-Risk",23,20.0,0.03626030269819552
3247-ZVOUO,2,"New, High-Spend, High-Risk",10,85.55,0.7517264763679657
0254-FNMCI,1,"Established, High-Spend, Low-Risk",72,109.9,0.033022223458211666
1848-LBZHY,4,"New, Low-Spend, High-Risk",7,50.3,0.26946738053461805
6101-IMRMM,2,"New, High-Spend, High-Risk",6,94.5,0.6713402618633629
8118-TJAFG,2,"New, High-Spend, High-Risk",9,101.5,0.5246454635131005
5429-LWCMV,2,"New, High-Spend, High-Risk",12,89.15,0.6615189584788846
7298-IZWLY,4,"New, Low-Spend, High-Risk",1,19.4,0.21760411922346767
9758-MFWGD,3,"Established, Low-Spend, Low-Risk",48,29.9,0.05943046586100926
3955-JBZZM,2,"New, High-Spend, High-Risk",20,78.8,0.5716635179070098
1268-ASBGA,2,"New, High-Spend, High-Risk",16,85.35,0.712863028951649
8943-URTMR,2,"New, High-Spend, High-Risk",2,79.65,0.7019646170818805
4815-TUMEQ,4,"New, Low-Spend, High-Risk",10,19.3,0.07922446136454778
4713-LZDRV,2,"New, High-Spend, High-Risk",2,79.6,0.7392542479390495
9909-IDLEK,2,"New, High-Spend, High-Risk",20,96.8,0.44392330664685087
4092-OFQZS,4,"New, Low-Spend, High-Risk",20,20.65,0.05248097631918127
1561-BWHIN,4,"New, Low-Spend, High-Risk",19,19.8,0.043255199383560775
4325-NFSKC,2,"New, High-Spend, High-Risk",19,90.6,0.5843090611114794
9927-DSWDF,2,"New, High-Spend, High-Risk",22,104.6,0.3825387600306404
9500-LTVBP,1,"Established, High-Spend, Low-Risk",35,80.05,0.3464512999216119
7252-NTGSS,4,"New, Low-Spend, High-Risk",1,45.15,0.4231108439089858
8149-AIQCG,2,"New, High-Spend, High-Risk",39,73.15,0.40030116523109266
1360-JYXKQ,1,"Established, High-Spend, Low-Risk",54,99.1,0.20134290618453032
2955-PSXOE,4,"New, Low-Spend, High-Risk",1,20.2,0.21545593238752747
7762-URZQH,1,"Established, High-Spend, Low-Risk",66,106.05,0.0914729222589917
0899-WZRSD,1,"Established, High-Spend, Low-Risk",56,105.35,0.2725931224063407
3255-GRXMG,4,"New, Low-Spend, High-Risk",18,45.65,0.21956640593891824
4828-FAZPK,2,"New, High-Spend, High-Risk",16,79.95,0.5016854245767552
6094-ZIVKX,3,"Established, Low-Spend, Low-Risk",68,54.45,0.01479955488403933
6925-BAYGL,3,"Established, Low-Spend, Low-Risk",53,25.1,0.010422961611219224
3262-EIDHV,1,"Established, High-Spend, Low-Risk",72,84.7,0.01229742246034479
7354-OIJLX,2,"New, High-Spend, High-Risk",9,75.85,0.6547478235031762
1376-HHBDV,4,"New, Low-Spend, High-Risk",30,48.8,0.1290705655532983
6907-NZZIJ,2,"New, High-Spend, High-Risk",36,99.15,0.5713626044957038
6133-OZILE,4,"New, Low-Spend, High-Risk",18,35.2,0.28322492406523364
4135-FRWKJ,1,"Established, High-Spend, Low-Risk",55,76.25,0.03478992753106735
2911-UREFD,3,"Established, Low-Spend, Low-Risk",39,55.9,0.24130037762039327
3744-ZRRDZ,2,"New, High-Spend, High-Risk",21,82.35,0.518935659340825
5673-TIYIB,4,"New, Low-Spend, High-Risk",2,40.4,0.40105000640946253
6551-ZCOTS,3,"Established, Low-Spend, Low-Risk",33,24.9,0.04871632259128906
7191-ADRGF,3,"Established, Low-Spend, Low-Risk",44,54.3,0.07943964364919666
5018-LXQQG,4,"New, Low-Spend, High-Risk",30,66.3,0.09636978196074408
6892-BOGQE,3,"Established, Low-Spend, Low-Risk",71,20.9,0.002654029983428034
1602-IJQQE,2,"New, High-Spend, High-Risk",4,75.35,0.6916675206580051
4628-WQCQQ,1,"Established, High-Spend, Low-Risk",35,85.15,0.22070544085341312
1746-TGTWV,2,"New, High-Spend, High-Risk",1,75.35,0.6392083511342175
5995-SNNEW,2,"New, High-Spend, High-Risk",23,104.45,0.6907118229903352
8050-WYBND,4,"New, Low-Spend, High-Risk",22,49.45,0.25560844606355193
2821-WARNZ,3,"Established, Low-Spend, Low-Risk",49,19.45,0.010782169530845036
4879-GZLFH,1,"Established, High-Spend, Low-Risk",42,92.15,0.41410980741887077
1644-IRKSF,1,"Established, High-Spend, Low-Risk",33,93.8,0.30264197657244923
8314-HTWVE,4,"New, Low-Spend, High-Risk",7,19.85,0.038415033407290244
9402-ROUMJ,1,"Established, High-Spend, Low-Risk",67,100.25,0.0641513003889617
2507-QZPQS,2,"New, High-Spend, High-Risk",15,95.7,0.54331138783793
7159-NOKYQ,1,"Established, High-Spend, Low-Risk",67,93.15,0.08204597138787517
5707-ZMDJP,1,"Established, High-Spend, Low-Risk",53,69.7,0.01026497396323195
8779-YIQQA,4,"New, Low-Spend, High-Risk",21,19.8,0.03930945531835689
7136-IHZJA,1,"Established, High-Spend, Low-Risk",40,71.35,0.06170384971704629
8966-OIQHG,4,"New, Low-Spend, High-Risk",22,20.75,0.03731383030362167
7074-STDCN,3,"Established, Low-Spend, Low-Risk",39,40.6,0.18719070349352393
3705-PSNGL,3,"Established, Low-Spend, Low-Risk",45,20.4,0.016814192694336108
8739-QOTTN,4,"New, Low-Spend, High-Risk",2,20.35,0.21177120235174965
1399-OUPJN,3,"Established, Low-Spend, Low-Risk",57,19.75,0.004059951233772559
0277-BKSQP,4,"New, Low-Spend, High-Risk",8,54.4,0.3798068507364323
6502-HCJTI,2,"New, High-Spend, High-Risk",7,94.7,0.6424775833907866
2606-RMDHZ,4,"New, Low-Spend, High-Risk",6,30.5,0.4742673293752086
5774-XZTQC,4,"New, Low-Spend, High-Risk",7,20.45,0.14225118409039791
2676-SSLTO,1,"Established, High-Spend, Low-Risk",49,66.15,0.034878234779275395
6266-QHOJZ,1,"Established, High-Spend, Low-Risk",65,89.85,0.05165095384723583
7269-JISCY,3,"Established, Low-Spend, Low-Risk",55,45.05,0.036413265912085234
0363-SVHYR,1,"Established, High-Spend, Low-Risk",71,86.85,0.012427804433398802
8547-NSBBO,1,"Established, High-Spend, Low-Risk",35,96.75,0.22455818217629808
8258-GSTJK,2,"New, High-Spend, High-Risk",3,77.0,0.7335790603540744
6861-OKBCE,4,"New, Low-Spend, High-Risk",11,20.1,0.11874775981168488
9940-RHLFB,2,"New, High-Spend, High-Risk",1,75.3,0.6309193983144928
6591-QGOYB,2,"New, High-Spend, High-Risk",17,106.65,0.3982108364513418
9070-BCKQP,1,"Established, High-Spend, Low-Risk",72,110.15,0.0564122227051715
6421-SZVEM,1,"Established, High-Spend, Low-Risk",28,82.85,0.19194413025320223
1328-EUZHC,4,"New, Low-Spend, High-Risk",18,20.1,0.029896737069243076
2995-UPRYS,1,"Established, High-Spend, Low-Risk",40,99.2,0.25345692800985753
8878-RYUKI,3,"Established, Low-Spend, Low-Risk",52,59.45,0.11643098292869503
9633-DENPU,3,"Established, Low-Spend, Low-Risk",47,58.6,0.1300078533385461
7811-JIVPF,4,"New, Low-Spend, High-Risk",23,49.7,0.22227800030165293
7113-HIPFI,1,"Established, High-Spend, Low-Risk",66,65.85,0.004032667156569578
8541-QVFKM,2,"New, High-Spend, High-Risk",8,73.5,0.6678030650277931
6686-YPGHK,1,"Established, High-Spend, Low-Risk",47,85.5,0.2912358914966816
1383-EZRWL,4,"New, Low-Spend, High-Risk",7,20.05,0.1733542430770857
9258-CNWAC,1,"Established, High-Spend, Low-Risk",71,113.65,0.042789191672038526
5371-VYLSX,1,"Established, High-Spend, Low-Risk",50,83.4,0.24302473173694902
6374-AFWOX,3,"Established, Low-Spend, Low-Risk",46,65.65,0.011336970181229249
4759-TRPLW,2,"New, High-Spend, High-Risk",1,70.4,0.6464082980612547
5317-FLPJF,3,"Established, Low-Spend, Low-Risk",66,61.35,0.01870176591396845
7621-VPNET,1,"Established, High-Spend, Low-Risk",42,85.9,0.3005497353227845
6034-YMTOB,2,"New, High-Spend, High-Risk",5,75.65,0.5107780032552611
8563-IIOXK,4,"New, Low-Spend, High-Risk",7,49.75,0.12017522216669754
4903-CNOZC,1,"Established, High-Spend, Low-Risk",29,70.9,0.15058337043913503
4353-HYOJD,4,"New, Low-Spend, High-Risk",27,49.85,0.14897363170874048
8020-BWHYL,2,"New, High-Spend, High-Risk",15,75.3,0.533638781199881
7267-FRMJW,4,"New, Low-Spend, High-Risk",25,20.1,0.016956059165512936
2982-VPSGI,2,"New, High-Spend, High-Risk",11,94.0,0.7707977024997097
4188-FRABG,1,"Established, High-Spend, Low-Risk",57,103.05,0.19109729614645585
8199-ZLLSA,1,"Established, High-Spend, Low-Risk",67,118.35,0.10460417343289626
4128-ETESU,2,"New, High-Spend, High-Risk",47,99.7,0.5738050628337413
0620-DLSLK,2,"New, High-Spend, High-Risk",13,81.9,0.6110540786993314
4625-EWPTF,4,"New, Low-Spend, High-Risk",8,30.45,0.3777097511178036
5980-NOPLP,2,"New, High-Spend, High-Risk",44,96.1,0.5528898973733272
3850-OKINF,1,"Established, High-Spend, Low-Risk",71,66.2,0.0235762930093771
6892-XPFPU,2,"New, High-Spend, High-Risk",24,104.25,0.6919332020839447
8010-EZLOU,2,"New, High-Spend, High-Risk",15,80.2,0.6153735229487032
1156-ZFYDO,4,"New, Low-Spend, High-Risk",1,19.75,0.216662389850792
3295-YVUSR,2,"New, High-Spend, High-Risk",2,72.6,0.7532762695890868
8016-NCFVO,1,"Established, High-Spend, Low-Risk",55,116.5,0.2960297425995214
4119-ZYPZY,1,"Established, High-Spend, Low-Risk",71,106.8,0.09009084503373962
5549-ZGHFB,3,"Established, Low-Spend, Low-Risk",50,24.95,0.00787715621392301
7577-SWIFR,2,"New, High-Spend, High-Risk",1,89.25,0.7646539970175753
0303-WMMRN,4,"New, Low-Spend, High-Risk",5,19.25,0.1892640255913112
6408-OTUBZ,1,"Established, High-Spend, Low-Risk",66,104.55,0.07363991062121104
5204-HMGYF,1,"Established, High-Spend, Low-Risk",49,87.2,0.03223937786315211
1078-TDCRN,4,"New, Low-Spend, High-Risk",3,30.75,0.5562151466161581
3727-OVPRY,3,"Established, Low-Spend, Low-Risk",66,25.7,0.007514709355169861
3797-FKOGQ,2,"New, High-Spend, High-Risk",11,86.2,0.6423890230664097
7622-NXQZR,4,"New, Low-Spend, High-Risk",28,30.1,0.21104642803692827
6196-HBOBZ,1,"Established, High-Spend, Low-Risk",65,99.35,0.05757174350978246
3970-XGJDU,3,"Established, Low-Spend, Low-Risk",62,19.2,0.003863120671374233
7017-VFULY,4,"New, Low-Spend, High-Risk",2,20.1,0.21248768882527025
5562-YJQGT,4,"New, Low-Spend, High-Risk",2,20.35,0.20717119668108905
8807-OPMBM,3,"Established, Low-Spend, Low-Risk",55,25.65,0.006164318618004581
5439-WIKXB,2,"New, High-Spend, High-Risk",41,94.55,0.4997183313726505
9874-QLCLH,2,"New, High-Spend, High-Risk",17,104.2,0.5652920970311154
8294-UIMBA,1,"Established, High-Spend, Low-Risk",30,94.4,0.2838061172747017
8109-YUOHE,4,"New, Low-Spend, High-Risk",17,56.1,0.08823276985317137
5840-NVDCG,4,"New, Low-Spend, High-Risk",16,68.25,0.0369429564342945
8092-NLTGF,3,"Established, Low-Spend, Low-Risk",72,24.75,0.003654496505309831
5928-QLDHB,2,"New, High-Spend, High-Risk",9,76.25,0.651375184961201
9840-EFJQB,2,"New, High-Spend, High-Risk",1,74.35,0.6073802087019126
0696-UKTOX,4,"New, Low-Spend, High-Risk",23,54.15,0.12295485107477731
4801-KFYKL,4,"New, Low-Spend, High-Risk",8,19.45,0.13640374938727357
3472-OAOOR,4,"New, Low-Spend, High-Risk",19,34.95,0.20349603326986676
6135-OZQVA,4,"New, Low-Spend, High-Risk",7,53.65,0.33666423449604926
8062-YBDOE,2,"New, High-Spend, High-Risk",1,69.65,0.6915164565526143
2252-JHJGE,1,"Established, High-Spend, Low-Risk",61,104.0,0.18354681807166157
4188-PCPIG,1,"Established, High-Spend, Low-Risk",57,70.35,0.01148009756706217
6000-APYLU,2,"New, High-Spend, High-Risk",9,80.8,0.6451709243559277
7105-BENQF,4,"New, Low-Spend, High-Risk",15,64.85,0.11083725134208292
7721-DVEKZ,4,"New, Low-Spend, High-Risk",1,19.65,0.21693115420267958
3566-VVORZ,4,"New, Low-Spend, High-Risk",12,45.9,0.32018356353498456
9507-HSMMZ,3,"Established, Low-Spend, Low-Risk",54,20.0,0.0057909170790492225
2480-SQIOB,4,"New, Low-Spend, High-Risk",4,44.8,0.3442537342696928
0947-IDHRQ,2,"New, High-Spend, High-Risk",7,80.3,0.6622702758037292
7813-TKCVO,4,"New, Low-Spend, High-Risk",20,20.35,0.05195717437422458
0128-MKWSG,4,"New, Low-Spend, High-Risk",26,45.8,0.16445799209740358
3672-YITQD,2,"New, High-Spend, High-Risk",36,84.1,0.5696311314100042
4350-ZTLPI,1,"Established, High-Spend, Low-Risk",53,108.95,0.21028677239437257
9048-JVYVF,2,"New, High-Spend, High-Risk",3,69.35,0.445654945518216
0361-HJRDX,1,"Established, High-Spend, Low-Risk",68,64.35,0.015829680246659192
5727-MYATE,1,"Established, High-Spend, Low-Risk",72,90.8,0.011422456776157719
3823-KYNQY,4,"New, Low-Spend, High-Risk",12,24.95,0.09749976370702519
8988-ECPJR,2,"New, High-Spend, High-Risk",34,79.6,0.40236907315753334
7570-WELNY,1,"Established, High-Spend, Low-Risk",68,84.7,0.03478676154261844
3021-VLNRJ,1,"Established, High-Spend, Low-Risk",50,70.8,0.023333407864547077
3776-EKTKM,2,"New, High-Spend, High-Risk",1,36.45,0.6766254659645636
2080-CAZNM,2,"New, High-Spend, High-Risk",41,104.4,0.5680263590666492
1028-FFNJK,2,"New, High-Spend, High-Risk",30,101.5,0.5970277129829132
6907-FLBER,4,"New, Low-Spend, High-Risk",1,54.3,0.46253608251779793
3001-UNBTL,2,"New, High-Spend, High-Risk",29,103.95,0.6264901426945295
5982-PSMKW,1,"Established, High-Spend, Low-Risk",23,91.1,0.05236325082243411
3507-GASNP,3,"Established, Low-Spend, Low-Risk",60,19.95,0.003365614670990964
7096-ZNBZI,3,"Established, Low-Spend, Low-Risk",72,26.45,0.0037205862161781914
1902-XBTFB,2,"New, High-Spend, High-Risk",22,89.4,0.44252933686713736
1676-MQAOA,1,"Established, High-Spend, Low-Risk",72,75.1,0.00651811246475007
0786-IVLAW,1,"Established, High-Spend, Low-Risk",66,108.1,0.24182048845075593
7566-DSRLQ,1,"Established, High-Spend, Low-Risk",72,110.15,0.07641376976370932
0643-OKLRP,1,"Established, High-Spend, Low-Risk",47,80.35,0.29390942855410823
7245-JMTTQ,1,"Established, High-Spend, Low-Risk",51,111.5,0.21540147600338916
6050-IJRHS,1,"Established, High-Spend, Low-Risk",70,106.5,0.15412716344600508
6202-JVYEU,4,"New, Low-Spend, High-Risk",9,19.9,0.082697716857257
8591-TKMZH,1,"Established, High-Spend, Low-Risk",59,111.1,0.0565488229580968
0734-OXWBT,2,"New, High-Spend, High-Risk",3,70.7,0.3812598794982123
4282-ACRXS,3,"Established, Low-Spend, Low-Risk",38,24.85,0.23936968975613288
0365-TRTPY,1,"Established, High-Spend, Low-Risk",37,91.2,0.2824997349160339
7349-ALMUX,3,"Established, Low-Spend, Low-Risk",37,65.6,0.014838852147613523
9381-NDKME,4,"New, Low-Spend, High-Risk",24,40.65,0.433222081743124
6502-KUGLL,4,"New, Low-Spend, High-Risk",14,59.45,0.11041118319034868
1841-YSJGV,1,"Established, High-Spend, Low-Risk",72,109.95,0.05095100364531585
2794-XIMMO,3,"Established, Low-Spend, Low-Risk",53,60.45,0.07641672978277388
8382-SHQEH,2,"New, High-Spend, High-Risk",8,84.9,0.7307605841377173
3511-BFTJW,3,"Established, Low-Spend, Low-Risk",72,38.5,0.006369407709370823
7668-XCFYV,2,"New, High-Spend, High-Risk",17,92.55,0.7754374299340795
2983-ZANRP,2,"New, High-Spend, High-Risk",2,73.55,0.5469919992308417
7845-URHJN,4,"New, Low-Spend, High-Risk",8,20.15,0.16943884527444933
3034-ZBEQN,3,"Established, Low-Spend, Low-Risk",48,34.7,0.06223553256781583
5018-HEKFO,4,"New, Low-Spend, High-Risk",10,24.5,0.20201909509681845
2923-ARZLG,4,"New, Low-Spend, High-Risk",0,19.7,0.1287970289633799
3976-NLDEZ,4,"New, Low-Spend, High-Risk",1,20.6,0.21611304637942605
2282-YGNOR,4,"New, Low-Spend, High-Risk",29,58.0,0.045947248781389935
5336-UFNZP,1,"Established, High-Spend, Low-Risk",65,107.45,0.20623967512101796
6854-EXGSF,4,"New, Low-Spend, High-Risk",8,65.5,0.27759249990307516
1241-EZFMJ,3,"Established, Low-Spend, Low-Risk",61,25.45,0.006128853925079179
9233-PSYHO,1,"Established, High-Spend, Low-Risk",45,100.15,0.3888427667417408
5376-PCKNB,1,"Established, High-Spend, Low-Risk",72,104.45,0.1483933606089584
8044-BGWPI,4,"New, Low-Spend, High-Risk",12,21.15,0.11742082121003491
4060-LDNLU,2,"New, High-Spend, High-Risk",7,96.2,0.780719328035049
3589-PPVKW,4,"New, Low-Spend, High-Risk",9,44.4,0.34816074014231385
8327-LZKAS,1,"Established, High-Spend, Low-Risk",43,107.55,0.3182877994295344
5887-IKKYO,1,"Established, High-Spend, Low-Risk",58,94.35,0.06647127472663615
1075-BGWOH,2,"New, High-Spend, High-Risk",16,98.75,0.7712499865257436
1755-RMCXH,4,"New, Low-Spend, High-Risk",2,20.3,0.17433503393974814
0302-JOIVN,2,"New, High-Spend, High-Risk",8,101.15,0.6763447928214299
3858-XHYJO,1,"Established, High-Spend, Low-Risk",40,105.75,0.28932794494841513
4299-SIMNS,2,"New, High-Spend, High-Risk",9,81.15,0.5432825137843996
7025-IWFHT,1,"Established, High-Spend, Low-Risk",41,89.55,0.1566498601356203
6261-LHRTG,4,"New, Low-Spend, High-Risk",26,54.75,0.18096373272154054
7841-FCRQD,3,"Established, Low-Spend, Low-Risk",33,53.75,0.05544798406909452
2056-EVGZL,1,"Established, High-Spend, Low-Risk",68,105.75,0.0896587437876097
8777-MBMTS,1,"Established, High-Spend, Low-Risk",65,105.85,0.07327863703345974
7753-USQYQ,3,"Established, Low-Spend, Low-Risk",55,64.2,0.03474199268372141
5366-IJEQJ,2,"New, High-Spend, High-Risk",20,88.7,0.6375581106213998
7661-CPURM,2,"New, High-Spend, High-Risk",19,87.7,0.29075246694729157
6233-HXJMX,1,"Established, High-Spend, Low-Risk",45,89.3,0.44614114212227607
5902-WBLSE,3,"Established, Low-Spend, Low-Risk",70,20.15,0.0021598362167970734
1981-INRFU,2,"New, High-Spend, High-Risk",2,79.75,0.7021542864633854
4971-PUYQO,2,"New, High-Spend, High-Risk",27,94.55,0.6726431739633049
3239-TPHPZ,4,"New, Low-Spend, High-Risk",12,20.05,0.039221561622788795
5115-GZDEL,1,"Established, High-Spend, Low-Risk",72,67.2,0.010042557667897623
3338-CVVEH,2,"New, High-Spend, High-Risk",12,94.55,0.7608835892037364
8485-GJCDN,2,"New, High-Spend, High-Risk",5,69.05,0.658734982311077
2615-YVMYX,1,"Established, High-Spend, Low-Risk",71,107.5,0.2918991594528024
2851-STERV,1,"Established, High-Spend, Low-Risk",35,73.0,0.1245406866088654
4393-GEADV,1,"Established, High-Spend, Low-Risk",70,114.75,0.041736799402686105
8486-AYEQH,2,"New, High-Spend, High-Risk",31,76.05,0.459054351660415
1527-SXDPN,1,"Established, High-Spend, Low-Risk",52,96.25,0.07643398439403348
6029-WTIPC,2,"New, High-Spend, High-Risk",37,101.1,0.6341692091707625
8634-CILSZ,1,"Established, High-Spend, Low-Risk",69,104.7,0.14432334277255335
5419-JKZNQ,2,"New, High-Spend, High-Risk",30,77.9,0.5278663245066773
2495-KZNFB,2,"New, High-Spend, High-Risk",33,90.65,0.4248664687421349
1409-PHXTF,1,"Established, High-Spend, Low-Risk",54,110.45,0.14248743661480637
4560-WQAQW,1,"Established, High-Spend, Low-Risk",59,68.7,0.031507736834030305
9591-YVTEB,3,"Established, Low-Spend, Low-Risk",55,44.85,0.11098373982818727
9309-BZGNT,3,"Established, Low-Spend, Low-Risk",69,29.8,0.03609634546949033
4274-DRSQT,1,"Established, High-Spend, Low-Risk",66,88.9,0.14937943110064814
2027-DNKIV,3,"Established, Low-Spend, Low-Risk",37,58.75,0.02753361192798913
8075-GXIUB,4,"New, Low-Spend, High-Risk",9,19.85,0.10127898368072746
2885-HIJDH,1,"Established, High-Spend, Low-Risk",69,86.9,0.014836023661224084
5424-RLQLC,4,"New, Low-Spend, High-Risk",10,59.65,0.3752740777651647
6682-QJDGB,3,"Established, Low-Spend, Low-Risk",40,55.25,0.06151997027877044
6507-DTJZV,2,"New, High-Spend, High-Risk",13,66.4,0.3876464196871751
8780-IXSTS,2,"New, High-Spend, High-Risk",6,90.1,0.7026708628015074
7673-BQGKU,3,"Established, Low-Spend, Low-Risk",69,20.15,0.00223614453200512
6723-WSNTY,1,"Established, High-Spend, Low-Risk",66,108.1,0.18812009531150212
9530-EHPOH,4,"New, Low-Spend, High-Risk",11,53.75,0.398096143769722
2725-IWWBA,3,"Established, Low-Spend, Low-Risk",46,56.9,0.019587073329228964
0345-HKJVM,2,"New, High-Spend, High-Risk",6,89.3,0.7347517148055949
1061-PNTHC,1,"Established, High-Spend, Low-Risk",56,109.6,0.2260466782927404
0394-YONDK,3,"Established, Low-Spend, Low-Risk",70,25.15,0.0032166817328417017
6574-MCOEH,1,"Established, High-Spend, Low-Risk",33,79.15,0.12197999093620833
7399-QHBJS,1,"Established, High-Spend, Low-Risk",72,66.75,0.004832241673960031
3049-SOLAY,2,"New, High-Spend, High-Risk",3,95.2,0.8069242222513814
0997-YTLNY,4,"New, Low-Spend, High-Risk",19,48.8,0.15851404377377226
3317-HRTNN,2,"New, High-Spend, High-Risk",5,45.7,0.7007518917935269
9479-HYNYL,1,"Established, High-Spend, Low-Risk",71,80.7,0.015538367621425169
3235-ETOOB,2,"New, High-Spend, High-Risk",8,74.5,0.4828036113272354
9708-KFDBY,4,"New, Low-Spend, High-Risk",1,20.55,0.21624715182687188
8058-INTPH,2,"New, High-Spend, High-Risk",1,79.65,0.7092215603794485
3642-GKTCT,1,"Established, High-Spend, Low-Risk",61,115.1,0.12187973116364255
0774-RMNUW,3,"Established, Low-Spend, Low-Risk",71,59.7,0.010546154085116494
1334-PDUKM,1,"Established, High-Spend, Low-Risk",68,86.45,0.09538811694100233
0756-MPZRL,3,"Established, Low-Spend, Low-Risk",46,33.7,0.05388652712548114
2242-MFOTG,1,"Established, High-Spend, Low-Risk",33,80.1,0.19942523794181694
2927-CVULT,1,"Established, High-Spend, Low-Risk",53,104.05,0.04550382069471697
2144-BFDSO,1,"Established, High-Spend, Low-Risk",50,108.75,0.4153533141407022
8745-PVESG,3,"Established, Low-Spend, Low-Risk",57,41.1,0.02208543523852006
7647-GYYKX,3,"Established, Low-Spend, Low-Risk",54,20.35,0.004501021652178897
5647-FXOTP,1,"Established, High-Spend, Low-Risk",60,105.9,0.45002352582399335
5569-OUICF,2,"New, High-Spend, High-Risk",28,101.3,0.6141073307281739
8821-XNHVZ,2,"New, High-Spend, High-Risk",1,80.05,0.6592635367755137
2082-OJVTK,2,"New, High-Spend, High-Risk",29,89.2,0.5150195752534755
9700-ISPUP,4,"New, Low-Spend, High-Risk",10,65.5,0.23255327999251613
9839-ETQOE,3,"Established, Low-Spend, Low-Risk",43,40.45,0.08372080371001224
6078-VESFR,2,"New, High-Spend, High-Risk",13,70.45,0.5940731161243256
9027-TMATR,1,"Established, High-Spend, Low-Risk",43,78.8,0.029817024101167405
5940-NFXKV,2,"New, High-Spend, High-Risk",19,83.65,0.5916985051713742
1941-HOSAM,2,"New, High-Spend, High-Risk",1,90.1,0.7190292356310501
9110-HSGTV,1,"Established, High-Spend, Low-Risk",69,82.45,0.011727956624296348
0704-VCUMB,3,"Established, Low-Spend, Low-Risk",61,20.25,0.0042380063005205216
6171-ZTVYB,1,"Established, High-Spend, Low-Risk",43,66.25,0.07199129297393857
8053-WWDRO,4,"New, Low-Spend, High-Risk",6,19.5,0.18537604479552416
9564-KCLHR,4,"New, Low-Spend, High-Risk",1,51.25,0.3251524561117762
1935-IMVBB,1,"Established, High-Spend, Low-Risk",56,89.7,0.3672675603220019
2535-PBCGC,1,"Established, High-Spend, Low-Risk",70,64.55,0.014555549389413737
2082-CEFLT,4,"New, Low-Spend, High-Risk",1,45.6,0.4238656763613859
1470-PSXNM,1,"Established, High-Spend, Low-Risk",49,93.65,0.18742489918043848
1213-NGCUN,4,"New, Low-Spend, High-Risk",6,49.65,0.28472234253812967
2498-XLDZR,1,"Established, High-Spend, Low-Risk",32,73.6,0.020276365816279996
9866-OCCKE,1,"Established, High-Spend, Low-Risk",72,109.75,0.07061926320398222
5338-YHWYT,3,"Established, Low-Spend, Low-Risk",37,61.45,0.012084484042130056
7718-UPSKJ,1,"Established, High-Spend, Low-Risk",69,106.4,0.07128513208755574
8731-WBBMB,1,"Established, High-Spend, Low-Risk",26,81.9,0.2250489481602575
1448-CYWKC,1,"Established, High-Spend, Low-Risk",58,105.2,0.20994071454319377
7901-IIDQV,4,"New, Low-Spend, High-Risk",24,54.6,0.11318469621601729
2690-DVRVK,4,"New, Low-Spend, High-Risk",5,20.55,0.07915550525105379
5688-KZTSN,4,"New, Low-Spend, High-Risk",15,20.0,0.10396676447572627
1270-XKUCC,3,"Established, Low-Spend, Low-Risk",30,19.7,0.013627780839344558
0334-ZFJSR,1,"Established, High-Spend, Low-Risk",55,66.05,0.02173132879315184
2894-QOJRX,4,"New, Low-Spend, High-Risk",25,34.0,0.3951130984773787
5747-PMBSQ,2,"New, High-Spend, High-Risk",10,92.5,0.5582752931780681
5583-EJXRD,3,"Established, Low-Spend, Low-Risk",44,54.05,0.020357786857944773
4565-EVZMJ,3,"Established, Low-Spend, Low-Risk",47,58.9,0.0210067165158768
3143-JQEGI,2,"New, High-Spend, High-Risk",13,88.35,0.6440021790468413
6386-SZZKH,1,"Established, High-Spend, Low-Risk",49,107.95,0.10687178220129016
3327-YBAKM,1,"Established, High-Spend, Low-Risk",64,96.9,0.09384346520994308
9441-QHEVC,4,"New, Low-Spend, High-Risk",1,19.1,0.2201624099147897
6705-LNMDD,4,"New, Low-Spend, High-Risk",20,50.0,0.18744093107052337
2580-ASVVY,3,"Established, Low-Spend, Low-Risk",37,45.4,0.038545625234478034
3370-GQEAL,2,"New, High-Spend, High-Risk",30,85.45,0.5063695925475493
5032-USPKF,1,"Established, High-Spend, Low-Risk",38,84.1,0.10956134214177654
2982-IHMFT,2,"New, High-Spend, High-Risk",1,74.45,0.7520843910125379
3521-SYVOR,1,"Established, High-Spend, Low-Risk",37,64.75,0.2537278253333392
4254-QPEDE,1,"Established, High-Spend, Low-Risk",52,66.25,0.027021250901199213
6283-GITPX,1,"Established, High-Spend, Low-Risk",71,76.9,0.005394442125755851
9526-JAWYF,2,"New, High-Spend, High-Risk",26,89.8,0.4708815885226275
0771-CHWSK,1,"Established, High-Spend, Low-Risk",66,74.6,0.015920836329563193
9788-HNGUT,1,"Established, High-Spend, Low-Risk",72,116.95,0.054251443505855854
9495-REDIY,4,"New, Low-Spend, High-Risk",25,40.65,0.12728339519379042
5375-XLDOF,1,"Established, High-Spend, Low-Risk",69,114.35,0.04251715760661829
1172-VIYBP,1,"Established, High-Spend, Low-Risk",53,69.7,0.020395329205027974
5649-VUKMC,2,"New, High-Spend, High-Risk",12,95.5,0.4989376933626095
6559-PDZLR,2,"New, High-Spend, High-Risk",26,98.65,0.49331260176574065
8992-OBVDG,4,"New, Low-Spend, High-Risk",21,61.65,0.3019570250611865
4273-MBHYA,2,"New, High-Spend, High-Risk",1,89.35,0.7140150211926343
4724-WXVWF,1,"Established, High-Spend, Low-Risk",48,95.4,0.24047328484363104
5701-GUXDC,4,"New, Low-Spend, High-Risk",26,35.4,0.11442590094272367
1460-UZPRJ,3,"Established, Low-Spend, Low-Risk",60,19.95,0.004503877531192306
6082-GLJIX,4,"New, Low-Spend, High-Risk",18,19.25,0.11316219808838121
5143-EGQFK,4,"New, Low-Spend, High-Risk",10,29.65,0.41788461318156134
4919-IKATY,2,"New, High-Spend, High-Risk",5,84.5,0.5116889591959961
2495-TTHBQ,4,"New, Low-Spend, High-Risk",4,20.4,0.08012300174818526
0485-ZBSLN,3,"Established, Low-Spend, Low-Risk",65,24.75,0.004097235100845416
3810-PJUHR,3,"Established, Low-Spend, Low-Risk",70,25.35,0.0031558059750344857
9050-QLROH,2,"New, High-Spend, High-Risk",18,90.7,0.6415898457253456
0847-HGRML,3,"Established, Low-Spend, Low-Risk",62,20.0,0.0030800483309623566
8232-CTLKO,3,"Established, Low-Spend, Low-Risk",66,59.75,0.010044761061416713
9227-YBAXE,1,"Established, High-Spend, Low-Risk",65,82.5,0.013971439202158915
6168-WFVVF,2,"New, High-Spend, High-Risk",3,70.3,0.6728069949377482
9860-LISIZ,3,"Established, Low-Spend, Low-Risk",34,20.35,0.05616617897008012
0112-QAWRZ,2,"New, High-Spend, High-Risk",16,90.8,0.6082160747681605
0877-SDMBN,1,"Established, High-Spend, Low-Risk",54,103.95,0.21371131350386652
2786-GCDPI,1,"Established, High-Spend, Low-Risk",50,104.95,0.4508250875342537
4043-MKDTV,1,"Established, High-Spend, Low-Risk",71,105.25,0.05255095071866416
8065-YKXKD,2,"New, High-Spend, High-Risk",10,74.75,0.6485987172126054
9637-EIHEQ,4,"New, Low-Spend, High-Risk",1,50.8,0.3244744106992635
9229-RQABD,4,"New, Low-Spend, High-Risk",18,23.75,0.07739455369474371
8313-KTIHG,4,"New, Low-Spend, High-Risk",4,61.3,0.3645344291209971
5320-BRKGK,1,"Established, High-Spend, Low-Risk",58,75.8,0.013659851345360954
6284-KMNUF,1,"Established, High-Spend, Low-Risk",56,98.0,0.200861435313528
9689-PTNPG,2,"New, High-Spend, High-Risk",2,80.25,0.7017251255239962
9465-RWMXL,2,"New, High-Spend, High-Risk",32,78.9,0.46100564439783753
6229-UOLQL,3,"Established, Low-Spend, Low-Risk",56,52.0,0.024928053109487175
2362-IBOOY,2,"New, High-Spend, High-Risk",36,84.75,0.5143941435878272
3137-LUPIX,2,"New, High-Spend, High-Risk",4,64.4,0.4436948089698789
0843-WTBXE,1,"Established, High-Spend, Low-Risk",53,85.45,0.3815052721235561
6143-JQKEA,4,"New, Low-Spend, High-Risk",10,45.8,0.33596329253866525
8676-OOQEJ,4,"New, Low-Spend, High-Risk",4,30.5,0.4351483801926192
5515-IDEJJ,4,"New, Low-Spend, High-Risk",1,19.9,0.1820315108349184
9701-CDXHR,1,"Established, High-Spend, Low-Risk",51,69.15,0.2454723558994981
7450-NWRTR,2,"New, High-Spend, High-Risk",12,99.45,0.7853793950138658
8124-NZVGJ,4,"New, Low-Spend, High-Risk",6,49.25,0.3714506909241809
2162-FRZAA,3,"Established, Low-Spend, Low-Risk",63,39.35,0.00968742128215305
5376-DEQCP,2,"New, High-Spend, High-Risk",1,70.6,0.6433440636153783
5118-MUEYH,1,"Established, High-Spend, Low-Risk",48,105.1,0.39917083025545824
9095-HFAFX,2,"New, High-Spend, High-Risk",5,81.0,0.6756791556280323
5627-TVBPP,3,"Established, Low-Spend, Low-Risk",35,20.1,0.020200704819102546
2379-ENZGV,2,"New, High-Spend, High-Risk",6,84.85,0.6378894298649874
3936-QQFLL,4,"New, Low-Spend, High-Risk",2,19.75,0.21059733270036712
2589-AYCRP,3,"Established, Low-Spend, Low-Risk",50,19.75,0.013277838703810673
4067-HLYQI,2,"New, High-Spend, High-Risk",33,70.4,0.37162093355264214
5124-EOGYE,3,"Established, Low-Spend, Low-Risk",31,20.45,0.016292941708594258
5057-RKGLH,4,"New, Low-Spend, High-Risk",9,20.35,0.03492091983577423
0292-WEGCH,1,"Established, High-Spend, Low-Risk",54,86.2,0.11290649872315682
8910-ICHIU,1,"Established, High-Spend, Low-Risk",46,95.65,0.13185857773272822
4097-YODCF,1,"Established, High-Spend, Low-Risk",34,103.8,0.24817830770832044
9715-WZCLW,1,"Established, High-Spend, Low-Risk",71,97.2,0.0633528553003041
9786-YWNHU,3,"Established, Low-Spend, Low-Risk",63,63.55,0.004731379503867161
6407-GSJNL,3,"Established, Low-Spend, Low-Risk",51,24.95,0.00932521776623216
6005-OBZPH,2,"New, High-Spend, High-Risk",26,89.15,0.6062275377906527
4049-ZPALD,1,"Established, High-Spend, Low-Risk",64,99.0,0.06852742962582963
7932-WPTDS,4,"New, Low-Spend, High-Risk",1,24.8,0.6234238968388185
3733-UOCWF,1,"Established, High-Spend, Low-Risk",61,85.55,0.10501096841284045
6833-JMZYP,2,"New, High-Spend, High-Risk",15,94.0,0.6697907903842056
2722-VOJQL,1,"Established, High-Spend, Low-Risk",64,105.65,0.16656307879404778
1310-QRITU,4,"New, Low-Spend, High-Risk",18,50.3,0.33685977209529516
8961-QDZZJ,1,"Established, High-Spend, Low-Risk",57,95.0,0.1587840969017996
9715-SBVSU,4,"New, Low-Spend, High-Risk",14,61.4,0.05899306145128598
8490-BXHEO,2,"New, High-Spend, High-Risk",18,80.55,0.5876524076444335
7173-TETGO,1,"Established, High-Spend, Low-Risk",72,78.5,0.0406042857423673
7929-SKFGK,1,"Established, High-Spend, Low-Risk",70,114.3,0.05790103723615932
2300-RQGOI,3,"Established, Low-Spend, Low-Risk",38,20.05,0.011706374815028469
3563-SVYLG,3,"Established, Low-Spend, Low-Risk",68,62.65,0.004071765395481687
5228-EXCET,2,"New, High-Spend, High-Risk",13,80.85,0.6125534125692457
6435-VWCCY,1,"Established, High-Spend, Low-Risk",65,92.7,0.06926580748979834
4998-IKFSE,2,"New, High-Spend, High-Risk",30,100.45,0.6396743795751185
8630-QSGXK,1,"Established, High-Spend, Low-Risk",51,75.2,0.04916069344071768
2455-USLMV,2,"New, High-Spend, High-Risk",31,84.75,0.35545970585119097
7394-FKDNK,2,"New, High-Spend, High-Risk",9,89.45,0.7211126753104816
9488-FVZCC,1,"Established, High-Spend, Low-Risk",72,79.5,0.007456601634665215
6331-LWDTQ,2,"New, High-Spend, High-Risk",10,72.15,0.5583192578312646
5995-WWKKG,3,"Established, Low-Spend, Low-Risk",37,19.8,0.023766691457534347
1597-FZREH,2,"New, High-Spend, High-Risk",2,76.4,0.4312089297520452
7879-CGSFV,1,"Established, High-Spend, Low-Risk",55,100.9,0.13989404929421903
9921-EZKBY,2,"New, High-Spend, High-Risk",33,95.3,0.36879299804225135
7432-FFVAR,1,"Established, High-Spend, Low-Risk",46,90.95,0.12053119459988468
7246-ZGQDF,4,"New, Low-Spend, High-Risk",1,54.5,0.1919218470270532
7000-WCEVQ,2,"New, High-Spend, High-Risk",20,61.6,0.42961062601963473
0727-IWKVK,2,"New, High-Spend, High-Risk",9,79.9,0.5356039381512836
5959-BELXA,2,"New, High-Spend, High-Risk",32,96.15,0.6697534420937702
4456-RHSNB,4,"New, Low-Spend, High-Risk",19,49.6,0.21427252408308978
3512-IZIKN,1,"Established, High-Spend, Low-Risk",70,65.3,0.007868355948914413
2481-SBOYW,3,"Established, Low-Spend, Low-Risk",61,25.0,0.004595331199275843
7109-MFBYV,4,"New, Low-Spend, High-Risk",26,45.45,0.21184899594663673
1833-TCXKK,2,"New, High-Spend, High-Risk",45,107.75,0.505497722646071
1832-PEUTS,1,"Established, High-Spend, Low-Risk",62,89.1,0.08002818868566619
6141-OOXUQ,4,"New, Low-Spend, High-Risk",1,19.65,0.2186713504088726
8660-BUETV,4,"New, Low-Spend, High-Risk",3,44.75,0.4054847678232953
0580-PIQHM,1,"Established, High-Spend, Low-Risk",41,101.6,0.14972511830689295
5696-CEIQJ,1,"Established, High-Spend, Low-Risk",67,103.15,0.047774689412146826
7503-ZGUZJ,2,"New, High-Spend, High-Risk",1,84.65,0.7705486171189843
1696-HXOWK,1,"Established, High-Spend, Low-Risk",71,95.65,0.09232265240109748
3026-ATZYV,1,"Established, High-Spend, Low-Risk",37,75.1,0.06613989099606643
4012-YCFAI,3,"Established, Low-Spend, Low-Risk",60,61.35,0.006870204678481042
2506-TNFCO,2,"New, High-Spend, High-Risk",1,69.55,0.6952818913649687
9970-QBCDA,4,"New, Low-Spend, High-Risk",6,19.7,0.18042714497289822
8718-PTMEZ,4,"New, Low-Spend, High-Risk",13,31.05,0.3903274651340141
9496-IVVRP,4,"New, Low-Spend, High-Risk",11,51.0,0.1956257409341505
2207-OBZNX,4,"New, Low-Spend, High-Risk",7,51.0,0.26407250101882457
2657-VPXTA,2,"New, High-Spend, High-Risk",10,88.85,0.6623478390611964
6551-VLJMV,3,"Established, Low-Spend, Low-Risk",34,20.05,0.014619549761459977
1221-GHZEP,1,"Established, High-Spend, Low-Risk",62,65.1,0.00964654203296629
9289-LBQVU,1,"Established, High-Spend, Low-Risk",64,70.15,0.036349794808894116
6142-VSJQO,4,"New, Low-Spend, High-Risk",1,44.35,0.37224121725325376
3458-IDMFK,4,"New, Low-Spend, High-Risk",25,20.75,0.02120387809968435
6933-FHBZC,4,"New, Low-Spend, High-Risk",26,56.05,0.09488738642184161
0221-NAUXK,4,"New, Low-Spend, High-Risk",10,19.95,0.06312403526819245
9770-KXGQU,1,"Established, High-Spend, Low-Risk",53,98.6,0.14694583129846311
6437-UKHMV,2,"New, High-Spend, High-Risk",7,79.7,0.6672296543432606
6538-POCHL,2,"New, High-Spend, High-Risk",33,79.0,0.3339717352844701
6726-NNFWD,1,"Established, High-Spend, Low-Risk",71,89.45,0.060083484350231066
3002-WQZWT,2,"New, High-Spend, High-Risk",29,74.2,0.4791562135616384
4277-UDIEF,1,"Established, High-Spend, Low-Risk",24,81.0,0.20962499317782793
1208-NBVFH,4,"New, Low-Spend, High-Risk",20,49.6,0.20676413077003328
4912-PIGUY,2,"New, High-Spend, High-Risk",1,84.6,0.7688783178243012
1114-CENIM,3,"Established, Low-Spend, Low-Risk",54,55.0,0.08003484795384026
6060-DRTNL,2,"New, High-Spend, High-Risk",5,84.85,0.7089841571359207
2725-TTRIQ,1,"Established, High-Spend, Low-Risk",72,84.2,0.012638901935721826
3374-TTZTK,1,"Established, High-Spend, Low-Risk",52,106.3,0.061349085202178015
8990-ZXLSU,2,"New, High-Spend, High-Risk",9,69.05,0.5828643262569237
2275-RBYQS,4,"New, Low-Spend, High-Risk",1,45.4,0.4221452416285605
8473-VUVJN,2,"New, High-Spend, High-Risk",1,73.65,0.7563253491802938
6289-CPNLD,1,"Established, High-Spend, Low-Risk",33,73.9,0.09153791636814752
5536-SLHPM,1,"Established, High-Spend, Low-Risk",55,77.75,0.2928982464960011
4419-UJMUS,1,"Established, High-Spend, Low-Risk",69,99.35,0.07054840784749396
7794-JASDG,4,"New, Low-Spend, High-Risk",1,50.75,0.31376894251078014
7609-YBPXG,1,"Established, High-Spend, Low-Risk",54,87.1,0.028555412995939774
5519-TEEUH,3,"Established, Low-Spend, Low-Risk",33,20.15,0.02268186390648096
7856-GANIL,1,"Established, High-Spend, Low-Risk",45,98.7,0.22532645121384426
0804-XBFBV,4,"New, Low-Spend, High-Risk",11,25.2,0.3979351850158715
2676-OXPPQ,4,"New, Low-Spend, High-Risk",6,55.7,0.24085904172440428
3703-TTEPD,4,"New, Low-Spend, High-Risk",21,65.35,0.21952025590100097
2799-TSLAG,3,"Established, Low-Spend, Low-Risk",65,25.3,0.004048883995745104
0196-VULGZ,2,"New, High-Spend, High-Risk",6,84.35,0.7753213392876958
8837-VVWLQ,2,"New, High-Spend, High-Risk",8,84.95,0.5459677657234797
2696-NARTR,2,"New, High-Spend, High-Risk",11,73.85,0.4728831922090581
2208-NKVVH,3,"Established, Low-Spend, Low-Risk",43,24.25,0.010875162698356559
7614-QVWQL,3,"Established, Low-Spend, Low-Risk",49,51.8,0.09738513225908803
1976-CFOCS,4,"New, Low-Spend, High-Risk",1,46.0,0.4737570621027836
4631-OACRM,2,"New, High-Spend, High-Risk",15,79.4,0.6465211308128753
7139-JZFVG,3,"Established, Low-Spend, Low-Risk",60,60.5,0.007596680953690277
4987-GQWPO,4,"New, Low-Spend, High-Risk",17,25.1,0.3916475858857845
3755-JBMNH,2,"New, High-Spend, High-Risk",16,71.8,0.5684548495324947
1757-TCATG,3,"Established, Low-Spend, Low-Risk",35,20.05,0.02140460197051351
6345-ULYRW,1,"Established, High-Spend, Low-Risk",44,88.4,0.2988326150735128
4776-XSKYQ,4,"New, Low-Spend, High-Risk",12,30.25,0.16816329086254117
8048-DSDFQ,4,"New, Low-Spend, High-Risk",1,20.2,0.21718757676509345
5753-QQWPW,4,"New, Low-Spend, High-Risk",28,59.9,0.041285122005727225
6010-DDPPW,3,"Established, Low-Spend, Low-Risk",70,25.15,0.004267241231966229
1809-DMJHQ,4,"New, Low-Spend, High-Risk",5,46.0,0.3230900814282637
6693-FRIRW,2,"New, High-Spend, High-Risk",18,101.3,0.6025766363617258
6586-MYGKD,1,"Established, High-Spend, Low-Risk",70,76.95,0.017156254038971065
3173-NVMPX,4,"New, Low-Spend, High-Risk",9,55.3,0.3295110776647476
0248-PGHBZ,1,"Established, High-Spend, Low-Risk",67,92.45,0.03175593029963657
0623-GDISB,4,"New, Low-Spend, High-Risk",1,48.45,0.3194357199737677
2892-GESUL,4,"New, Low-Spend, High-Risk",18,19.35,0.023379014213817228
6923-EFPNL,4,"New, Low-Spend, High-Risk",4,51.75,0.4662523758199786
7472-EQOAV,1,"Established, High-Spend, Low-Risk",71,86.7,0.04114736789715475
9574-RKJIF,2,"New, High-Spend, High-Risk",30,94.4,0.3690044890572566
2043-WVTQJ,4,"New, Low-Spend, High-Risk",1,55.7,0.3070566077528682
8034-RYTVV,1,"Established, High-Spend, Low-Risk",55,84.25,0.10584837850825059
3863-QSTYI,1,"Established, High-Spend, Low-Risk",59,64.65,0.06764606743986085
2619-WFQWU,2,"New, High-Spend, High-Risk",1,70.15,0.6449767571152294
5044-LRQAQ,2,"New, High-Spend, High-Risk",7,69.2,0.604063447648731
1716-LSAMB,3,"Established, Low-Spend, Low-Risk",45,54.65,0.010725305476988658
1333-PBMXB,3,"Established, Low-Spend, Low-Risk",54,24.75,0.01271960126702406
6546-OPBBH,3,"Established, Low-Spend, Low-Risk",51,23.95,0.014714595181749234
5985-BEHZK,1,"Established, High-Spend, Low-Risk",72,105.0,0.21461974972037032
9127-QRZMH,3,"Established, Low-Spend, Low-Risk",44,59.85,0.023813094069056056
5919-VCZYM,4,"New, Low-Spend, High-Risk",2,20.05,0.2099183642152683
9644-KVCNC,1,"Established, High-Spend, Low-Risk",66,92.15,0.15914039786115325
2137-DQMEV,3,"Established, Low-Spend, Low-Risk",68,44.8,0.021840057386071515
8174-LNWMW,3,"Established, Low-Spend, Low-Risk",31,20.9,0.0161871213449814
9279-CJEOJ,2,"New, High-Spend, High-Risk",21,95.4,0.7412777890884781
7964-VEXDG,2,"New, High-Spend, High-Risk",21,80.35,0.38553923550757907
2404-JIBFC,1,"Established, High-Spend, Low-Risk",55,85.1,0.02194024661634532
0778-NELLA,4,"New, Low-Spend, High-Risk",9,34.7,0.5587147384044194
8029-XYPWT,1,"Established, High-Spend, Low-Risk",71,115.05,0.062486566033262365
4614-NUVZD,2,"New, High-Spend, High-Risk",1,81.1,0.7010301092448992
4632-PAOYU,4,"New, Low-Spend, High-Risk",22,19.95,0.03800371387125502
3803-KMQFW,4,"New, Low-Spend, High-Risk",1,20.55,0.17899853541686178
6804-GDMOI,1,"Established, High-Spend, Low-Risk",61,106.6,0.10469191508545729
2990-OGYTD,1,"Established, High-Spend, Low-Risk",67,86.15,0.02640328493536968
6646-JPPHA,2,"New, High-Spend, High-Risk",14,78.85,0.42852298475946904
9572-MTILT,1,"Established, High-Spend, Low-Risk",59,106.75,0.17746829036382683
7658-UYUQS,2,"New, High-Spend, High-Risk",21,86.55,0.5984098532321095
7880-XSOJX,4,"New, Low-Spend, High-Risk",4,42.4,0.2820806432112313
9611-CTWIH,2,"New, High-Spend, High-Risk",3,89.45,0.7495394978624124
4589-IUAJB,3,"Established, Low-Spend, Low-Risk",70,24.25,0.0041347486934742205
0329-GTIAJ,2,"New, High-Spend, High-Risk",3,97.9,0.6337784467901997
8746-BFOAJ,4,"New, Low-Spend, High-Risk",21,20.5,0.05879020260665302
8457-XIGKN,4,"New, Low-Spend, High-Risk",20,19.6,0.10338775932261
6072-NUQCB,4,"New, Low-Spend, High-Risk",22,20.25,0.038254489479632024
6629-CZTTH,2,"New, High-Spend, High-Risk",1,55.7,0.49042794173312426
8838-GPHZP,3,"Established, Low-Spend, Low-Risk",63,20.6,0.0037281853196752313
8750-QWZAJ,3,"Established, Low-Spend, Low-Risk",70,19.8,0.0021570567790231564
5364-EVNIB,2,"New, High-Spend, High-Risk",13,79.8,0.4913289559962964
6918-UMQCG,2,"New, High-Spend, High-Risk",5,80.2,0.6782366218778555
0675-NCDYU,1,"Established, High-Spend, Low-Risk",72,116.4,0.04219964452199918
6339-DKLMK,4,"New, Low-Spend, High-Risk",13,31.65,0.39019925576097086
1346-PJWTK,1,"Established, High-Spend, Low-Risk",61,94.15,0.1744558418430063
5088-QZLRL,4,"New, Low-Spend, High-Risk",1,20.65,0.21597900117943372
8023-QHAIO,1,"Established, High-Spend, Low-Risk",56,76.85,0.24626509306392758
4397-FRLTA,4,"New, Low-Spend, High-Risk",4,20.15,0.19320755857575342
3057-VJJQE,3,"Established, Low-Spend, Low-Risk",35,55.25,0.038592757716289935
5087-SUURX,4,"New, Low-Spend, High-Risk",18,39.05,0.4571447327188218
2302-OUZXB,1,"Established, High-Spend, Low-Risk",72,82.15,0.030093979023367252
8133-ANHHJ,1,"Established, High-Spend, Low-Risk",49,103.0,0.13983757488014154
2270-CHBFN,1,"Established, High-Spend, Low-Risk",44,95.1,0.180763256312679
0013-EXCHZ,2,"New, High-Spend, High-Risk",3,83.9,0.6563312275324612
5982-FPVQN,2,"New, High-Spend, High-Risk",37,95.15,0.40949136068010317
9107-UKCKY,1,"Established, High-Spend, Low-Risk",61,79.8,0.08400804935940613
4654-ULTTN,1,"Established, High-Spend, Low-Risk",70,74.8,0.011746734112284933
5550-VFRLC,2,"New, High-Spend, High-Risk",1,69.85,0.6886548479160323
5546-BYZSM,3,"Established, Low-Spend, Low-Risk",41,20.45,0.04090222319087032
1492-KGETH,1,"Established, High-Spend, Low-Risk",70,78.35,0.015802870691368202
4929-BSTRX,2,"New, High-Spend, High-Risk",1,53.55,0.5004927330885659
4163-HFTUK,3,"Established, Low-Spend, Low-Risk",51,19.1,0.012943410366336937
8215-NGSPE,3,"Established, Low-Spend, Low-Risk",42,20.0,0.007824523383379077
2225-ZRGSG,1,"Established, High-Spend, Low-Risk",70,93.9,0.018858672468126125
8859-YSTWS,3,"Established, Low-Spend, Low-Risk",48,19.95,0.01481719965476667
5271-YNWVR,1,"Established, High-Spend, Low-Risk",68,113.15,0.04723657753555377
7601-DHFWZ,3,"Established, Low-Spend, Low-Risk",48,24.0,0.0107577017864478
2657-ALMWY,2,"New, High-Spend, High-Risk",26,84.95,0.5242457581443735
6330-JKLPC,2,"New, High-Spend, High-Risk",11,80.5,0.6066331870555912
4667-OHGKG,4,"New, Low-Spend, High-Risk",1,19.3,0.21961936365037996
1998-VHJHK,3,"Established, Low-Spend, Low-Risk",27,19.15,0.03763683645115465
1707-HABPF,1,"Established, High-Spend, Low-Risk",46,91.3,0.20699765673560583
1660-HSOOQ,4,"New, Low-Spend, High-Risk",1,49.65,0.4132901178550504
7253-UVNDW,3,"Established, Low-Spend, Low-Risk",46,54.35,0.0187041554849424
0487-VVUVK,4,"New, Low-Spend, High-Risk",25,19.15,0.06883430402522529
7228-OMTPN,2,"New, High-Spend, High-Risk",4,88.45,0.7501924903197454
5063-IUOKK,4,"New, Low-Spend, High-Risk",13,19.75,0.03696713898008836
4508-OEBEY,1,"Established, High-Spend, Low-Risk",31,75.5,0.05228844777420533
0027-KWYKW,2,"New, High-Spend, High-Risk",23,83.75,0.5635183711334751
2308-STERM,4,"New, Low-Spend, High-Risk",2,19.4,0.21060199433494997
5982-XMDEX,3,"Established, Low-Spend, Low-Risk",65,26.5,0.004918186006443622
6284-AHOOQ,2,"New, High-Spend, High-Risk",22,90.5,0.5754828021381745
6051-PTVNS,3,"Established, Low-Spend, Low-Risk",55,19.15,0.008372446327749344
2344-JMOGN,2,"New, High-Spend, High-Risk",9,94.85,0.5114062578106126
3799-ISUZQ,2,"New, High-Spend, High-Risk",7,69.95,0.5448934565273533
2877-VDUER,3,"Established, Low-Spend, Low-Risk",35,40.9,0.09366344372438681
9152-AMKAK,4,"New, Low-Spend, High-Risk",6,80.25,0.09234235191708198
1794-HBQTJ,4,"New, Low-Spend, High-Risk",1,48.6,0.3189197766880094
9432-VOFYX,2,"New, High-Spend, High-Risk",17,70.8,0.5077620492562834
8049-WJCLQ,4,"New, Low-Spend, High-Risk",10,60.2,0.3441379269117859
6586-PSJOX,4,"New, Low-Spend, High-Risk",15,55.2,0.08997163209590325
2460-FPSYH,3,"Established, Low-Spend, Low-Risk",40,55.8,0.2387453621438006
9705-ZJBCG,4,"New, Low-Spend, High-Risk",13,54.15,0.06725718968772798
4818-DRBQT,2,"New, High-Spend, High-Risk",29,80.15,0.4554507643267106
1320-HTRDR,2,"New, High-Spend, High-Risk",3,75.5,0.6965658263447388
6847-KJLTS,1,"Established, High-Spend, Low-Risk",58,100.4,0.39885023775308603
9670-BPNXF,3,"Established, Low-Spend, Low-Risk",45,62.55,0.021821284312061595
3913-FCUUW,1,"Established, High-Spend, Low-Risk",72,70.45,0.005066428001327339
3301-VKTGC,1,"Established, High-Spend, Low-Risk",68,85.5,0.051927311061135566
1493-AMTIE,4,"New, Low-Spend, High-Risk",1,20.2,0.21718757676509345
9555-SAHUZ,3,"Established, Low-Spend, Low-Risk",38,54.5,0.06854753587554266
0816-TSPHQ,4,"New, Low-Spend, High-Risk",2,20.75,0.20811466486796604
9932-WBWIK,4,"New, Low-Spend, High-Risk",11,20.35,0.1483209030323123
4619-EVPHY,2,"New, High-Spend, High-Risk",20,91.0,0.5050599624502141
5286-YHCVC,1,"Established, High-Spend, Low-Risk",72,104.8,0.10204281736033993
6424-ELEYH,2,"New, High-Spend, High-Risk",3,74.75,0.7050090736934675
4391-RESHN,2,"New, High-Spend, High-Risk",23,104.05,0.6017022152433367
9115-YQHGA,3,"Established, Low-Spend, Low-Risk",40,51.1,0.09431436073967997
4462-CYWMH,1,"Established, High-Spend, Low-Risk",62,89.8,0.3400975016115283
8963-MQVYN,4,"New, Low-Spend, High-Risk",22,20.55,0.0748852454126637
2458-EOMRE,4,"New, Low-Spend, High-Risk",11,64.05,0.28569325828008457
9334-GWGOW,2,"New, High-Spend, High-Risk",7,74.85,0.7159452140479016
6821-BUXUX,2,"New, High-Spend, High-Risk",13,96.65,0.5402606152555586
5028-HTLJB,4,"New, Low-Spend, High-Risk",1,20.05,0.2520518289242005
9801-GDWGV,2,"New, High-Spend, High-Risk",39,103.45,0.541965976147441
6542-LWGXJ,4,"New, Low-Spend, High-Risk",3,25.0,0.5571166790020732
5567-GZKQY,3,"Established, Low-Spend, Low-Risk",58,20.3,0.004696404115136791
1222-LRYKO,4,"New, Low-Spend, High-Risk",6,26.35,0.18828525927519657
2320-JRSDE,4,"New, Low-Spend, High-Risk",1,19.9,0.18051553008754004
2087-QAREY,4,"New, Low-Spend, High-Risk",22,54.7,0.2092727582995549
0601-WZHJF,2,"New, High-Spend, High-Risk",14,46.35,0.5819010369777491
4423-JWZJN,1,"Established, High-Spend, Low-Risk",64,90.25,0.13520351724159418
5143-WMWOG,4,"New, Low-Spend, High-Risk",1,19.95,0.21786111594854335
6490-FGZAT,4,"New, Low-Spend, High-Risk",6,20.65,0.17905105079475814
5393-RXQSZ,2,"New, High-Spend, High-Risk",1,79.6,0.7080982543268257
7452-FOLON,3,"Established, Low-Spend, Low-Risk",39,25.45,0.024041989665478863
2320-TZRRH,4,"New, Low-Spend, High-Risk",20,19.5,0.05143847131643343
0231-LXVAP,2,"New, High-Spend, High-Risk",1,75.9,0.5454725996812548
9444-JTXHZ,2,"New, High-Spend, High-Risk",1,76.2,0.6360997150275752
4942-VZZOM,1,"Established, High-Spend, Low-Risk",64,66.15,0.03985880493244795
5510-BOIUJ,4,"New, Low-Spend, High-Risk",1,19.25,0.17965318884942874
7502-BNYGS,1,"Established, High-Spend, Low-Risk",46,69.1,0.18306204553733846
4291-HYEBC,4,"New, Low-Spend, High-Risk",28,39.1,0.17750712240266936
6147-CBCRA,3,"Established, Low-Spend, Low-Risk",33,20.05,0.06060848262921429
6047-SUHPR,3,"Established, Low-Spend, Low-Risk",39,59.8,0.03190146196469484
4471-KXAUH,1,"Established, High-Spend, Low-Risk",42,84.3,0.2996231948418125
9752-ZNQUT,4,"New, Low-Spend, High-Risk",1,48.6,0.38725577681725293
7638-QVMVY,2,"New, High-Spend, High-Risk",7,79.0,0.6667414533694965
1576-PFZIW,1,"Established, High-Spend, Low-Risk",70,105.35,0.06510154793646784
5666-MBJPT,3,"Established, Low-Spend, Low-Risk",65,25.1,0.005109229934122618
7312-XSBAT,4,"New, Low-Spend, High-Risk",1,49.75,0.3171871447760815
3096-GKWEB,2,"New, High-Spend, High-Risk",18,94.75,0.7287095785974133
2371-JQHZZ,2,"New, High-Spend, High-Risk",24,93.0,0.6966976894425652
0674-GCDXG,1,"Established, High-Spend, Low-Risk",63,71.9,0.014247167260208096
1121-QSIVB,1,"Established, High-Spend, Low-Risk",44,77.55,0.10804571588280368
4396-KLSEH,4,"New, Low-Spend, High-Risk",4,19.85,0.1948420422956665
3244-DCJWY,2,"New, High-Spend, High-Risk",1,70.25,0.6446142263547626
2824-MYYBN,2,"New, High-Spend, High-Risk",37,95.25,0.5260578246231974
0875-CABNR,2,"New, High-Spend, High-Risk",10,84.6,0.6729097127529647
6345-HOVES,4,"New, Low-Spend, High-Risk",34,25.05,0.23187443522362386
8318-LCNBW,3,"Established, Low-Spend, Low-Risk",35,53.15,0.15458796651084253
6469-QJKZW,4,"New, Low-Spend, High-Risk",4,20.15,0.19757984200539666
0147-ESWWR,2,"New, High-Spend, High-Risk",39,101.25,0.5379431293647794
1217-VASWC,1,"Established, High-Spend, Low-Risk",43,100.55,0.3021244579915491
7812-FZHPE,4,"New, Low-Spend, High-Risk",17,24.1,0.12828723324006647
6370-ZVHDV,3,"Established, Low-Spend, Low-Risk",61,25.3,0.006102474603335876
5915-DGNVC,1,"Established, High-Spend, Low-Risk",49,71.8,0.056717412227166905
6260-XLACS,4,"New, Low-Spend, High-Risk",4,19.7,0.10334518989142734
3566-CAAYU,3,"Established, Low-Spend, Low-Risk",64,49.85,0.014003652485081307
4983-CCWMC,2,"New, High-Spend, High-Risk",3,69.6,0.6328154140949618
9103-CXVOK,4,"New, Low-Spend, High-Risk",1,19.75,0.1823853017093111
2896-TBNBE,1,"Established, High-Spend, Low-Risk",40,80.8,0.1566088539490158
4797-AXPXK,4,"New, Low-Spend, High-Risk",1,60.0,0.1653613841427123
5229-PRWKT,2,"New, High-Spend, High-Risk",8,86.55,0.7173496967548515
6982-UQZLY,4,"New, Low-Spend, High-Risk",1,20.85,0.25270580520040054
2522-WLNSF,3,"Established, Low-Spend, Low-Risk",34,64.2,0.09547885950433992
3841-CONLJ,2,"New, High-Spend, High-Risk",1,35.0,0.6408594900857825
5057-LCOUI,4,"New, Low-Spend, High-Risk",39,50.75,0.3247604588759573
0193-ESZXP,1,"Established, High-Spend, Low-Risk",58,105.5,0.11629404502925711
4475-NVTLU,3,"Established, Low-Spend, Low-Risk",45,19.2,0.006991100320315464
4369-HTUIF,2,"New, High-Spend, High-Risk",6,85.15,0.6104843389754535
9386-LDCZR,1,"Established, High-Spend, Low-Risk",43,90.65,0.06991946772507993
9585-KKMFD,3,"Established, Low-Spend, Low-Risk",41,20.0,0.008391565360103232
5399-ZIMKF,2,"New, High-Spend, High-Risk",5,74.65,0.5758137931169939
0336-KXKFK,3,"Established, Low-Spend, Low-Risk",72,61.2,0.014648954161582768
5619-XZZKR,4,"New, Low-Spend, High-Risk",4,19.95,0.10200332901285722
3948-FVVRP,4,"New, Low-Spend, High-Risk",9,54.8,0.1938740641716082
5327-XOKKY,1,"Established, High-Spend, Low-Risk",72,73.45,0.041332295310062175
0983-TATYJ,3,"Established, Low-Spend, Low-Risk",33,51.45,0.06151007478970805
1813-JYWTO,1,"Established, High-Spend, Low-Risk",72,80.45,0.03366771666399137
0156-FVPTA,4,"New, Low-Spend, High-Risk",22,54.2,0.12228292993470728
1984-FCOWB,1,"Established, High-Spend, Low-Risk",70,109.5,0.14505950481334595
0654-HMSHN,2,"New, High-Spend, High-Risk",21,104.4,0.6120230483549968
6719-OXYBR,2,"New, High-Spend, High-Risk",15,85.3,0.5909129922386468
3312-ZWLGF,2,"New, High-Spend, High-Risk",29,79.3,0.45492105312870407
6476-YHMGA,4,"New, Low-Spend, High-Risk",15,76.5,0.26065286605329285
5287-QWLKY,1,"Established, High-Spend, Low-Risk",71,105.1,0.2395517346621327
0795-XCCTE,3,"Established, Low-Spend, Low-Risk",72,25.4,0.004408738522081437
0168-XZKBB,2,"New, High-Spend, High-Risk",19,86.85,0.6453100724787639
3785-NRHYR,4,"New, Low-Spend, High-Risk",1,19.65,0.2186713504088726
5196-SGOAK,2,"New, High-Spend, High-Risk",1,75.7,0.6022728998072556
4537-DKTAL,4,"New, Low-Spend, High-Risk",2,45.55,0.4113080988896112
7072-MBHEV,2,"New, High-Spend, High-Risk",11,78.1,0.6248036131881507
5602-BVFMK,4,"New, Low-Spend, High-Risk",12,19.3,0.0727884904847639
6297-NOOPG,1,"Established, High-Spend, Low-Risk",70,110.5,0.07949254966490754
1891-UAWWU,2,"New, High-Spend, High-Risk",20,90.8,0.6855972901286976
8204-TIFGJ,4,"New, Low-Spend, High-Risk",23,20.3,0.09040775894914141
8050-DVOJX,1,"Established, High-Spend, Low-Risk",49,81.35,0.024773133944756637
6108-OQZDQ,2,"New, High-Spend, High-Risk",4,97.95,0.7328662050889532
0363-QJVFX,2,"New, High-Spend, High-Risk",32,108.15,0.3985153205945731
8903-XEBGX,4,"New, Low-Spend, High-Risk",2,55.3,0.4200194813733087
8169-SAEJD,3,"Established, Low-Spend, Low-Risk",69,56.55,0.02562165480882498
9840-DVNDC,2,"New, High-Spend, High-Risk",6,80.5,0.672027597458603
1089-XZWHH,4,"New, Low-Spend, High-Risk",24,19.7,0.017960972041280936
2325-WINES,2,"New, High-Spend, High-Risk",32,104.05,0.4093320699120571
6064-ZATLR,4,"New, Low-Spend, High-Risk",27,52.85,0.03367604613622499
3096-JRDSO,2,"New, High-Spend, High-Risk",27,104.3,0.5211550285692791
7824-PANSQ,1,"Established, High-Spend, Low-Risk",58,80.65,0.20171366506111663
8042-JVNFH,2,"New, High-Spend, High-Risk",1,71.35,0.642963799508964
9648-BCHKM,4,"New, Low-Spend, High-Risk",18,24.65,0.03248185442375344
2888-ADFAO,3,"Established, Low-Spend, Low-Risk",47,21.3,0.006233422249893485
8707-HOEDG,1,"Established, High-Spend, Low-Risk",70,110.2,0.062426814899209086
3374-LXDEV,2,"New, High-Spend, High-Risk",13,89.4,0.47248018388596713
4072-IPYLT,3,"Established, Low-Spend, Low-Risk",36,51.05,0.0820942874486737
7167-PCEYD,3,"Established, Low-Spend, Low-Risk",67,19.8,0.003127811998145507
4936-YPJNK,4,"New, Low-Spend, High-Risk",10,19.9,0.1539813595658331
1580-BMCMR,2,"New, High-Spend, High-Risk",19,87.3,0.4958535328708004
4817-KEQSP,3,"Established, Low-Spend, Low-Risk",71,19.85,0.002026769659172959
6408-WHTEF,1,"Established, High-Spend, Low-Risk",72,89.4,0.01162726706534361
9251-AWQGT,3,"Established, Low-Spend, Low-Risk",48,20.0,0.005918494396587242
8749-CLJXC,4,"New, Low-Spend, High-Risk",1,20.05,0.21759151958373338
7989-VCQOH,4,"New, Low-Spend, High-Risk",18,83.25,0.1831686930985251
5049-GLYVG,4,"New, Low-Spend, High-Risk",1,20.6,0.21611304637942605
4199-QHJNM,1,"Established, High-Spend, Low-Risk",67,102.9,0.10372506126336392
8882-TLVRW,3,"Established, Low-Spend, Low-Risk",69,39.1,0.005799699906560378
5883-GTGVD,2,"New, High-Spend, High-Risk",19,99.95,0.6866806718879593
5135-GRQJV,1,"Established, High-Spend, Low-Risk",72,114.5,0.06399394136052473
2384-OVPSA,3,"Established, Low-Spend, Low-Risk",38,20.2,0.014099923084822457
1371-WEPDS,3,"Established, Low-Spend, Low-Risk",40,55.8,0.11184688614647248
3580-GICBM,3,"Established, Low-Spend, Low-Risk",61,24.2,0.004724576732938249
4817-QRJSX,2,"New, High-Spend, High-Risk",10,81.0,0.6040345067667472
9730-DRTMJ,1,"Established, High-Spend, Low-Risk",32,72.8,0.0797959192858168
4686-UXDML,2,"New, High-Spend, High-Risk",21,99.85,0.6655249703227457
3349-ANQNH,1,"Established, High-Spend, Low-Risk",59,99.5,0.3006637769788779
2398-YPMUR,2,"New, High-Spend, High-Risk",13,70.15,0.5962399270449417
0932-YIXYU,3,"Established, Low-Spend, Low-Risk",47,20.25,0.007907333532790174
7480-SPLEF,3,"Established, Low-Spend, Low-Risk",69,26.0,0.003341538957549524
7636-XUHWW,4,"New, Low-Spend, High-Risk",2,19.9,0.2099998291929281
1431-CYWMH,4,"New, Low-Spend, High-Risk",22,19.05,0.07821019385234626
5937-EORGB,2,"New, High-Spend, High-Risk",15,96.5,0.6077303257637118
6349-JDHQP,3,"Established, Low-Spend, Low-Risk",53,19.85,0.0059153306817437915
5539-HIVAK,4,"New, Low-Spend, High-Risk",28,25.7,0.1208530141956073
5847-MXBEO,4,"New, Low-Spend, High-Risk",22,20.3,0.04729826324196673
9985-MWVIX,2,"New, High-Spend, High-Risk",1,70.15,0.6449767571152294
4583-PARNH,2,"New, High-Spend, High-Risk",16,91.55,0.5382391238861999
1116-FRYVH,3,"Established, Low-Spend, Low-Risk",48,39.4,0.012316986787207544
1421-HCERK,2,"New, High-Spend, High-Risk",30,105.7,0.37419204915442983
9633-XQABV,2,"New, High-Spend, High-Risk",3,70.25,0.6291139922644363
0716-BQNDX,1,"Established, High-Spend, Low-Risk",57,93.75,0.07133430314016062
1265-XTECC,1,"Established, High-Spend, Low-Risk",68,96.55,0.11593373401289252
1183-CANVH,4,"New, Low-Spend, High-Risk",23,60.0,0.1191928887913257
1972-XMUWV,3,"Established, Low-Spend, Low-Risk",65,59.8,0.013800156460812769
8679-LZBMD,1,"Established, High-Spend, Low-Risk",44,90.65,0.2854613690930414
3407-JMJQQ,1,"Established, High-Spend, Low-Risk",71,109.0,0.05695957802426793
6252-DFGTK,1,"Established, High-Spend, Low-Risk",37,68.1,0.04628573747920559
1539-LNKHM,4,"New, Low-Spend, High-Risk",12,20.4,0.14204576959240958
8645-KOMJQ,1,"Established, High-Spend, Low-Risk",69,81.95,0.01902885978791776
0289-IVARM,3,"Established, Low-Spend, Low-Risk",35,60.55,0.08876538665974332
9761-XUJWD,4,"New, Low-Spend, High-Risk",5,65.6,0.3172103386309082
4057-FKCZK,1,"Established, High-Spend, Low-Risk",58,82.5,0.09287679124582551
4291-TPNFG,1,"Established, High-Spend, Low-Risk",72,82.3,0.009888743304715194
6087-YPWHO,1,"Established, High-Spend, Low-Risk",72,68.15,0.006322543157224978
3090-QFUVD,4,"New, Low-Spend, High-Risk",1,20.3,0.21518849348750563
2237-ZFSMY,1,"Established, High-Spend, Low-Risk",39,95.55,0.1217508715225463
1722-LDZJS,3,"Established, Low-Spend, Low-Risk",53,20.2,0.009329829781676112
1818-ESQMW,2,"New, High-Spend, High-Risk",27,89.2,0.3980867518341423
4871-JTKJF,2,"New, High-Spend, High-Risk",1,69.65,0.6893332051836633
1415-YFWLT,2,"New, High-Spend, High-Risk",1,89.3,0.795665263634357
7401-RUBNK,2,"New, High-Spend, High-Risk",18,74.8,0.39833275849862865
0506-YLVKJ,3,"Established, Low-Spend, Low-Risk",46,20.2,0.0065631677979633
8661-BOYNW,1,"Established, High-Spend, Low-Risk",72,84.4,0.016520826573776945
6711-VTNRE,1,"Established, High-Spend, Low-Risk",36,87.55,0.33325239339627416
4815-GBTCD,4,"New, Low-Spend, High-Risk",4,25.15,0.5426424595244815
2805-AUFQN,4,"New, Low-Spend, High-Risk",25,19.8,0.02120128950525188
0980-PVMRC,3,"Established, Low-Spend, Low-Risk",40,50.85,0.2462228256234443
7233-DRTRF,1,"Established, High-Spend, Low-Risk",63,102.4,0.38494612967542474
3500-RMZLT,2,"New, High-Spend, High-Risk",15,96.3,0.41891130991722886
3873-NFTGI,4,"New, Low-Spend, High-Risk",14,55.5,0.3376346852920897
1162-ECVII,1,"Established, High-Spend, Low-Risk",72,109.75,0.09132860509049112
7048-GXDAY,2,"New, High-Spend, High-Risk",39,106.4,0.4319787544899308
8571-ZCMCX,3,"Established, Low-Spend, Low-Risk",47,60.0,0.03667417875827086
1169-WCVAK,2,"New, High-Spend, High-Risk",19,88.8,0.3392258930945094
4548-SDBKE,2,"New, High-Spend, High-Risk",5,85.2,0.7452571026065629
8066-POXGX,4,"New, Low-Spend, High-Risk",13,35.1,0.5082163962384605
7129-CAKJW,2,"New, High-Spend, High-Risk",17,80.05,0.5772121532267489
8695-ARGXZ,2,"New, High-Spend, High-Risk",34,75.55,0.4907747536860869
3570-YUEKJ,3,"Established, Low-Spend, Low-Risk",42,49.55,0.10794067148105081
4143-OOBWZ,2,"New, High-Spend, High-Risk",5,81.3,0.6504371157000541
1555-HAPSU,3,"Established, Low-Spend, Low-Risk",71,23.9,0.0030070761816453173
1697-NVVGY,4,"New, Low-Spend, High-Risk",19,66.4,0.26984965491388524
7854-EKTJL,4,"New, Low-Spend, High-Risk",2,19.6,0.17058660446552446
8464-EETCQ,3,"Established, Low-Spend, Low-Risk",57,18.8,0.0050183965333408815
2419-FSORS,1,"Established, High-Spend, Low-Risk",72,108.4,0.07493478688106009
8132-YPVBX,2,"New, High-Spend, High-Risk",6,85.95,0.6271511490975037
9102-IAYHT,2,"New, High-Spend, High-Risk",17,85.45,0.605838034915497
6754-LZUKA,1,"Established, High-Spend, Low-Risk",61,80.9,0.043990344922118854
3422-LYEPQ,2,"New, High-Spend, High-Risk",1,71.0,0.5911038209674425
8099-MZPUJ,1,"Established, High-Spend, Low-Risk",48,111.8,0.07682653505306279
0787-LHDYT,4,"New, Low-Spend, High-Risk",16,20.6,0.12134332192973117
2642-DTVCO,2,"New, High-Spend, High-Risk",9,85.05,0.7535437212494295
0374-IOEGQ,4,"New, Low-Spend, High-Risk",3,44.6,0.4047646689105652
4361-JEIVL,4,"New, Low-Spend, High-Risk",1,44.4,0.36829592869387623
3197-NNYNB,1,"Established, High-Spend, Low-Risk",65,105.1,0.11599686449339784
3396-DKDEL,1,"Established, High-Spend, Low-Risk",70,115.15,0.04463323955650926
1752-OZXFY,3,"Established, Low-Spend, Low-Risk",60,59.8,0.03096058149064464
9066-QRSDU,3,"Established, Low-Spend, Low-Risk",69,26.3,0.0082227185251211
9112-WSNPU,2,"New, High-Spend, High-Risk",35,70.55,0.3932117385310309
9867-NNXLC,4,"New, Low-Spend, High-Risk",22,20.05,0.09498253108071437
5321-NTRKC,1,"Established, High-Spend, Low-Risk",66,79.85,0.02926674494175613
1363-TXLSL,2,"New, High-Spend, High-Risk",1,70.3,0.694930744217661
9507-EXLTT,2,"New, High-Spend, High-Risk",1,79.35,0.7155916309889987
3161-GETRM,2,"New, High-Spend, High-Risk",34,90.05,0.4697595414910132
0402-OAMEN,3,"Established, Low-Spend, Low-Risk",72,24.45,0.00286198177988996
6933-VLYFX,4,"New, Low-Spend, High-Risk",31,59.95,0.09893321786874489
6754-WKSHP,3,"Established, Low-Spend, Low-Risk",30,25.35,0.035649059403519666
9846-GKXAS,2,"New, High-Spend, High-Risk",9,90.8,0.7094601594040048
6017-PPLPX,2,"New, High-Spend, High-Risk",20,70.45,0.4295053707016138
4976-LNFVV,4,"New, Low-Spend, High-Risk",19,34.3,0.37689155806693475
5055-MGMGF,1,"Established, High-Spend, Low-Risk",65,105.05,0.30534636174498836
4641-FROLU,3,"Established, Low-Spend, Low-Risk",30,19.3,0.013724812200203267
2862-JVEOY,4,"New, Low-Spend, High-Risk",6,19.15,0.09523492077165145
2969-QWUBZ,2,"New, High-Spend, High-Risk",2,51.4,0.6463546944334835
9822-BIIGN,1,"Established, High-Spend, Low-Risk",53,71.85,0.06391754406604994
2077-MPJQO,2,"New, High-Spend, High-Risk",7,75.4,0.7162193766886505
1534-OULXE,3,"Established, Low-Spend, Low-Risk",61,49.7,0.015270585044520977
7136-RVDTZ,3,"Established, Low-Spend, Low-Risk",70,45.25,0.07473156257326181
2971-SGAFL,2,"New, High-Spend, High-Risk",13,78.75,0.4100259306468994
1480-IVEVR,1,"Established, High-Spend, Low-Risk",35,81.6,0.30224199208967606
2905-KFQUV,2,"New, High-Spend, High-Risk",2,70.4,0.6426528517153525
4581-SSPWD,2,"New, High-Spend, High-Risk",3,75.8,0.6967045118316574
3370-HXOPH,2,"New, High-Spend, High-Risk",3,76.1,0.6961954590970919
9391-YZEJW,1,"Established, High-Spend, Low-Risk",62,94.0,0.24079663145053884
9958-MEKUC,1,"Established, High-Spend, Low-Risk",72,103.95,0.02723949089025119
0281-CNTZX,3,"Established, Low-Spend, Low-Risk",63,19.95,0.0038542751511559344
6927-WTFIV,2,"New, High-Spend, High-Risk",20,71.3,0.5255824204715276
4118-CEVPF,1,"Established, High-Spend, Low-Risk",35,110.8,0.2548166849395238
3398-ZOUAA,2,"New, High-Spend, High-Risk",21,69.1,0.5328969471709056
9114-VEPUF,1,"Established, High-Spend, Low-Risk",62,96.1,0.11642047812456151
7876-BEUTG,4,"New, Low-Spend, High-Risk",15,48.8,0.36750650600393964
2338-BQEZT,3,"Established, Low-Spend, Low-Risk",55,50.55,0.05100425600870032
9873-MNDKV,4,"New, Low-Spend, High-Risk",11,44.65,0.3282939878318536
0378-NHQXU,2,"New, High-Spend, High-Risk",17,88.25,0.604429726769941
8241-JUIQO,3,"Established, Low-Spend, Low-Risk",61,19.45,0.00828609320340917
2194-IIQOF,1,"Established, High-Spend, Low-Risk",71,89.3,0.01557089509257653
4512-ZUIYL,2,"New, High-Spend, High-Risk",2,70.0,0.637977724103843
9631-RXVJM,3,"Established, Low-Spend, Low-Risk",35,19.25,0.01372261514096523
9584-EXCDZ,2,"New, High-Spend, High-Risk",17,70.5,0.5042096608182394
7969-AULMZ,2,"New, High-Spend, High-Risk",21,97.35,0.7004346449065795
5093-FEGLU,3,"Established, Low-Spend, Low-Risk",47,19.65,0.008009447065513771
2621-UDNLU,4,"New, Low-Spend, High-Risk",3,20.85,0.20320746219138866
7526-IVLYU,4,"New, Low-Spend, High-Risk",3,19.65,0.20358727616006086
2428-HYUNX,3,"Established, Low-Spend, Low-Risk",44,19.35,0.011246622318481727
9214-EKVXR,4,"New, Low-Spend, High-Risk",1,44.0,0.4275600760041339
3410-MHHUM,1,"Established, High-Spend, Low-Risk",44,94.4,0.2140037417622485
0568-ONFPC,4,"New, Low-Spend, High-Risk",5,25.9,0.19979340355673936
0733-VUNUW,4,"New, Low-Spend, High-Risk",24,55.65,0.20648575436950492
4550-EVXNY,2,"New, High-Spend, High-Risk",1,69.65,0.5874275052175374
2122-YWVYA,2,"New, High-Spend, High-Risk",18,75.4,0.38683104013913694
2968-SSGAA,2,"New, High-Spend, High-Risk",10,100.6,0.7591004585861998
2296-DKZFP,1,"Established, High-Spend, Low-Risk",65,71.0,0.01124897943328872
4844-JJWUY,2,"New, High-Spend, High-Risk",1,86.0,0.7052591075475251
6777-TGHTM,1,"Established, High-Spend, Low-Risk",53,106.95,0.21939773388219327
8909-BOLNL,4,"New, Low-Spend, High-Risk",3,21.2,0.10450240412097843
6603-YRDCJ,3,"Established, Low-Spend, Low-Risk",33,61.05,0.01838232279739252
3538-WZPHD,4,"New, Low-Spend, High-Risk",3,29.6,0.5088371028326959
3229-USWAR,1,"Established, High-Spend, Low-Risk",34,79.95,0.07222327871771836
2138-VFAPZ,4,"New, Low-Spend, High-Risk",14,19.7,0.028040662790803274
6131-JLWZM,4,"New, Low-Spend, High-Risk",13,20.3,0.13641335838993054
4785-QRJHC,3,"Established, Low-Spend, Low-Risk",46,59.9,0.11752902962272864
0269-XFESX,4,"New, Low-Spend, High-Risk",23,24.35,0.05014873247419396
1709-EJDOX,3,"Established, Low-Spend, Low-Risk",47,19.75,0.006265070411178522
4316-XCSLJ,4,"New, Low-Spend, High-Risk",17,50.3,0.15906121017861766
8610-WFCJF,1,"Established, High-Spend, Low-Risk",49,95.6,0.45155615967869916
9693-XMUOB,3,"Established, Low-Spend, Low-Risk",59,50.25,0.19623324901506184
0383-CLDDA,1,"Established, High-Spend, Low-Risk",69,85.35,0.01765412864435885
4905-JEFDW,4,"New, Low-Spend, High-Risk",11,41.6,0.3376619553814252
2709-UQGNP,4,"New, Low-Spend, High-Risk",10,51.65,0.2403969558678551
3549-ZTMNH,4,"New, Low-Spend, High-Risk",12,24.0,0.042555786444157286
7881-INRLC,2,"New, High-Spend, High-Risk",45,100.85,0.5138210628670801
8033-ATFAS,3,"Established, Low-Spend, Low-Risk",39,59.85,0.14993841937527005
1635-NZATJ,3,"Established, Low-Spend, Low-Risk",71,25.45,0.004735511209081932
0562-HKHML,3,"Established, Low-Spend, Low-Risk",71,23.9,0.003014040129503832
8277-RVRSV,3,"Established, Low-Spend, Low-Risk",33,24.15,0.03237655261185036
9943-VSZUV,1,"Established, High-Spend, Low-Risk",67,75.7,0.23672949010205885
0117-LFRMW,3,"Established, Low-Spend, Low-Risk",37,40.2,0.10355394024696117
6172-FECYY,1,"Established, High-Spend, Low-Risk",49,84.5,0.36653701837809066
7054-ENNGU,4,"New, Low-Spend, High-Risk",9,50.85,0.31356503605155633
1455-HFBXA,1,"Established, High-Spend, Low-Risk",52,91.6,0.04455897312654953
9402-CXWPL,1,"Established, High-Spend, Low-Risk",70,98.9,0.18318948789965497
1628-BIZYP,2,"New, High-Spend, High-Risk",1,85.0,0.66961703008122
1965-AKTSX,2,"New, High-Spend, High-Risk",14,78.95,0.6238021239445324
0082-LDZUE,4,"New, Low-Spend, High-Risk",1,44.3,0.4288984262477725
4786-UKSNZ,4,"New, Low-Spend, High-Risk",1,20.2,0.21718757676509345
5343-SGUBI,1,"Established, High-Spend, Low-Risk",52,80.2,0.15441051581555781
0856-NAOES,2,"New, High-Spend, High-Risk",6,60.9,0.4351799618087106
1976-AZZPJ,4,"New, Low-Spend, High-Risk",7,34.2,0.36113659125724773
7248-VZQLC,1,"Established, High-Spend, Low-Risk",47,85.2,0.3476118368056851
6156-UZDLF,1,"Established, High-Spend, Low-Risk",26,87.15,0.1265504349541447
3099-OONVS,4,"New, Low-Spend, High-Risk",25,54.3,0.087466255074279
9500-WBGRP,3,"Established, Low-Spend, Low-Risk",69,19.1,0.0028344967626270467
5183-KLYEM,1,"Established, High-Spend, Low-Risk",72,112.75,0.05151320097846712
5144-PQCDZ,4,"New, Low-Spend, High-Risk",4,19.95,0.19446547971046516
8514-VZHEB,3,"Established, Low-Spend, Low-Risk",59,19.5,0.0036271326554170305
6625-IUTTT,1,"Established, High-Spend, Low-Risk",67,65.55,0.011928369167911535
9355-NPPFS,2,"New, High-Spend, High-Risk",26,78.8,0.5569480657455834
0068-FIGTF,1,"Established, High-Spend, Low-Risk",27,78.2,0.11819024319468853
5965-GGPRW,1,"Established, High-Spend, Low-Risk",72,105.25,0.06275447820346831
8035-PWSEV,2,"New, High-Spend, High-Risk",6,89.25,0.5602719745974997
2236-HILPA,3,"Established, Low-Spend, Low-Risk",62,20.65,0.003108370766304332
1840-BIUOG,4,"New, Low-Spend, High-Risk",20,68.7,0.1550989702908183
1356-MKYSK,2,"New, High-Spend, High-Risk",6,78.65,0.3036007536487961
6080-LNESI,3,"Established, Low-Spend, Low-Risk",51,24.75,0.00934426777178446
1830-IPXVJ,3,"Established, Low-Spend, Low-Risk",61,19.75,0.003348063219324635
5828-DWPIL,1,"Established, High-Spend, Low-Risk",62,89.1,0.18908119006696797
8398-TBIYD,1,"Established, High-Spend, Low-Risk",72,84.7,0.024361434836340397
0011-IGKFF,2,"New, High-Spend, High-Risk",13,98.0,0.6945482494191989
4192-GORJT,2,"New, High-Spend, High-Risk",5,94.45,0.7363384895078358
6496-SLWHQ,2,"New, High-Spend, High-Risk",3,105.0,0.7982871292219935
9912-GVSEQ,2,"New, High-Spend, High-Risk",26,93.85,0.6007863116978687
2931-FSOHN,4,"New, Low-Spend, High-Risk",13,59.9,0.39144147269763746
9418-RUKPH,3,"Established, Low-Spend, Low-Risk",38,19.95,0.00941182052393126
5383-MMTWC,2,"New, High-Spend, High-Risk",8,84.0,0.763638574125138
9971-ZWPBF,2,"New, High-Spend, High-Risk",34,108.9,0.47448128510705967
4712-AUQZO,4,"New, Low-Spend, High-Risk",18,33.6,0.2758707754998719
9711-FJTBX,1,"Established, High-Spend, Low-Risk",56,85.85,0.05708935574613446
2908-ZTPNF,3,"Established, Low-Spend, Low-Risk",36,34.85,0.1411209804534972
7240-ETPTR,2,"New, High-Spend, High-Risk",9,48.75,0.6240872200674838
2202-CUYXZ,2,"New, High-Spend, High-Risk",1,84.85,0.6984992524719105
5995-OIGLP,4,"New, Low-Spend, High-Risk",12,56.65,0.16276862365290398
8421-WZOOW,1,"Established, High-Spend, Low-Risk",57,95.3,0.18859035860886217
6261-RCVNS,1,"Established, High-Spend, Low-Risk",42,73.9,0.03533828152225151
7951-QKZPL,3,"Established, Low-Spend, Low-Risk",33,24.5,0.01643753004985862
1414-YADCW,1,"Established, High-Spend, Low-Risk",70,84.6,0.01573735819893502
8756-RDDLT,3,"Established, Low-Spend, Low-Risk",68,44.95,0.05907807037804932
2862-PFNIK,4,"New, Low-Spend, High-Risk",1,24.7,0.5114723767916598
5816-QVHRX,2,"New, High-Spend, High-Risk",37,100.3,0.4907753451727912
4430-YHXGG,4,"New, Low-Spend, High-Risk",4,25.45,0.201450143632288
6888-SBYAI,4,"New, Low-Spend, High-Risk",1,50.7,0.3139393774967571
7395-XWZOY,4,"New, Low-Spend, High-Risk",20,55.0,0.2207153577656633
7169-YWAMK,1,"Established, High-Spend, Low-Risk",72,68.4,0.005130465263179835
3640-PHQXK,2,"New, High-Spend, High-Risk",31,89.9,0.5463793462976436
6877-LGWXO,2,"New, High-Spend, High-Risk",18,78.55,0.6339129284067258
6859-RKMZJ,4,"New, Low-Spend, High-Risk",11,55.05,0.4079809065522141
2729-VNVAP,3,"Established, Low-Spend, Low-Risk",33,19.8,0.011820739447982193
2957-JIRMN,1,"Established, High-Spend, Low-Risk",62,84.45,0.19759727907558627
2049-BAFNW,4,"New, Low-Spend, High-Risk",1,35.9,0.44937891461110296
3842-QTGDL,2,"New, High-Spend, High-Risk",16,80.75,0.3738419601847152
7163-OCEQI,4,"New, Low-Spend, High-Risk",22,78.65,0.17009906946114436
9782-LGXMC,3,"Established, Low-Spend, Low-Risk",49,61.75,0.03563984747368497
5975-BAICR,3,"Established, Low-Spend, Low-Risk",36,63.7,0.055507855440255494
8019-ENHXU,1,"Established, High-Spend, Low-Risk",42,99.45,0.34735561217361416
5167-GBFRE,4,"New, Low-Spend, High-Risk",4,25.2,0.5858062578791481
9033-EOXWV,4,"New, Low-Spend, High-Risk",12,74.05,0.27283679346873807
4673-KKSLS,1,"Established, High-Spend, Low-Risk",31,87.6,0.20753862404930262
4853-OITSN,2,"New, High-Spend, High-Risk",5,89.15,0.6509026485257983
9800-OUIGR,3,"Established, Low-Spend, Low-Risk",66,20.0,0.0026543600684491315
1324-NLTJE,4,"New, Low-Spend, High-Risk",15,55.0,0.31511987032796557
2324-EFHVG,1,"Established, High-Spend, Low-Risk",64,104.4,0.12387334317069314
7094-MSZAO,4,"New, Low-Spend, High-Risk",10,20.05,0.1281843317686595
1522-VVDMG,2,"New, High-Spend, High-Risk",7,89.75,0.47406977663927974
6907-CQGPN,4,"New, Low-Spend, High-Risk",29,34.3,0.18400266679707605
0780-XNZFN,3,"Established, Low-Spend, Low-Risk",57,20.65,0.004904718325464659
0239-OXEXL,1,"Established, High-Spend, Low-Risk",46,84.25,0.2320868592753916
2675-IJRGJ,3,"Established, Low-Spend, Low-Risk",53,19.65,0.005904680558286176
7049-GKVZY,4,"New, Low-Spend, High-Risk",17,79.85,0.10975157368346465
8577-QSOCG,3,"Established, Low-Spend, Low-Risk",38,20.2,0.00935407395665115
3721-CNZHX,4,"New, Low-Spend, High-Risk",15,19.8,0.06430035557721103
0212-ISBBF,4,"New, Low-Spend, High-Risk",22,50.35,0.45599571443172976
9185-TQCVP,2,"New, High-Spend, High-Risk",14,85.15,0.6859917822331104
3585-YNADK,1,"Established, High-Spend, Low-Risk",57,74.6,0.04776754010278778
5271-DBYSJ,2,"New, High-Spend, High-Risk",11,79.15,0.6769591036076831
1099-GODLO,4,"New, Low-Spend, High-Risk",1,20.35,0.049660041682285154
6828-HMKWP,4,"New, Low-Spend, High-Risk",12,21.05,0.03057618527214682
5567-WSELE,2,"New, High-Spend, High-Risk",3,94.6,0.8374280803470645
1472-TNCWL,2,"New, High-Spend, High-Risk",36,94.7,0.4272047101212814
8063-RJYNF,2,"New, High-Spend, High-Risk",16,94.25,0.5605696285543048
0687-ZVTHB,1,"Established, High-Spend, Low-Risk",65,72.45,0.02610174757683163
2080-GKCWQ,2,"New, High-Spend, High-Risk",2,74.95,0.5993825533330189
9661-ACXBS,2,"New, High-Spend, High-Risk",42,105.2,0.44406647992696363
2193-SFWQW,1,"Established, High-Spend, Low-Risk",72,111.95,0.028252429385904665
5656-JAMLX,3,"Established, Low-Spend, Low-Risk",62,19.85,0.003970206263224918
3462-BJQQA,2,"New, High-Spend, High-Risk",6,89.75,0.7052311857494263
0442-TDYUO,3,"Established, Low-Spend, Low-Risk",48,20.05,0.007833978684988873
6733-LRIZX,1,"Established, High-Spend, Low-Risk",35,108.95,0.1459682004468843
9503-XJUME,3,"Established, Low-Spend, Low-Risk",52,19.65,0.009359655439569865
4367-NHWMM,4,"New, Low-Spend, High-Risk",1,24.9,0.5705564098531309
3727-RJMEO,2,"New, High-Spend, High-Risk",6,82.85,0.7491631758051545
3779-OSWCF,1,"Established, High-Spend, Low-Risk",71,93.2,0.015005527319124377
6736-DHUQI,1,"Established, High-Spend, Low-Risk",67,84.8,0.03761203886211467
3915-ODIYG,1,"Established, High-Spend, Low-Risk",60,71.75,0.046599789492613564
1360-RCYRT,4,"New, Low-Spend, High-Risk",23,30.35,0.21021815844087155
2724-FJDYW,3,"Established, Low-Spend, Low-Risk",39,54.85,0.11003104686519982
4451-RWASJ,4,"New, Low-Spend, High-Risk",15,19.5,0.051564654119614056
6646-VRFOL,1,"Established, High-Spend, Low-Risk",53,103.85,0.500255317108295
3460-TJBWI,4,"New, Low-Spend, High-Risk",24,24.2,0.025327835839242297
5917-HBSDW,3,"Established, Low-Spend, Low-Risk",37,19.35,0.03992344463166685
5685-IIXLY,2,"New, High-Spend, High-Risk",5,83.6,0.5889046076500123
5671-UUNXD,1,"Established, High-Spend, Low-Risk",50,100.65,0.29205664256080366
0956-ACVZC,1,"Established, High-Spend, Low-Risk",54,94.1,0.2205727615327667
2325-NBPZG,2,"New, High-Spend, High-Risk",3,74.55,0.5165350450104355
4250-ZBWLV,1,"Established, High-Spend, Low-Risk",68,108.45,0.1445277082574142
4482-FTFFX,4,"New, Low-Spend, High-Risk",5,56.15,0.28111178672458137
8859-DZTGQ,3,"Established, Low-Spend, Low-Risk",33,20.35,0.014934166224567723
0440-MOGPM,1,"Established, High-Spend, Low-Risk",41,80.55,0.14437957368667845
0020-JDNXP,3,"Established, Low-Spend, Low-Risk",34,61.25,0.08620204604675438
3752-CQSJI,4,"New, Low-Spend, High-Risk",13,20.45,0.1113011386498516
5025-GOOKI,4,"New, Low-Spend, High-Risk",20,18.9,0.1033141507428626
4698-KVLLG,3,"Established, Low-Spend, Low-Risk",51,19.6,0.0078090568991828
5095-AESKG,2,"New, High-Spend, High-Risk",3,91.5,0.719038490330251
2887-JPYLU,3,"Established, Low-Spend, Low-Risk",41,45.2,0.09981456413780031
4770-QAZXN,4,"New, Low-Spend, High-Risk",13,19.45,0.13693506779414588
4896-CPRPF,3,"Established, Low-Spend, Low-Risk",35,25.45,0.01502461772124014
1871-MOWRM,2,"New, High-Spend, High-Risk",12,80.85,0.3425748699957568
9714-EDSUC,2,"New, High-Spend, High-Risk",4,94.9,0.4321426443272147
2027-OAQQC,3,"Established, Low-Spend, Low-Risk",43,49.05,0.2905241598515
0282-NVSJS,4,"New, Low-Spend, High-Risk",12,29.3,0.3456208710605051
9090-SGQXL,1,"Established, High-Spend, Low-Risk",68,105.3,0.4028978539777006
6595-YGXIT,2,"New, High-Spend, High-Risk",25,88.95,0.6220522608868525
7353-YOWFP,4,"New, Low-Spend, High-Risk",7,20.25,0.08877717024109377
9835-ZIITK,1,"Established, High-Spend, Low-Risk",66,110.85,0.1930598506095543
8008-ESFLK,1,"Established, High-Spend, Low-Risk",53,110.5,0.10851972118284137
7537-CBQUZ,1,"Established, High-Spend, Low-Risk",63,109.4,0.33530110119961554
1555-DJEQW,1,"Established, High-Spend, Low-Risk",70,114.2,0.04068635528782743
5649-TJHOV,4,"New, Low-Spend, High-Risk",27,36.5,0.4150767358553545
0519-XUZJU,2,"New, High-Spend, High-Risk",1,70.75,0.6427990892521963
3363-EWLGO,4,"New, Low-Spend, High-Risk",5,19.95,0.18675544099234404
4750-UKWJK,3,"Established, Low-Spend, Low-Risk",37,19.6,0.02968907669985537
6338-AVWCY,2,"New, High-Spend, High-Risk",3,40.15,0.6075118924513477
1689-YQBYY,2,"New, High-Spend, High-Risk",12,76.6,0.5623016447749682
4487-ZYJZK,3,"Established, Low-Spend, Low-Risk",38,19.6,0.01846086767095026
2959-FENLU,2,"New, High-Spend, High-Risk",9,85.3,0.6342889498896543
0708-LGSMF,4,"New, Low-Spend, High-Risk",13,65.85,0.35302398201473323
9253-QXKBE,2,"New, High-Spend, High-Risk",29,94.45,0.6972692835302516
7634-HLQJR,3,"Established, Low-Spend, Low-Risk",47,20.05,0.006325214520717057
0487-RPVUM,1,"Established, High-Spend, Low-Risk",61,99.4,0.18418940256153069
4079-ULGFR,4,"New, Low-Spend, High-Risk",16,20.0,0.12113208068123663
2516-XSJKX,1,"Established, High-Spend, Low-Risk",41,78.45,0.021597108955849993
0057-QBUQH,3,"Established, Low-Spend, Low-Risk",43,25.1,0.010331299254346242
9445-SZLCH,2,"New, High-Spend, High-Risk",36,97.35,0.41328989952172596
6599-SFQVE,4,"New, Low-Spend, High-Risk",6,55.0,0.4429750457194722
8331-ZXFOE,1,"Established, High-Spend, Low-Risk",58,71.1,0.02049138438864835
4003-FUSHP,4,"New, Low-Spend, High-Risk",19,61.55,0.24279928492884353
0356-ERHVT,4,"New, Low-Spend, High-Risk",11,45.9,0.33429118817742176
7325-ENZFI,3,"Established, Low-Spend, Low-Risk",39,40.3,0.042390303530145224
4884-ZTHVF,2,"New, High-Spend, High-Risk",8,87.1,0.6573388192265727
3920-HIHMQ,4,"New, Low-Spend, High-Risk",26,49.5,0.2235749556297122
3055-OYMSE,1,"Established, High-Spend, Low-Risk",53,73.8,0.24019660149170943
0613-WUXUM,3,"Established, Low-Spend, Low-Risk",70,19.2,0.0021883719169414296
7568-PODML,2,"New, High-Spend, High-Risk",1,45.3,0.6994920064299971
4458-KVRBJ,3,"Established, Low-Spend, Low-Risk",59,25.0,0.006608655677468829
5349-IECLD,2,"New, High-Spend, High-Risk",2,94.95,0.745737509080135
1397-XKKWR,4,"New, Low-Spend, High-Risk",7,35.3,0.22207660488739564
3945-GFWQL,4,"New, Low-Spend, High-Risk",12,44.55,0.26607774131517903
8097-OMULG,1,"Established, High-Spend, Low-Risk",59,76.75,0.03582134535329506
6013-BHCAW,1,"Established, High-Spend, Low-Risk",61,81.0,0.027590183825237757
0401-WDBXM,1,"Established, High-Spend, Low-Risk",72,105.55,0.06163604595490001
3387-PLKUI,4,"New, Low-Spend, High-Risk",13,18.8,0.11387646935447458
6096-EGVTU,3,"Established, Low-Spend, Low-Risk",64,24.9,0.008121351477162376
3797-VTIDR,4,"New, Low-Spend, High-Risk",1,23.45,0.5850723642327204
5081-NWSUP,4,"New, Low-Spend, High-Risk",10,64.9,0.15443001084940952
2580-ATZSQ,3,"Established, Low-Spend, Low-Risk",65,61.35,0.01172061768250009
8085-MSNLK,1,"Established, High-Spend, Low-Risk",62,113.95,0.06428295026156694
9691-HKOVS,1,"Established, High-Spend, Low-Risk",55,90.15,0.04788177039108732
9881-VCZEP,4,"New, Low-Spend, High-Risk",25,54.1,0.2569826713098001
9526-BIHHD,4,"New, Low-Spend, High-Risk",1,29.7,0.45617351425132
8757-TFHHJ,4,"New, Low-Spend, High-Risk",1,49.8,0.3170157613399148
4523-WXCEF,1,"Established, High-Spend, Low-Risk",59,101.1,0.41030703736056
1468-DEFNC,3,"Established, Low-Spend, Low-Risk",64,24.4,0.005063589723295394
5119-KEPFY,2,"New, High-Spend, High-Risk",36,95.0,0.6100370009654658
8364-TRMMK,4,"New, Low-Spend, High-Risk",3,50.65,0.4780435941737813
0916-KNFAJ,1,"Established, High-Spend, Low-Risk",61,69.9,0.021937969007824073
8319-QBEHW,4,"New, Low-Spend, High-Risk",26,39.95,0.160670600181401
3063-QFSZL,2,"New, High-Spend, High-Risk",1,55.4,0.4890620105657575
8775-LHDJH,2,"New, High-Spend, High-Risk",1,90.6,0.7740252210992987
9625-QNLUX,1,"Established, High-Spend, Low-Risk",68,103.25,0.04450615004795906
3097-NQYSN,2,"New, High-Spend, High-Risk",2,86.85,0.7956458318736508
4024-CSNBY,1,"Established, High-Spend, Low-Risk",72,94.25,0.02299732754447027
7110-BDTWG,3,"Established, Low-Spend, Low-Risk",71,47.05,0.014692678268485202
7493-GVFIO,3,"Established, Low-Spend, Low-Risk",57,20.55,0.005046709742649125
0690-SRQID,4,"New, Low-Spend, High-Risk",4,19.65,0.19549807806309683
9605-WGJVW,2,"New, High-Spend, High-Risk",1,70.2,0.6874657729925715
9114-DPSIA,1,"Established, High-Spend, Low-Risk",72,81.0,0.007493264308014644
4700-UBQMV,4,"New, Low-Spend, High-Risk",21,75.9,0.1686089225157875
7711-GQBZC,3,"Established, Low-Spend, Low-Risk",71,24.7,0.0030629229098549267
3565-UNOCC,2,"New, High-Spend, High-Risk",29,99.05,0.6973348823217341
4627-MIHJH,1,"Established, High-Spend, Low-Risk",69,110.25,0.06981897122404798
9795-NREXC,1,"Established, High-Spend, Low-Risk",64,85.0,0.02140489283647028
8573-CGOCC,4,"New, Low-Spend, High-Risk",16,19.75,0.12199661114107159
7356-AYNJP,4,"New, Low-Spend, High-Risk",4,23.9,0.13543078629701444
9249-FXSCK,1,"Established, High-Spend, Low-Risk",52,111.25,0.15335360395642583
5493-SDRDQ,4,"New, Low-Spend, High-Risk",2,55.1,0.29549418883243606
6286-SUUWT,4,"New, Low-Spend, High-Risk",1,19.95,0.21786111594854335
4819-HJPIW,4,"New, Low-Spend, High-Risk",18,25.15,0.38422066136028177
8654-DHAOW,4,"New, Low-Spend, High-Risk",2,54.15,0.4505745056310219
5438-QMDDL,4,"New, Low-Spend, High-Risk",19,59.8,0.29691581107351933
9812-GHVRI,2,"New, High-Spend, High-Risk",40,83.85,0.49062145762793263
5553-AOINX,1,"Established, High-Spend, Low-Risk",66,104.9,0.1993243727749749
1228-ZLNBX,2,"New, High-Spend, High-Risk",21,75.3,0.555537422275079
4226-KKDON,4,"New, Low-Spend, High-Risk",8,66.65,0.29319176966253163
3831-YCPUO,1,"Established, High-Spend, Low-Risk",72,109.5,0.028010960389849827
7445-WMRBW,1,"Established, High-Spend, Low-Risk",48,73.85,0.061801213001051625
3308-DGHKL,3,"Established, Low-Spend, Low-Risk",69,19.3,0.0029348470201063276
9924-JPRMC,1,"Established, High-Spend, Low-Risk",72,118.2,0.05142693321460663
0080-EMYVY,4,"New, Low-Spend, High-Risk",14,51.45,0.14528197754538152
6218-KNUBD,4,"New, Low-Spend, High-Risk",6,59.45,0.40989559598608105
7337-CINUD,4,"New, Low-Spend, High-Risk",8,19.5,0.036906423452359435
7609-NRNCA,4,"New, Low-Spend, High-Risk",17,19.55,0.057869844728374954
0623-EJQEG,1,"Established, High-Spend, Low-Risk",65,93.55,0.08402904558121596
7153-CHRBV,3,"Established, Low-Spend, Low-Risk",57,59.3,0.012553638244321569
0871-URUWO,2,"New, High-Spend, High-Risk",13,102.25,0.7445942094509437
9190-MFJLN,2,"New, High-Spend, High-Risk",19,95.9,0.675920887888246
6198-PNNSZ,1,"Established, High-Spend, Low-Risk",56,109.8,0.1876648413432801
3317-VLGQT,2,"New, High-Spend, High-Risk",14,78.1,0.6205810855646423
4132-POCZS,3,"Established, Low-Spend, Low-Risk",52,39.9,0.11554610151336345
5614-DNZCE,1,"Established, High-Spend, Low-Risk",58,64.9,0.007108434439742901
1095-JUDTC,1,"Established, High-Spend, Low-Risk",47,95.05,0.35819305699429915
3896-RCYYE,3,"Established, Low-Spend, Low-Risk",67,53.4,0.10081868489110399
9638-JIQYA,4,"New, Low-Spend, High-Risk",2,24.9,0.5619632450412352
3258-SANFR,4,"New, Low-Spend, High-Risk",6,44.7,0.42465456298391796
3726-TBHQT,1,"Established, High-Spend, Low-Risk",71,114.0,0.043057716856314925
3190-ITQXP,3,"Established, Low-Spend, Low-Risk",46,20.25,0.006454640571736757
0870-VEMYL,4,"New, Low-Spend, High-Risk",5,53.85,0.2085359773483115
4833-QTJNO,1,"Established, High-Spend, Low-Risk",67,83.85,0.16096036069226927
3039-MJSLN,4,"New, Low-Spend, High-Risk",3,20.2,0.16407338743192573
0178-CIIKR,4,"New, Low-Spend, High-Risk",3,19.95,0.20080796761257289
5385-SUIRI,1,"Established, High-Spend, Low-Risk",52,104.2,0.4411830270966837
3982-XWFZQ,3,"Established, Low-Spend, Low-Risk",42,50.25,0.1697898247440656
5774-QPLTF,3,"Established, Low-Spend, Low-Risk",50,20.35,0.010522887589296344
2322-VCZHZ,2,"New, High-Spend, High-Risk",23,90.0,0.4384624472454044
5010-IPEAQ,3,"Established, Low-Spend, Low-Risk",67,54.2,0.008449072927117574
4009-ALQFH,2,"New, High-Spend, High-Risk",25,99.5,0.5507595251400688
6383-ZTSIW,1,"Established, High-Spend, Low-Risk",39,99.1,0.2445930079007874
8990-YOZLV,1,"Established, High-Spend, Low-Risk",69,66.9,0.006745445634317314
3069-SSVSN,4,"New, Low-Spend, High-Risk",1,25.85,0.3806642999520247
5222-IMUKT,2,"New, High-Spend, High-Risk",32,91.05,0.5440479192824917
3627-FCRDW,2,"New, High-Spend, High-Risk",9,71.0,0.5763338371815511
7562-GSUHK,2,"New, High-Spend, High-Risk",16,93.2,0.5361692449319253
6685-XSHHU,3,"Established, Low-Spend, Low-Risk",60,20.95,0.0034590030993500846
8901-UPRHR,1,"Established, High-Spend, Low-Risk",72,109.2,0.05788815552389261
4903-UYAVB,4,"New, Low-Spend, High-Risk",5,19.35,0.19441894593013184
0118-JPNOY,2,"New, High-Spend, High-Risk",26,85.8,0.4449082161921291
6776-TLWOI,4,"New, Low-Spend, High-Risk",3,19.85,0.20293675513051646
3845-FXCYS,4,"New, Low-Spend, High-Risk",2,19.65,0.21057747628333906
5857-XRECV,4,"New, Low-Spend, High-Risk",2,20.5,0.08696915206188105
0725-CXOTM,1,"Established, High-Spend, Low-Risk",36,89.65,0.09205837480629767
4343-EJVQB,2,"New, High-Spend, High-Risk",7,74.35,0.4853776681989287
9000-PLFUZ,3,"Established, Low-Spend, Low-Risk",60,49.45,0.05172841340023568
3427-GGZZI,2,"New, High-Spend, High-Risk",19,89.1,0.613894115426346
7779-ORAEL,1,"Established, High-Spend, Low-Risk",45,75.15,0.03310236952941694
0644-OQMDK,2,"New, High-Spend, High-Risk",4,70.65,0.6653982717338887
4077-CROMM,2,"New, High-Spend, High-Risk",31,104.2,0.48385630202386437
3154-CFSZG,1,"Established, High-Spend, Low-Risk",47,90.05,0.20769860838280796
2868-MZAGQ,2,"New, High-Spend, High-Risk",1,79.25,0.7092420308611277
4847-QNOKA,4,"New, Low-Spend, High-Risk",1,44.9,0.424077033962101
2220-IAHLS,4,"New, Low-Spend, High-Risk",1,19.4,0.21760411922346767
1658-XUHBX,1,"Established, High-Spend, Low-Risk",59,88.75,0.331528226520331
6379-RXJRQ,2,"New, High-Spend, High-Risk",10,70.1,0.5757894113188928
2378-HTWFW,2,"New, High-Spend, High-Risk",35,91.0,0.4584691670825587
8650-RHRKE,4,"New, Low-Spend, High-Risk",4,29.65,0.5267909752220169
4377-VDHYI,1,"Established, High-Spend, Low-Risk",32,90.8,0.1542959192951618
0475-RIJEP,1,"Established, High-Spend, Low-Risk",43,77.85,0.3451016730771894
1260-TTRXI,2,"New, High-Spend, High-Risk",4,54.3,0.46566189070958175
3719-TDVQB,3,"Established, Low-Spend, Low-Risk",54,18.95,0.007062616207676063
6328-ZPBGN,2,"New, High-Spend, High-Risk",11,95.15,0.7929498726221401
0201-MIBOL,1,"Established, High-Spend, Low-Risk",66,102.4,0.09878521029584608
4937-QPZPO,1,"Established, High-Spend, Low-Risk",61,99.9,0.21689446311343347
2925-VDZHY,1,"Established, High-Spend, Low-Risk",72,88.7,0.012069605856317384
6981-TDRFT,3,"Established, Low-Spend, Low-Risk",44,54.3,0.09271107611029643
3413-CSSTH,3,"Established, Low-Spend, Low-Risk",41,55.7,0.1662654621306675
8033-VCZGH,1,"Established, High-Spend, Low-Risk",50,103.95,0.24030919165316367
4789-KWMXN,1,"Established, High-Spend, Low-Risk",47,110.85,0.19238310835564532
0224-NIJLP,4,"New, Low-Spend, High-Risk",8,20.15,0.036945411629494995
7542-CYDDM,4,"New, Low-Spend, High-Risk",18,20.05,0.11245601807851728
4718-WXBGI,1,"Established, High-Spend, Low-Risk",72,91.95,0.011740575225481917
2867-UIMSS,2,"New, High-Spend, High-Risk",1,80.5,0.70514501136561
8495-PRWFH,3,"Established, Low-Spend, Low-Risk",42,55.65,0.19139556053549417
0439-IFYUN,2,"New, High-Spend, High-Risk",18,74.7,0.5060637031062246
5716-LIBJC,2,"New, High-Spend, High-Risk",13,104.15,0.47216555705313296
2868-LLSKM,1,"Established, High-Spend, Low-Risk",68,83.65,0.05641164634130887
8111-RKSPX,2,"New, High-Spend, High-Risk",4,72.2,0.703025240724954
2988-QRAJY,1,"Established, High-Spend, Low-Risk",69,110.05,0.07334951647707195
1585-MQSSU,4,"New, Low-Spend, High-Risk",17,51.5,0.20405035988581546
0071-NDAFP,4,"New, Low-Spend, High-Risk",25,25.5,0.023731247670136152
2856-NNASM,2,"New, High-Spend, High-Risk",43,89.55,0.5117834532130724
7328-ZJAJO,3,"Established, Low-Spend, Low-Risk",59,19.5,0.003647797909765975
6458-CYIDZ,2,"New, High-Spend, High-Risk",5,80.7,0.49860150155555505
8559-CIZFV,4,"New, Low-Spend, High-Risk",21,77.5,0.07858375124014912
1090-PYKCI,1,"Established, High-Spend, Low-Risk",69,105.1,0.0562200018062187
3058-WQDRE,4,"New, Low-Spend, High-Risk",13,25.15,0.437794867233732
7547-EKNFS,2,"New, High-Spend, High-Risk",42,95.25,0.43756475096562736
2279-AXJJK,1,"Established, High-Spend, Low-Risk",52,95.65,0.29050148437318435
6769-DYBQN,1,"Established, High-Spend, Low-Risk",46,85.0,0.3001883822475524
0909-SELIE,1,"Established, High-Spend, Low-Risk",61,80.8,0.013852505715210262
3417-TSCIC,4,"New, Low-Spend, High-Risk",29,24.85,0.15294067543908907
1042-HFUCW,4,"New, Low-Spend, High-Risk",25,54.75,0.05462118337152494
4439-JMPMT,2,"New, High-Spend, High-Risk",5,85.75,0.5289678216405431
6537-OTKMY,4,"New, Low-Spend, High-Risk",15,50.75,0.36641544728104813
8999-EXMNO,4,"New, Low-Spend, High-Risk",19,20.15,0.022337895159130105
6725-TPKJO,3,"Established, Low-Spend, Low-Risk",44,20.05,0.008956013495597638
2446-BEGGB,2,"New, High-Spend, High-Risk",6,98.25,0.795472352045403
7162-WPHPM,1,"Established, High-Spend, Low-Risk",58,71.6,0.008321066801116668
1599-MMYRQ,1,"Established, High-Spend, Low-Risk",62,81.45,0.044053003498039776
8821-KVZKQ,3,"Established, Low-Spend, Low-Risk",70,58.4,0.032878961469375106
1496-GGSUK,4,"New, Low-Spend, High-Risk",1,25.7,0.6138482163527202
6434-TTGJP,4,"New, Low-Spend, High-Risk",10,53.7,0.07267215704441177
0042-JVWOJ,4,"New, Low-Spend, High-Risk",26,19.6,0.03938418892469039
0130-SXOUN,1,"Established, High-Spend, Low-Risk",66,89.4,0.2683810078797466
2575-GFSOE,2,"New, High-Spend, High-Risk",7,69.0,0.5449469534514235
2330-PQGDQ,1,"Established, High-Spend, Low-Risk",51,84.2,0.09427407979928751
1452-UZOSF,1,"Established, High-Spend, Low-Risk",72,106.1,0.02693728229429253
2097-YVPKN,3,"Established, Low-Spend, Low-Risk",65,25.75,0.004981850226647935
2842-JTCCU,4,"New, Low-Spend, High-Risk",2,46.05,0.4116306842845312
8597-CTXVJ,1,"Established, High-Spend, Low-Risk",70,64.95,0.010125690142233839
6631-HMANX,1,"Established, High-Spend, Low-Risk",72,85.45,0.022635520536230837
9962-BFPDU,4,"New, Low-Spend, High-Risk",1,20.05,0.18016456697531263
3296-SILRA,2,"New, High-Spend, High-Risk",1,76.4,0.6507338592860928
9681-OXGVC,2,"New, High-Spend, High-Risk",5,100.5,0.783389983244021
6394-HHHZM,4,"New, Low-Spend, High-Risk",3,20.7,0.20049955658935725
5995-LFTLE,3,"Established, Low-Spend, Low-Risk",58,25.3,0.006862690447524193
5180-UCIIQ,4,"New, Low-Spend, High-Risk",22,40.05,0.3045790250303548
1932-UEDCX,2,"New, High-Spend, High-Risk",33,100.6,0.6389297692849806
7153-OANIO,2,"New, High-Spend, High-Risk",1,69.95,0.648034638373158
5188-HGMLP,1,"Established, High-Spend, Low-Risk",54,74.0,0.33097383825513155
0665-XHDJU,1,"Established, High-Spend, Low-Risk",72,99.4,0.10451882790327466
6521-YYTYI,2,"New, High-Spend, High-Risk",1,93.3,0.7775403885432552
8878-HMWBV,4,"New, Low-Spend, High-Risk",3,49.15,0.39701636450298844
8265-HKSOW,1,"Established, High-Spend, Low-Risk",72,107.45,0.026290336289584288
3544-FBCAS,1,"Established, High-Spend, Low-Risk",72,83.6,0.016066359465891945
5331-RGMTT,1,"Established, High-Spend, Low-Risk",54,99.05,0.5203363887781399
4759-PXTAN,1,"Established, High-Spend, Low-Risk",59,80.1,0.06269056418173057
7054-DMVAS,1,"Established, High-Spend, Low-Risk",54,65.3,0.017367898869227186
3428-MMGUB,1,"Established, High-Spend, Low-Risk",60,89.55,0.10327443664208438
6549-BTYPG,3,"Established, Low-Spend, Low-Risk",60,60.8,0.030832452959507674
7823-JSOAG,2,"New, High-Spend, High-Risk",3,74.5,0.7019463358770207
3705-RHRFR,1,"Established, High-Spend, Low-Risk",69,99.15,0.08394189058610198
9374-YOLBJ,4,"New, Low-Spend, High-Risk",1,19.25,0.18204253046214341
9074-KGVOX,3,"Established, Low-Spend, Low-Risk",50,39.45,0.1031981168763752
6128-DAFVY,3,"Established, Low-Spend, Low-Risk",56,44.85,0.19807770536721195
9933-QRGTX,1,"Established, High-Spend, Low-Risk",60,97.2,0.052361266546794356
4476-OSWTN,1,"Established, High-Spend, Low-Risk",69,110.55,0.13568854742472228
3751-KTZEL,2,"New, High-Spend, High-Risk",1,35.05,0.634590561830931
1977-STDKI,2,"New, High-Spend, High-Risk",1,73.0,0.6569519710147097
5066-GFJMM,4,"New, Low-Spend, High-Risk",3,19.9,0.20477500870044885
2661-GKBTK,1,"Established, High-Spend, Low-Risk",60,76.95,0.017251436751186188
0458-HEUZG,4,"New, Low-Spend, High-Risk",13,35.4,0.10485998818672229
7268-WNTCP,3,"Established, Low-Spend, Low-Risk",62,20.45,0.003170956480372336
0824-VWDPO,1,"Established, High-Spend, Low-Risk",45,96.75,0.17548017023549495
8409-WQJUX,4,"New, Low-Spend, High-Risk",25,54.2,0.2149353615256405
2578-JQPHZ,1,"Established, High-Spend, Low-Risk",44,100.1,0.11936399283742971
3278-FSIXX,4,"New, Low-Spend, High-Risk",2,45.25,0.4119479636630391
5813-UECBU,2,"New, High-Spend, High-Risk",33,83.85,0.4606812559061247
0328-GRPMV,2,"New, High-Spend, High-Risk",1,70.1,0.6451579601361284
9746-UGFAC,4,"New, Low-Spend, High-Risk",22,20.85,0.04621788438867644
2946-KIQSP,3,"Established, Low-Spend, Low-Risk",35,33.45,0.1627886362253264
0625-AFOHS,3,"Established, Low-Spend, Low-Risk",29,20.2,0.014090391089542373
6726-WEXXK,1,"Established, High-Spend, Low-Risk",27,85.9,0.2645327301675926
4636-OLWOE,3,"Established, Low-Spend, Low-Risk",54,61.0,0.018792206146846364
4342-HENTK,2,"New, High-Spend, High-Risk",2,70.65,0.6782960866113426
4685-ERGHK,1,"Established, High-Spend, Low-Risk",57,86.9,0.201916264107497
0885-HMGPY,1,"Established, High-Spend, Low-Risk",62,69.4,0.008832605645355547
5003-OKNNK,4,"New, Low-Spend, High-Risk",15,20.35,0.05139962360218775
4195-SMMNX,4,"New, Low-Spend, High-Risk",2,20.35,0.2087871853577805
7208-PSIHR,1,"Established, High-Spend, Low-Risk",70,104.3,0.08506132370550783
4012-ZTHBR,4,"New, Low-Spend, High-Risk",21,44.95,0.20518839045479254
0489-WMEMG,4,"New, Low-Spend, High-Risk",23,49.45,0.06899521883486368
7435-ZNUYY,4,"New, Low-Spend, High-Risk",6,20.6,0.09310924555967
1354-YZFNB,4,"New, Low-Spend, High-Risk",4,19.55,0.04437449738289535
6956-SMUCM,2,"New, High-Spend, High-Risk",3,99.0,0.6409492042334644
2985-FMWYF,2,"New, High-Spend, High-Risk",23,93.5,0.7021209629830472
2812-ENYMO,4,"New, Low-Spend, High-Risk",26,54.55,0.14567856502143314
2717-HVIZY,4,"New, Low-Spend, High-Risk",8,20.05,0.1341922565446955
3223-WZWJM,2,"New, High-Spend, High-Risk",26,83.95,0.6000934505900022
3422-GALYP,2,"New, High-Spend, High-Risk",2,79.45,0.6721743917830513
9053-JZFKV,1,"Established, High-Spend, Low-Risk",67,116.2,0.05735390199875836
2530-ENDWQ,1,"Established, High-Spend, Low-Risk",71,93.7,0.11193944976207104
2890-WFBHU,1,"Established, High-Spend, Low-Risk",59,79.85,0.028587509451166542
0327-WFZSY,1,"Established, High-Spend, Low-Risk",39,100.0,0.3347381193268447
7977-HXJKU,4,"New, Low-Spend, High-Risk",21,19.6,0.020130834485176247
6615-ZGEDR,4,"New, Low-Spend, High-Risk",1,19.7,0.21853616078475188
7033-CLAMM,3,"Established, Low-Spend, Low-Risk",48,20.2,0.006014752659808408
4023-RTIQM,4,"New, Low-Spend, High-Risk",31,50.4,0.13181389009142153
0864-FVJNJ,1,"Established, High-Spend, Low-Risk",64,113.35,0.09324628411431393
7356-IWLFW,1,"Established, High-Spend, Low-Risk",46,80.0,0.27569935095663445
9541-PWTWO,1,"Established, High-Spend, Low-Risk",52,80.95,0.045213911020693026
3967-VQOGC,3,"Established, Low-Spend, Low-Risk",67,24.9,0.003631999236887967
7872-RDDLZ,3,"Established, Low-Spend, Low-Risk",67,54.9,0.07389137815607695
9250-WYPLL,2,"New, High-Spend, High-Risk",5,75.55,0.6835889856710109
6308-CQRBU,1,"Established, High-Spend, Low-Risk",71,109.25,0.07662394372499094
2754-XBHTB,2,"New, High-Spend, High-Risk",9,77.65,0.6581060106171696
1597-LHYNC,2,"New, High-Spend, High-Risk",26,95.0,0.49344911022107996
0186-CAERR,1,"Established, High-Spend, Low-Risk",71,116.3,0.0989832498404691
3043-SUDUA,3,"Established, Low-Spend, Low-Risk",32,19.9,0.06130073223514666
5442-BHQNG,2,"New, High-Spend, High-Risk",2,70.35,0.6360004465871326
2169-RRLFW,3,"Established, Low-Spend, Low-Risk",71,25.6,0.003943964166435571
5872-OEQNH,3,"Established, Low-Spend, Low-Risk",60,44.45,0.04214338358840423
3162-KKZXO,1,"Established, High-Spend, Low-Risk",55,100.15,0.31976791852086656
7055-VKGDA,1,"Established, High-Spend, Low-Risk",54,105.4,0.10411881114359295
0754-UKWQP,2,"New, High-Spend, High-Risk",2,95.85,0.7437859112381072
8873-GLDMH,2,"New, High-Spend, High-Risk",6,73.85,0.6779741883871675
5696-JVVQY,1,"Established, High-Spend, Low-Risk",48,70.1,0.016311891660799535
8946-BFWSG,3,"Established, Low-Spend, Low-Risk",63,25.25,0.004361253351388697
7493-TPUWZ,2,"New, High-Spend, High-Risk",1,79.15,0.6811983102067701
0547-HURJB,4,"New, Low-Spend, High-Risk",12,21.05,0.11336988550019464
8904-OPDCK,3,"Established, Low-Spend, Low-Risk",54,24.95,0.13257404770485737
8845-LWKGE,4,"New, Low-Spend, High-Risk",30,64.5,0.07441032691182953
1577-HKTFG,3,"Established, Low-Spend, Low-Risk",30,19.65,0.07005561336395016
8752-STIVR,2,"New, High-Spend, High-Risk",4,79.0,0.6895790779892677
0691-NIKRI,1,"Established, High-Spend, Low-Risk",40,105.95,0.3004346473753569
5022-JNQEQ,2,"New, High-Spend, High-Risk",9,75.85,0.4171491549457792
4558-FANTW,2,"New, High-Spend, High-Risk",17,91.85,0.32149439932122453
3249-VHRIP,3,"Established, Low-Spend, Low-Risk",62,43.6,0.026798313440215504
3736-BLEPA,1,"Established, High-Spend, Low-Risk",28,91.25,0.21089180687798995
4701-LKOZD,1,"Established, High-Spend, Low-Risk",70,89.75,0.01576138917880975
6603-QWSPR,1,"Established, High-Spend, Low-Risk",46,104.4,0.10331133452570618
9921-QFQUL,2,"New, High-Spend, High-Risk",23,90.15,0.6106605019831339
1929-ZCBHE,3,"Established, Low-Spend, Low-Risk",47,40.3,0.026947804320241776
4378-MYPGO,1,"Established, High-Spend, Low-Risk",68,105.25,0.044037760265205644
8651-ENBZX,1,"Established, High-Spend, Low-Risk",60,106.0,0.22874822321328628
4129-LYCOI,1,"Established, High-Spend, Low-Risk",67,104.0,0.06636789521077509
7798-JVXYM,2,"New, High-Spend, High-Risk",14,69.65,0.34678510691574244
8647-SDTWQ,1,"Established, High-Spend, Low-Risk",57,74.3,0.21710967533963743
2696-ECXKC,1,"Established, High-Spend, Low-Risk",55,100.9,0.1692871921626404
2081-KJSQF,4,"New, Low-Spend, High-Risk",1,20.25,0.21705304962688596
7623-TRNQN,4,"New, Low-Spend, High-Risk",1,49.9,0.2767924343781505
3323-CPBWR,2,"New, High-Spend, High-Risk",23,96.9,0.5042271586615833
9330-IJWIO,2,"New, High-Spend, High-Risk",13,100.35,0.6568096714030133
3384-CTMSF,2,"New, High-Spend, High-Risk",47,104.1,0.508319418458768
0902-RFHOF,3,"Established, Low-Spend, Low-Risk",38,20.1,0.02290931444229925
9286-DOJGF,2,"New, High-Spend, High-Risk",38,74.95,0.4638531280875474
6048-QBXKL,2,"New, High-Spend, High-Risk",2,56.55,0.48968684590216155
9661-MHUMO,4,"New, Low-Spend, High-Risk",1,49.25,0.32481351280264
7718-RXDGG,2,"New, High-Spend, High-Risk",15,68.6,0.5430696638568179
1025-FALIX,2,"New, High-Spend, High-Risk",26,69.05,0.4314602683908821
3451-VAWLI,3,"Established, Low-Spend, Low-Risk",35,19.7,0.010917451991751098
3407-QGWLG,4,"New, Low-Spend, High-Risk",3,20.05,0.1651313773867555
1842-EZJMK,1,"Established, High-Spend, Low-Risk",50,103.7,0.32487169202596605
2347-WKKAE,1,"Established, High-Spend, Low-Risk",42,94.4,0.3677260252946355
8735-DCXNF,4,"New, Low-Spend, High-Risk",10,54.95,0.18220236711955276
3214-IYUUQ,1,"Established, High-Spend, Low-Risk",61,93.7,0.06294217504060723
1936-UAFEH,1,"Established, High-Spend, Low-Risk",68,110.25,0.05285068902996537
3587-PMCOY,2,"New, High-Spend, High-Risk",10,98.9,0.4127972566318636
8079-XRJRS,1,"Established, High-Spend, Low-Risk",65,89.75,0.07354041384228886
1027-LKKQQ,1,"Established, High-Spend, Low-Risk",72,80.45,0.008941680578813525
7148-XZPHA,1,"Established, High-Spend, Low-Risk",55,79.4,0.11573899800028614
8073-IJDCM,4,"New, Low-Spend, High-Risk",1,20.3,0.21518849348750563
5309-TAIKL,4,"New, Low-Spend, High-Risk",7,62.8,0.3315217886064728
6856-RAURS,2,"New, High-Spend, High-Risk",2,74.9,0.7053926185058218
8778-LMWTJ,2,"New, High-Spend, High-Risk",9,74.85,0.46492071151235814
9717-IOAAF,3,"Established, Low-Spend, Low-Risk",27,25.85,0.021536107119684247
8884-ADFVN,2,"New, High-Spend, High-Risk",7,101.95,0.8068527859276994
2845-KDHVX,1,"Established, High-Spend, Low-Risk",64,68.3,0.013077880975245754
0848-SOMKO,3,"Established, Low-Spend, Low-Risk",70,48.4,0.010468164255241441
2720-WGKHP,2,"New, High-Spend, High-Risk",2,94.0,0.8391820436885152
6734-FQAJX,1,"Established, High-Spend, Low-Risk",67,105.05,0.04919775260690162
2869-ADAWR,1,"Established, High-Spend, Low-Risk",45,89.3,0.4128934854133199
1535-VTJOQ,4,"New, Low-Spend, High-Risk",24,25.15,0.030403652707888452
6368-TZZDT,4,"New, Low-Spend, High-Risk",4,19.5,0.04466250330226521
0943-ZQPXH,1,"Established, High-Spend, Low-Risk",44,92.95,0.40181359432381314
1293-BSEUN,3,"Established, Low-Spend, Low-Risk",72,20.7,0.0019651612961619235
9894-EZEWG,2,"New, High-Spend, High-Risk",1,74.3,0.607568925399558
1302-TPUBN,3,"Established, Low-Spend, Low-Risk",66,19.35,0.0032638064713336494
7851-FLGGQ,4,"New, Low-Spend, High-Risk",1,44.65,0.49553691344086426
0637-UBJRP,2,"New, High-Spend, High-Risk",13,84.05,0.45159617890127485
0940-OUQEC,2,"New, High-Spend, High-Risk",10,80.7,0.6061380382452409
2378-VTKDH,1,"Established, High-Spend, Low-Risk",65,104.35,0.4060862910799015
0927-CNGRH,4,"New, Low-Spend, High-Risk",1,19.55,0.17895441419049748
8608-OZTLB,1,"Established, High-Spend, Low-Risk",38,74.05,0.03285868104896945
2335-GSODA,4,"New, Low-Spend, High-Risk",23,40.1,0.03649603230371468
1952-DVVSW,4,"New, Low-Spend, High-Risk",10,20.1,0.08020307725102374
0702-PGIBZ,2,"New, High-Spend, High-Risk",4,101.7,0.716808217021575
6656-GULJQ,1,"Established, High-Spend, Low-Risk",72,83.55,0.013191549354955222
9853-JFZDU,3,"Established, Low-Spend, Low-Risk",35,56.85,0.09714730493293994
1963-VAUKV,4,"New, Low-Spend, High-Risk",1,20.4,0.2149212956117105
3777-XROBG,3,"Established, Low-Spend, Low-Risk",58,19.55,0.003718430653418726
6994-FGRHH,1,"Established, High-Spend, Low-Risk",70,106.15,0.08373002341301229
4000-VGMQP,1,"Established, High-Spend, Low-Risk",38,78.95,0.12980043797135565
3999-WRNGR,3,"Established, Low-Spend, Low-Risk",60,49.75,0.13112810536349132
3466-RITXD,2,"New, High-Spend, High-Risk",26,92.4,0.45480882368987724
2680-XKKNJ,4,"New, Low-Spend, High-Risk",8,58.2,0.08623673238929554
3058-HJCUY,1,"Established, High-Spend, Low-Risk",41,102.6,0.25294920548041355
2974-GGUXS,2,"New, High-Spend, High-Risk",36,91.95,0.5314284137959846
7994-XIRTR,1,"Established, High-Spend, Low-Risk",54,65.25,0.047219413395919896
3259-FDWOY,1,"Established, High-Spend, Low-Risk",71,106.0,0.08777251319921663
2101-RANCD,1,"Established, High-Spend, Low-Risk",55,73.1,0.28487519718708976
7921-BEPCI,3,"Established, Low-Spend, Low-Risk",72,59.75,0.008479335874761185
0807-ZABDG,4,"New, Low-Spend, High-Risk",3,55.1,0.17845588109688676
8510-TMWYB,3,"Established, Low-Spend, Low-Risk",54,59.8,0.020213089565129665
3258-ZKPAI,1,"Established, High-Spend, Low-Risk",72,116.6,0.04073759923024207
1428-IEDPR,1,"Established, High-Spend, Low-Risk",52,109.3,0.09386298106619975
5298-GSTLM,1,"Established, High-Spend, Low-Risk",60,101.4,0.21774133343082192
4450-YOOHP,4,"New, Low-Spend, High-Risk",39,50.65,0.32018296057150597
6728-CZFEI,4,"New, Low-Spend, High-Risk",15,56.15,0.2115904464105701
5748-RNCJT,1,"Established, High-Spend, Low-Risk",69,106.5,0.0876785702029468
3653-NCRDJ,3,"Established, Low-Spend, Low-Risk",43,19.2,0.01468060889099627
6121-TNHBO,1,"Established, High-Spend, Low-Risk",63,83.0,0.030105133423332493
5119-NZPTV,2,"New, High-Spend, High-Risk",2,70.1,0.6880855738929411
6519-ZHPXP,1,"Established, High-Spend, Low-Risk",72,108.3,0.02752391682429973
7739-LAXOG,2,"New, High-Spend, High-Risk",32,91.05,0.4808272750672271
3472-QPRCH,3,"Established, Low-Spend, Low-Risk",40,25.25,0.012248112770393898
8224-UAXBZ,3,"Established, Low-Spend, Low-Risk",58,45.35,0.040740273094001
9610-WCESF,3,"Established, Low-Spend, Low-Risk",67,43.9,0.012092424657453676
9776-CLUJA,1,"Established, High-Spend, Low-Risk",51,77.5,0.2618047108469504
2486-WYVVE,1,"Established, High-Spend, Low-Risk",31,79.3,0.16471915665190584
3865-ZYKAD,1,"Established, High-Spend, Low-Risk",69,84.9,0.1509697288410826
1422-DGUBX,1,"Established, High-Spend, Low-Risk",32,79.25,0.22517139866144423
2999-AANRQ,4,"New, Low-Spend, High-Risk",21,71.05,0.03808514454890582
8668-KNZTI,3,"Established, Low-Spend, Low-Risk",52,53.75,0.027725205687226806
0480-KYJVA,3,"Established, Low-Spend, Low-Risk",72,24.25,0.002917453817224507
6034-ZRYCV,3,"Established, Low-Spend, Low-Risk",72,54.2,0.02811741262161415
9746-YKGXB,3,"Established, Low-Spend, Low-Risk",52,44.25,0.0457581973457353
3926-YZVVX,3,"Established, Low-Spend, Low-Risk",41,50.05,0.04413724890632563
6000-UKLWI,3,"Established, Low-Spend, Low-Risk",41,20.15,0.010295219293197797
2079-FBMZK,2,"New, High-Spend, High-Risk",6,69.25,0.6066310925729285
6332-FBZRI,1,"Established, High-Spend, Low-Risk",67,69.35,0.011739342788723992
2096-XOTMO,4,"New, Low-Spend, High-Risk",16,19.35,0.0991451587176836
3266-FTKHB,4,"New, Low-Spend, High-Risk",17,19.15,0.031194597590544968
8221-EQDGL,3,"Established, Low-Spend, Low-Risk",35,61.0,0.09380781430514284
2346-LOCWC,3,"Established, Low-Spend, Low-Risk",58,20.5,0.0037502015800066923
6608-QQLVK,4,"New, Low-Spend, High-Risk",1,50.5,0.4100315342286952
0298-XACET,3,"Established, Low-Spend, Low-Risk",52,50.2,0.022594530684218635
7560-QJAVJ,1,"Established, High-Spend, Low-Risk",70,79.6,0.01175702711033266
2995-YWTCD,4,"New, Low-Spend, High-Risk",19,24.9,0.030789161846694484
3551-HUAZH,2,"New, High-Spend, High-Risk",1,74.4,0.7541308109862296
9137-UIYPG,1,"Established, High-Spend, Low-Risk",35,106.9,0.2721944267502464
2809-ZMYOQ,2,"New, High-Spend, High-Risk",32,101.35,0.6246184365545614
5084-OOVCJ,4,"New, Low-Spend, High-Risk",17,55.35,0.11422790235448464
0254-WWRKD,3,"Established, Low-Spend, Low-Risk",67,50.55,0.016577556198748053
7727-SHVZV,4,"New, Low-Spend, High-Risk",9,19.5,0.16012996745564173
6302-JGYRJ,1,"Established, High-Spend, Low-Risk",31,79.45,0.11954971999017115
5339-PXDVH,2,"New, High-Spend, High-Risk",4,90.65,0.6524647072569917
2205-LPVGL,1,"Established, High-Spend, Low-Risk",58,89.85,0.06106445000748018
8782-NUUOL,1,"Established, High-Spend, Low-Risk",60,79.0,0.03233398068261306
3685-YLCMQ,1,"Established, High-Spend, Low-Risk",58,104.65,0.2105160255800145
7601-WFVZV,4,"New, Low-Spend, High-Risk",1,19.55,0.21894191029736462
4609-KNNWG,3,"Established, Low-Spend, Low-Risk",27,19.9,0.01560937978185462
4868-AADLV,1,"Established, High-Spend, Low-Risk",66,116.25,0.11068581007150344
9529-OFXHY,2,"New, High-Spend, High-Risk",15,87.75,0.5761928183321666
8634-MPHTR,2,"New, High-Spend, High-Risk",47,100.05,0.5813570995492454
2669-QVCRG,1,"Established, High-Spend, Low-Risk",41,81.3,0.28041623689243345
2478-EEWWM,3,"Established, Low-Spend, Low-Risk",59,44.3,0.18501257943861452
9174-IHETN,1,"Established, High-Spend, Low-Risk",50,70.35,0.05593806660649617
2233-TXSIU,4,"New, Low-Spend, High-Risk",17,44.45,0.17174900203646384
9644-UMGQA,4,"New, Low-Spend, High-Risk",6,49.15,0.23461391176839014
3256-EZDBI,3,"Established, Low-Spend, Low-Risk",51,29.45,0.13316687646176348
8761-NSOBC,1,"Established, High-Spend, Low-Risk",44,100.55,0.3352082977928487
0419-YAAPX,1,"Established, High-Spend, Low-Risk",49,85.3,0.31386082703713986
8413-VONUO,2,"New, High-Spend, High-Risk",2,95.65,0.7206307216220081
0872-CASZJ,1,"Established, High-Spend, Low-Risk",59,69.1,0.03261438029349869
4726-DLWQN,1,"Established, High-Spend, Low-Risk",50,70.35,0.1284563422080704
8164-OCKUJ,3,"Established, Low-Spend, Low-Risk",59,20.6,0.0036326899501125274
3094-JOJAI,2,"New, High-Spend, High-Risk",18,74.15,0.5875552238443869
9494-MRNYX,2,"New, High-Spend, High-Risk",10,75.05,0.6491822985040272
2599-CZABP,4,"New, Low-Spend, High-Risk",14,44.6,0.17510893093126212
7945-PRBVF,3,"Established, Low-Spend, Low-Risk",35,21.45,0.013329963177300697
4544-RXFMG,4,"New, Low-Spend, High-Risk",8,43.45,0.176091855163794
0859-YGKFW,4,"New, Low-Spend, High-Risk",18,20.05,0.04523250469556231
1150-FTQGN,1,"Established, High-Spend, Low-Risk",60,94.15,0.10153720396118
9223-UCPVT,2,"New, High-Spend, High-Risk",1,94.4,0.7516224318160533
7196-LIWRH,4,"New, Low-Spend, High-Risk",6,19.55,0.0500316506407207
5448-VWNAM,4,"New, Low-Spend, High-Risk",19,75.9,0.15856625938853078
1177-XZBJL,3,"Established, Low-Spend, Low-Risk",53,64.15,0.019633018845907024
3518-FSTWG,1,"Established, High-Spend, Low-Risk",72,109.55,0.08650297428134794
9330-VOFSZ,1,"Established, High-Spend, Low-Risk",60,110.8,0.10103664514931102
4351-QLCSU,2,"New, High-Spend, High-Risk",1,55.0,0.49475503271662935
0939-EREMR,4,"New, Low-Spend, High-Risk",13,53.45,0.18686469139640274
9389-ACWBI,2,"New, High-Spend, High-Risk",5,69.95,0.5563371522933621
5419-JPRRN,2,"New, High-Spend, High-Risk",1,101.45,0.8013320404961367
3644-QXEHN,2,"New, High-Spend, High-Risk",13,97.0,0.6244878583856257
2911-IJORQ,1,"Established, High-Spend, Low-Risk",37,90.6,0.08044958312352668
5921-NGYRH,1,"Established, High-Spend, Low-Risk",64,73.55,0.11957123830147195
2100-BDNSN,2,"New, High-Spend, High-Risk",5,67.95,0.43391158772909666
5998-DZLYR,1,"Established, High-Spend, Low-Risk",61,94.35,0.06676448245160505
0488-GSLFR,2,"New, High-Spend, High-Risk",1,69.5,0.6473291372027887
9318-NKNFC,4,"New, Low-Spend, High-Risk",1,18.85,0.2208425719617738
3985-HOYPM,4,"New, Low-Spend, High-Risk",26,19.4,0.039941625849491395
9728-FTTVZ,2,"New, High-Spend, High-Risk",1,69.2,0.6484124549918245
9548-LERKT,4,"New, Low-Spend, High-Risk",24,19.75,0.023141093219679935
6576-FBXOJ,4,"New, Low-Spend, High-Risk",17,54.6,0.2758055108989014
4310-KEDTB,4,"New, Low-Spend, High-Risk",26,29.8,0.24501626151327685
7254-IQWOZ,2,"New, High-Spend, High-Risk",1,69.65,0.6491169637213716
2474-BRUCM,2,"New, High-Spend, High-Risk",40,101.85,0.5177624158094682
4062-HBMOS,1,"Established, High-Spend, Low-Risk",52,103.05,0.4551827597627064
0742-NXBGR,2,"New, High-Spend, High-Risk",1,82.3,0.582033092469141
2676-ISHSF,4,"New, Low-Spend, High-Risk",1,20.3,0.21691858272550496
9236-NDUCW,4,"New, Low-Spend, High-Risk",21,35.1,0.05264746925424886
4753-PADAS,1,"Established, High-Spend, Low-Risk",67,105.7,0.19621163382664916
6103-QCKFX,3,"Established, Low-Spend, Low-Risk",44,56.25,0.042832745457016305
7781-EWARA,3,"Established, Low-Spend, Low-Risk",70,60.35,0.032385588969090315
6110-OHIHY,2,"New, High-Spend, High-Risk",3,79.25,0.6999944904586416
7018-FPXHH,3,"Established, Low-Spend, Low-Risk",56,59.8,0.008927061577162306
5889-LFOLL,2,"New, High-Spend, High-Risk",13,84.6,0.6897785036888425
5708-EVONK,1,"Established, High-Spend, Low-Risk",58,93.4,0.19655707058705116
8708-XPXHZ,2,"New, High-Spend, High-Risk",42,94.2,0.5135851791978235
0616-ATFGB,4,"New, Low-Spend, High-Risk",1,25.05,0.6248918008199641
0572-ZJKLT,1,"Established, High-Spend, Low-Risk",46,99.65,0.06154756746727717
5135-RDDQL,3,"Established, Low-Spend, Low-Risk",63,50.65,0.007368334774547853
1353-LJWEM,4,"New, Low-Spend, High-Risk",11,60.9,0.20952701680669686
1794-SWWKL,4,"New, Low-Spend, High-Risk",15,59.65,0.22900611022059472
6166-YIPFO,1,"Established, High-Spend, Low-Risk",72,64.7,0.01396747926251654
7016-BPGEU,4,"New, Low-Spend, High-Risk",29,25.1,0.27167648624876667
6876-ADESB,4,"New, Low-Spend, High-Risk",1,48.95,0.35642722601069404
9332-GYWLO,4,"New, Low-Spend, High-Risk",6,54.85,0.39355900160854485
1963-SVUCV,4,"New, Low-Spend, High-Risk",1,45.3,0.4250257188759092
4184-VODJZ,1,"Established, High-Spend, Low-Risk",63,91.35,0.12910197430306267
0220-EBGCE,2,"New, High-Spend, High-Risk",2,85.85,0.6845449150235693
1092-WPIVQ,4,"New, Low-Spend, High-Risk",18,25.1,0.03197201923007746
7233-IOQNP,3,"Established, Low-Spend, Low-Risk",43,34.0,0.08559919701407008
2834-JKOOW,4,"New, Low-Spend, High-Risk",15,45.9,0.10205837757653127
2754-VDLTR,2,"New, High-Spend, High-Risk",10,95.2,0.720051783534487
2400-FEQME,3,"Established, Low-Spend, Low-Risk",55,20.5,0.004392754494789173
3190-XFANI,1,"Established, High-Spend, Low-Risk",49,100.6,0.2109044511322385
7551-DACSP,4,"New, Low-Spend, High-Risk",6,55.3,0.27798467829885
4957-SREEC,3,"Established, Low-Spend, Low-Risk",70,20.35,0.0021967555645461636
7235-NXZCP,2,"New, High-Spend, High-Risk",2,74.85,0.7465916978232627
0230-UBYPQ,3,"Established, Low-Spend, Low-Risk",63,36.1,0.02195504397535855
4923-ADWXJ,4,"New, Low-Spend, High-Risk",25,65.8,0.1817468328007249
1763-KUAAW,4,"New, Low-Spend, High-Risk",18,20.35,0.06646415976592394
1104-TNLZA,2,"New, High-Spend, High-Risk",28,105.8,0.5861173036135212
5195-KPUNQ,1,"Established, High-Spend, Low-Risk",53,96.75,0.08955362383258225
0520-FDVVT,1,"Established, High-Spend, Low-Risk",35,102.35,0.30472675339065847
3439-GVUSX,4,"New, Low-Spend, High-Risk",1,24.4,0.5749926051044496
1444-VVSGW,1,"Established, High-Spend, Low-Risk",70,115.65,0.1003068244718883
5712-PTIWW,2,"New, High-Spend, High-Risk",2,79.85,0.5263479415779865
5949-HGVJL,4,"New, Low-Spend, High-Risk",26,73.05,0.24222907842832228
5203-XEHAX,3,"Established, Low-Spend, Low-Risk",34,64.35,0.06463062386253367
1635-HDGFT,4,"New, Low-Spend, High-Risk",19,20.5,0.021699474765331038
3315-TOTBP,2,"New, High-Spend, High-Risk",15,76.0,0.6037523719156709
8050-XGRVL,3,"Established, Low-Spend, Low-Risk",62,54.75,0.01508945665928588
6661-HBGWL,2,"New, High-Spend, High-Risk",42,104.75,0.5641525559694079
1518-VOWAV,2,"New, High-Spend, High-Risk",9,74.65,0.3403170426386839
9828-QHFBK,4,"New, Low-Spend, High-Risk",24,51.15,0.15586079760731608
3908-MKIMJ,3,"Established, Low-Spend, Low-Risk",68,41.95,0.01193259806860839
5012-YSPJJ,4,"New, Low-Spend, High-Risk",31,54.35,0.10345896887223255
5909-ECHUI,2,"New, High-Spend, High-Risk",1,56.25,0.48570057322454113
1309-BXVOQ,2,"New, High-Spend, High-Risk",21,106.1,0.613046310756712
6728-VOIFY,1,"Established, High-Spend, Low-Risk",63,96.0,0.16624338016742593
9317-WZPGV,2,"New, High-Spend, High-Risk",2,79.75,0.7373235890033443
4891-NLUBA,3,"Established, Low-Spend, Low-Risk",61,61.45,0.02345465975437696
2856-HYAPG,2,"New, High-Spend, High-Risk",1,68.65,0.6503945681452066
8969-PRHFK,4,"New, Low-Spend, High-Risk",18,19.65,0.057104708522408267
0661-KQHNK,4,"New, Low-Spend, High-Risk",6,19.0,0.07667400362091752
8709-KRDVL,2,"New, High-Spend, High-Risk",33,100.0,0.5896319767286307
4488-PSYCG,4,"New, Low-Spend, High-Risk",16,20.25,0.12187942917343265
1427-VERSM,1,"Established, High-Spend, Low-Risk",56,98.7,0.2974944716761747
9801-NOSHQ,4,"New, Low-Spend, High-Risk",23,19.8,0.03560739108912418
6339-YPSAH,2,"New, High-Spend, High-Risk",9,73.8,0.5745514350132733
3621-CEOVK,2,"New, High-Spend, High-Risk",14,100.2,0.7542938823282684
6906-ANDWJ,2,"New, High-Spend, High-Risk",15,74.9,0.5519339408077906
2159-TURXX,4,"New, Low-Spend, High-Risk",5,20.05,0.1876106192555504
1548-FEHVL,1,"Established, High-Spend, Low-Risk",61,106.2,0.2977531433106749
3795-CAWEX,1,"Established, High-Spend, Low-Risk",70,116.55,0.04324567841455638
6215-NQCPY,2,"New, High-Spend, High-Risk",15,99.7,0.648631641645952
5647-URDKA,4,"New, Low-Spend, High-Risk",8,19.7,0.036935373865196845
2229-DPMBI,4,"New, Low-Spend, High-Risk",8,19.5,0.03692760692906878
9626-WEQRM,4,"New, Low-Spend, High-Risk",4,29.15,0.42275092475013787
2188-SXWVT,3,"Established, Low-Spend, Low-Risk",34,55.0,0.048039788156977146
6258-PVZWJ,1,"Established, High-Spend, Low-Risk",68,90.8,0.017509900357405905
1094-BKOSX,3,"Established, Low-Spend, Low-Risk",45,51.0,0.05524705769916264
6969-MVBAI,2,"New, High-Spend, High-Risk",9,90.1,0.746197521946194
2978-XXSOG,4,"New, Low-Spend, High-Risk",22,59.05,0.15773702340952905
2342-CKIAO,4,"New, Low-Spend, High-Risk",2,20.3,0.20751635050629097
6953-PBDIN,1,"Established, High-Spend, Low-Risk",70,72.95,0.016349802165449956
3898-BSJYF,4,"New, Low-Spend, High-Risk",10,73.55,0.12137443077684976
3938-YFPXD,1,"Established, High-Spend, Low-Risk",72,84.3,0.01595122212073275
7696-AMHOD,1,"Established, High-Spend, Low-Risk",49,78.0,0.06678961236690088
2453-SAFNS,1,"Established, High-Spend, Low-Risk",54,72.1,0.059602210889196004
9558-IHEZX,1,"Established, High-Spend, Low-Risk",71,106.75,0.06748597796722855
9617-UDPEU,4,"New, Low-Spend, High-Risk",22,19.25,0.04699811685130452
6340-DACFT,3,"Established, Low-Spend, Low-Risk",50,20.55,0.005459457943944266
4955-VCWBI,3,"Established, Low-Spend, Low-Risk",43,20.0,0.014476977722117122
6813-GZQCG,3,"Established, Low-Spend, Low-Risk",45,24.65,0.009872642674284083
7426-GSWPO,1,"Established, High-Spend, Low-Risk",64,103.5,0.31788152892918065
3389-KTRXV,4,"New, Low-Spend, High-Risk",23,23.85,0.026576673715280098
3118-UHVVQ,3,"Established, Low-Spend, Low-Risk",68,25.8,0.004593821295559021
1031-IIDEO,2,"New, High-Spend, High-Risk",1,70.85,0.6424355675661474
5832-XKAES,2,"New, High-Spend, High-Risk",2,69.8,0.6401731783758575
3205-MXZRA,4,"New, Low-Spend, High-Risk",26,59.45,0.10670709908026677
4701-AHWMW,3,"Established, Low-Spend, Low-Risk",55,54.55,0.1554937105094894
8317-BVKSO,4,"New, Low-Spend, High-Risk",14,20.05,0.13278291879145687
5702-KVQRD,1,"Established, High-Spend, Low-Risk",71,82.55,0.011647231722556097
0083-PIVIK,1,"Established, High-Spend, Low-Risk",64,81.25,0.02639854639384599
9210-IAHGH,2,"New, High-Spend, High-Risk",7,70.75,0.40188280300412155
6169-PGNCD,1,"Established, High-Spend, Low-Risk",57,74.3,0.010816809156485837
0023-XUOPT,2,"New, High-Spend, High-Risk",13,94.1,0.6541331139163618
4592-IWTJI,4,"New, Low-Spend, High-Risk",3,29.7,0.37777588366617065
4909-JOUPP,1,"Established, High-Spend, Low-Risk",72,109.7,0.09079528935037272
4657-FWVFY,1,"Established, High-Spend, Low-Risk",40,96.35,0.39200109709552056
2257-BOVXD,2,"New, High-Spend, High-Risk",14,66.6,0.36005621916886515
7729-JTEEC,4,"New, Low-Spend, High-Risk",2,44.5,0.3645752107090321
7632-MNYOY,1,"Established, High-Spend, Low-Risk",66,110.9,0.1869276611085607
6518-LGAOV,2,"New, High-Spend, High-Risk",38,105.0,0.49685463671305186
7242-QZLXF,4,"New, Low-Spend, High-Risk",1,25.3,0.5090990855038358
4576-CSAJH,4,"New, Low-Spend, High-Risk",22,55.15,0.07871618092602657
1000-AJSLD,4,"New, Low-Spend, High-Risk",1,20.1,0.21745681174525083
9696-RMYBA,2,"New, High-Spend, High-Risk",5,80.1,0.6814712785006383
8690-UPCZI,1,"Established, High-Spend, Low-Risk",29,69.05,0.07143560282426403
1062-LHZOD,2,"New, High-Spend, High-Risk",1,69.9,0.5953054201670609
9770-LXDBK,4,"New, Low-Spend, High-Risk",3,20.4,0.19982715618962277
4086-WITJG,3,"Established, Low-Spend, Low-Risk",71,19.7,0.002041482806290998
8344-WFMFH,4,"New, Low-Spend, High-Risk",9,50.1,0.26202040136029675
9600-NAXZN,2,"New, High-Spend, High-Risk",43,101.4,0.5255586846524792
8822-KNBHV,1,"Established, High-Spend, Low-Risk",48,83.45,0.0801282300302462
8404-FYDIB,2,"New, High-Spend, High-Risk",26,86.65,0.3626264752794364
2791-SFVEW,4,"New, Low-Spend, High-Risk",9,20.15,0.16124340990302186
6457-USBER,2,"New, High-Spend, High-Risk",1,80.8,0.704156742623212
6762-NSODU,3,"Established, Low-Spend, Low-Risk",46,19.4,0.006637119015086325
4662-EKDPQ,2,"New, High-Spend, High-Risk",2,62.05,0.5526586332452276
9248-OJYKK,2,"New, High-Spend, High-Risk",1,76.45,0.7480647495594774
9888-ZCUMM,3,"Established, Low-Spend, Low-Risk",64,60.05,0.015866820028215795
3398-FSHON,2,"New, High-Spend, High-Risk",12,91.3,0.7009758866292033
3319-DWOEP,2,"New, High-Spend, High-Risk",6,95.75,0.762030855550109
1074-WVEVG,3,"Established, Low-Spend, Low-Risk",59,20.35,0.009132447837196198
9979-RGMZT,2,"New, High-Spend, High-Risk",7,94.05,0.5135023492812992
6437-UDQJM,1,"Established, High-Spend, Low-Risk",72,84.1,0.025507604962120966
1226-IENZN,2,"New, High-Spend, High-Risk",16,78.75,0.6403662525430279
2108-GLPQB,4,"New, Low-Spend, High-Risk",25,55.55,0.2782826828504431
9259-PACGQ,3,"Established, Low-Spend, Low-Risk",34,62.65,0.100722604509524
4415-IJZTP,2,"New, High-Spend, High-Risk",1,74.5,0.714412127173868
1465-VINDH,2,"New, High-Spend, High-Risk",10,102.1,0.6912638020608829
5474-LAMUQ,4,"New, Low-Spend, High-Risk",24,20.1,0.04471400086391882
3468-DRVQJ,4,"New, Low-Spend, High-Risk",10,70.3,0.15852374553129933
1122-YJBCS,3,"Established, Low-Spend, Low-Risk",69,53.65,0.013564016643400423
4990-ALDGW,3,"Established, Low-Spend, Low-Risk",57,20.75,0.004889849359676248
4816-OKWNX,1,"Established, High-Spend, Low-Risk",50,103.4,0.13998993273358662
3315-IKYZQ,4,"New, Low-Spend, High-Risk",28,50.8,0.08034085226589407
2810-FTLEM,4,"New, Low-Spend, High-Risk",16,50.15,0.19957619935491347
4747-LCAQL,1,"Established, High-Spend, Low-Risk",25,79.0,0.16687425192857402
3411-WLRSQ,2,"New, High-Spend, High-Risk",3,74.6,0.6421692145199401
0898-XCGTF,1,"Established, High-Spend, Low-Risk",61,96.5,0.24616889526195748
8006-PYCSW,4,"New, Low-Spend, High-Risk",2,20.1,0.20799538078893162
8249-THVEC,3,"Established, Low-Spend, Low-Risk",51,19.4,0.01028884924682754
8722-PRFDV,1,"Established, High-Spend, Low-Risk",71,77.55,0.01282172201043225
2164-SOQXL,4,"New, Low-Spend, High-Risk",20,20.05,0.08376843088318824
4020-KIUDI,4,"New, Low-Spend, High-Risk",6,19.85,0.15072452475646106
5850-BDWCY,4,"New, Low-Spend, High-Risk",6,20.2,0.17905951011081014
2038-YSEZE,4,"New, Low-Spend, High-Risk",29,67.45,0.10517673030911828
0827-ITJPH,3,"Established, Low-Spend, Low-Risk",36,18.55,0.013232203087005135
8799-OXZMD,4,"New, Low-Spend, High-Risk",28,29.75,0.2742767669114011
1925-TIBLE,2,"New, High-Spend, High-Risk",7,86.5,0.7312397895473908
1705-GUHPV,3,"Established, Low-Spend, Low-Risk",63,24.2,0.005545939892702559
4779-ZGICK,3,"Established, Low-Spend, Low-Risk",48,23.55,0.00873876693209797
0048-PIHNL,3,"Established, Low-Spend, Low-Risk",49,20.45,0.013905673314236372
0818-OCPZO,2,"New, High-Spend, High-Risk",27,81.45,0.5091686054926667
3967-KXAPS,1,"Established, High-Spend, Low-Risk",72,92.3,0.015298833018118784
1447-GIQMR,2,"New, High-Spend, High-Risk",1,69.15,0.6568792705172811
3704-IEAXF,3,"Established, Low-Spend, Low-Risk",72,53.65,0.015175724197167045
6810-VCAEX,3,"Established, Low-Spend, Low-Risk",47,39.65,0.030028187715121
0674-EYYZV,2,"New, High-Spend, High-Risk",1,54.65,0.496139925648829
4480-MBMLB,1,"Established, High-Spend, Low-Risk",36,104.8,0.38207457987997906
1395-OFUWC,3,"Established, Low-Spend, Low-Risk",43,29.3,0.12338797716822078
0822-QGCXA,2,"New, High-Spend, High-Risk",27,83.85,0.3344430362088958
0872-NXJYS,2,"New, High-Spend, High-Risk",9,79.55,0.6479198164923888
2832-KJCRD,2,"New, High-Spend, High-Risk",38,103.65,0.49366686231623974
3588-WSTTJ,2,"New, High-Spend, High-Risk",35,99.05,0.5544572988846012
4075-WKNIU,4,"New, Low-Spend, High-Risk",0,73.35,0.160463093150964
5090-EMGTC,1,"Established, High-Spend, Low-Risk",59,100.05,0.07577863181204468
2346-CZYIL,3,"Established, Low-Spend, Low-Risk",27,20.35,0.01945831791810005
3798-EPWRR,4,"New, Low-Spend, High-Risk",2,43.95,0.46488623759114106
6258-NGCNG,4,"New, Low-Spend, High-Risk",7,23.5,0.22851782499717874
4186-ZBUEW,1,"Established, High-Spend, Low-Risk",36,70.7,0.08879689994409991
5274-XHAKY,1,"Established, High-Spend, Low-Risk",41,94.3,0.29402658308510277
1442-BQPVU,4,"New, Low-Spend, High-Risk",13,29.15,0.39810899204101063
3978-YNKDD,4,"New, Low-Spend, High-Risk",19,20.85,0.022112383923212305
4940-KHCWD,3,"Established, Low-Spend, Low-Risk",60,37.7,0.009515330766015732
9412-ARGBX,1,"Established, High-Spend, Low-Risk",48,95.5,0.05426608493972166
1389-CXMLU,2,"New, High-Spend, High-Risk",3,91.05,0.779713824843774
9589-ABEPT,1,"Established, High-Spend, Low-Risk",69,92.45,0.05609459806094251
9388-ZEYVT,3,"Established, Low-Spend, Low-Risk",43,44.15,0.08553190193728427
0305-SQECB,4,"New, Low-Spend, High-Risk",11,36.05,0.11359455285063971
7605-SNLQG,3,"Established, Low-Spend, Low-Risk",45,50.25,0.108821840640934
4670-TABXH,1,"Established, High-Spend, Low-Risk",72,109.75,0.07401994603980222
5561-NWEVX,2,"New, High-Spend, High-Risk",2,79.2,0.7409697730816787
0064-SUDOG,4,"New, Low-Spend, High-Risk",12,20.3,0.03039371660259793
8561-NMTBD,1,"Established, High-Spend, Low-Risk",67,112.35,0.12124957605904621
5161-XEUVX,1,"Established, High-Spend, Low-Risk",37,94.3,0.14670224833207515
8292-FRFZQ,3,"Established, Low-Spend, Low-Risk",39,41.15,0.04244580402048341
8591-NXRCV,1,"Established, High-Spend, Low-Risk",41,74.65,0.11461431613246359
7895-VONWT,4,"New, Low-Spend, High-Risk",25,48.25,0.46559050685337794
4526-RMTLL,4,"New, Low-Spend, High-Risk",8,76.15,0.0638949899455331
6253-GNHWH,1,"Established, High-Spend, Low-Risk",71,71.1,0.005338916489364373
4566-NECEV,2,"New, High-Spend, High-Risk",5,96.55,0.6935922741147061
8080-POTJR,1,"Established, High-Spend, Low-Risk",30,79.3,0.15683196164144356
6906-MPARY,1,"Established, High-Spend, Low-Risk",40,89.6,0.15426319809216563
3662-FXJFO,3,"Established, Low-Spend, Low-Risk",54,20.5,0.005551393117359367
8107-RZLNV,1,"Established, High-Spend, Low-Risk",72,106.3,0.10169569299320765
0516-OOHAR,1,"Established, High-Spend, Low-Risk",28,100.35,0.3013860307404115
2027-CWDNU,2,"New, High-Spend, High-Risk",18,85.6,0.42470358666233343
2737-WFVYW,2,"New, High-Spend, High-Risk",2,45.25,0.6885913074686042
9912-OMZDS,1,"Established, High-Spend, Low-Risk",59,106.15,0.20029556341642196
3733-ZEECP,4,"New, Low-Spend, High-Risk",22,51.1,0.1465798748449837
7878-RTCZG,4,"New, Low-Spend, High-Risk",1,19.9,0.21625969513770485
2452-MRMZF,3,"Established, Low-Spend, Low-Risk",72,25.7,0.0045812843371460564
2272-QAGFO,2,"New, High-Spend, High-Risk",14,74.3,0.6622543129215146
7103-IPXPJ,1,"Established, High-Spend, Low-Risk",50,99.4,0.25447787945740535
4342-HFXWS,1,"Established, High-Spend, Low-Risk",48,69.7,0.024458308058543193
3545-CNWRG,1,"Established, High-Spend, Low-Risk",49,98.35,0.423055013113278
1785-BPHTP,2,"New, High-Spend, High-Risk",28,85.45,0.4283787102862708
4989-LIXVT,1,"Established, High-Spend, Low-Risk",68,95.9,0.29247735363709315
7315-WYOAW,2,"New, High-Spend, High-Risk",13,100.75,0.6689595879357081
1173-XZPYF,2,"New, High-Spend, High-Risk",11,89.2,0.6977849491631753
9850-OWRHQ,2,"New, High-Spend, High-Risk",3,74.1,0.7071068337209951
3768-NLUBH,1,"Established, High-Spend, Low-Risk",57,100.6,0.5002343747083104
8676-TRMJS,2,"New, High-Spend, High-Risk",3,75.0,0.6998924749125448
2509-TFPJU,3,"Established, Low-Spend, Low-Risk",72,25.75,0.003760610965175794
9530-GRMJG,1,"Established, High-Spend, Low-Risk",70,84.1,0.018945581426010747
6898-RBTLU,1,"Established, High-Spend, Low-Risk",49,79.3,0.03616382267522726
5481-NTDOH,1,"Established, High-Spend, Low-Risk",67,107.05,0.18689024729099427
2068-WWXQZ,3,"Established, Low-Spend, Low-Risk",46,20.05,0.008200567231371893
7359-SSBJK,1,"Established, High-Spend, Low-Risk",64,70.2,0.010302587765398488
2061-VVFST,3,"Established, Low-Spend, Low-Risk",37,19.5,0.05190656156081849
0685-MLYYM,2,"New, High-Spend, High-Risk",2,70.75,0.6785264113620251
0749-IRGQE,2,"New, High-Spend, High-Risk",13,45.3,0.6341630997222991
2380-DAMQP,1,"Established, High-Spend, Low-Risk",72,115.15,0.052562572508639334
2256-YLYLP,1,"Established, High-Spend, Low-Risk",68,72.95,0.01506577797588595
1272-ILHFG,4,"New, Low-Spend, High-Risk",15,19.65,0.052420390125315734
0164-XAIRP,4,"New, Low-Spend, High-Risk",24,19.55,0.02233880740594258
5666-CYCYZ,2,"New, High-Spend, High-Risk",24,89.55,0.5184982471951576
4011-ARPHK,4,"New, Low-Spend, High-Risk",27,50.35,0.14196119325440507
8182-PNAGI,4,"New, Low-Spend, High-Risk",12,50.25,0.2397608329814222
6365-HITVU,1,"Established, High-Spend, Low-Risk",71,87.25,0.008435219915455615
7558-IMLMT,3,"Established, Low-Spend, Low-Risk",67,20.8,0.002511940453138084
9488-FYQAU,1,"Established, High-Spend, Low-Risk",63,109.25,0.09366983505133898
3590-TCXTB,4,"New, Low-Spend, High-Risk",1,20.35,0.21678417606258618
6994-KERXL,2,"New, High-Spend, High-Risk",4,55.9,0.46156526145748805
7957-RYHQD,1,"Established, High-Spend, Low-Risk",40,79.2,0.2423293000922241
2180-DXNEG,2,"New, High-Spend, High-Risk",12,96.0,0.6753000458582809
1960-UOTYM,1,"Established, High-Spend, Low-Risk",52,79.2,0.021318725415035867
2740-JFBOK,4,"New, Low-Spend, High-Risk",10,24.0,0.20346700771847331
6500-JVEGC,1,"Established, High-Spend, Low-Risk",68,101.35,0.1027468611327459
5515-AKOAJ,1,"Established, High-Spend, Low-Risk",54,100.1,0.38044522593305774
8976-OQHGT,4,"New, Low-Spend, High-Risk",4,56.5,0.22158710148444788
5245-VDBUR,3,"Established, Low-Spend, Low-Risk",52,35.45,0.04105274498343532
6230-BSUXY,2,"New, High-Spend, High-Risk",1,85.0,0.7316841928682969
8469-SNFFH,1,"Established, High-Spend, Low-Risk",70,79.4,0.020577275348300905
2144-ESWKO,3,"Established, Low-Spend, Low-Risk",43,35.2,0.05656365318265036
1241-FPMOF,3,"Established, Low-Spend, Low-Risk",52,19.65,0.0062705793068313104
9928-BZVLZ,4,"New, Low-Spend, High-Risk",12,49.85,0.09366813107968366
4114-QMKVN,1,"Established, High-Spend, Low-Risk",56,68.75,0.03506321592383901
2775-SEFEE,4,"New, Low-Spend, High-Risk",0,61.9,0.08730820899169416
9003-CPATH,1,"Established, High-Spend, Low-Risk",42,79.9,0.3730112899534801
1754-GKYPY,2,"New, High-Spend, High-Risk",22,89.75,0.6731037813293871
5294-CDGWY,3,"Established, Low-Spend, Low-Risk",51,59.3,0.061767255247953665
7956-XQWGU,4,"New, Low-Spend, High-Risk",27,19.4,0.07669408667244722
1591-MQJTP,1,"Established, High-Spend, Low-Risk",51,93.65,0.20220456638364606
5295-PCJOO,4,"New, Low-Spend, High-Risk",4,49.4,0.2431463800763487
2369-FEVNO,4,"New, Low-Spend, High-Risk",1,19.9,0.21799600447116785
9863-JZAIC,4,"New, Low-Spend, High-Risk",35,55.0,0.2123261719039749
7471-MQPOS,1,"Established, High-Spend, Low-Risk",71,72.9,0.027286657381969042
7660-HDPJV,2,"New, High-Spend, High-Risk",1,69.2,0.6484124549918245
5115-SQAAU,3,"Established, Low-Spend, Low-Risk",69,25.6,0.0032430921537318887
9845-QOMAD,4,"New, Low-Spend, High-Risk",14,19.75,0.054645267264306956
7672-VFMXZ,3,"Established, Low-Spend, Low-Risk",57,55.7,0.03448147384494118
9739-JLPQJ,1,"Established, High-Spend, Low-Risk",72,117.5,0.042579046473021215
9916-AYHTC,3,"Established, Low-Spend, Low-Risk",48,19.85,0.0074646071328870476
3855-ONCAR,2,"New, High-Spend, High-Risk",4,78.9,0.6396330797439569
1488-SYSFC,3,"Established, Low-Spend, Low-Risk",31,20.65,0.05295442251513897
7931-PXHFC,3,"Established, Low-Spend, Low-Risk",38,62.3,0.06967467019890744
3990-QYKBE,2,"New, High-Spend, High-Risk",37,92.5,0.6538948669113842
0970-QXPXW,4,"New, Low-Spend, High-Risk",1,19.65,0.21693115420267958
3259-KNMRR,1,"Established, High-Spend, Low-Risk",57,79.75,0.05743789518250453
6120-RJKLU,1,"Established, High-Spend, Low-Risk",62,79.95,0.018367484898090636
9572-WUKSB,4,"New, Low-Spend, High-Risk",3,29.9,0.45512304668978265
5893-KCLGT,3,"Established, Low-Spend, Low-Risk",72,19.75,0.0019787784879428845
0076-LVEPS,4,"New, Low-Spend, High-Risk",29,45.0,0.09659928044908929
3640-JQGJG,4,"New, Low-Spend, High-Risk",13,44.8,0.26584214580460236
4919-MOAVT,2,"New, High-Spend, High-Risk",3,69.65,0.5731243589248709
1596-OQSPS,4,"New, Low-Spend, High-Risk",11,51.1,0.2888280476710337
9867-XOBQA,4,"New, Low-Spend, High-Risk",21,53.15,0.04870666609718726
9546-KDTRB,4,"New, Low-Spend, High-Risk",19,24.7,0.14312099994703134
3090-HAWSU,1,"Established, High-Spend, Low-Risk",61,111.6,0.07481333572940864
9820-RMCQV,4,"New, Low-Spend, High-Risk",11,48.55,0.23749347682531222
3174-RKMOW,2,"New, High-Spend, High-Risk",35,109.95,0.4187042038373852
1760-CAZHT,4,"New, Low-Spend, High-Risk",25,20.8,0.0652990284555034
7839-QRKXN,4,"New, Low-Spend, High-Risk",1,20.2,0.21545593238752747
8441-SHIPE,3,"Established, Low-Spend, Low-Risk",67,25.6,0.00460098396037665
5204-QZXPU,4,"New, Low-Spend, High-Risk",19,39.65,0.44162634362530817
4597-ELFTS,3,"Established, Low-Spend, Low-Risk",56,24.9,0.014465260332230234
1320-GVNHT,1,"Established, High-Spend, Low-Risk",72,108.4,0.056520618404156245
1047-RNXZV,3,"Established, Low-Spend, Low-Risk",43,19.55,0.009552461857436962
3541-ZNUHK,1,"Established, High-Spend, Low-Risk",55,85.1,0.15065475808373083
8450-JOVAH,4,"New, Low-Spend, High-Risk",2,56.7,0.32046235091782904
8725-JEDFD,2,"New, High-Spend, High-Risk",27,69.05,0.4204497429949235
7562-UXTPG,2,"New, High-Spend, High-Risk",13,70.15,0.5411631228569396
8071-SBTRN,1,"Established, High-Spend, Low-Risk",70,111.15,0.07246700844860637
1113-IUJYX,2,"New, High-Spend, High-Risk",14,105.95,0.2612275209117107
6668-CNMFP,2,"New, High-Spend, High-Risk",19,89.35,0.31577381549492184
5626-MGTUK,2,"New, High-Spend, High-Risk",20,89.1,0.5395301402811014
5681-LLOEI,1,"Established, High-Spend, Low-Risk",43,91.25,0.09014548691552288
8212-DJRCH,2,"New, High-Spend, High-Risk",5,90.35,0.49714817873686074
4323-OHFOW,1,"Established, High-Spend, Low-Risk",70,105.55,0.16231765304757814
4933-BSAIP,3,"Established, Low-Spend, Low-Risk",40,19.1,0.011129002665292882
2030-BTZRO,4,"New, Low-Spend, High-Risk",6,20.4,0.040077408761658065
1116-DXXDF,1,"Established, High-Spend, Low-Risk",39,100.45,0.12623500568050505
9274-CNFMO,2,"New, High-Spend, High-Risk",4,74.95,0.7382135292015968
7758-XKCBS,4,"New, Low-Spend, High-Risk",15,29.7,0.32404145837640913
8992-JQYUN,2,"New, High-Spend, High-Risk",1,50.35,0.6925224289902395
6563-VNPMN,1,"Established, High-Spend, Low-Risk",45,85.7,0.1525620858057094
0617-AQNWT,3,"Established, Low-Spend, Low-Risk",64,47.85,0.013601247183129033
2267-WTPYD,1,"Established, High-Spend, Low-Risk",57,94.0,0.37567250586993
0270-THENM,1,"Established, High-Spend, Low-Risk",72,69.85,0.005098584948568269
2446-PLQVO,2,"New, High-Spend, High-Risk",1,70.3,0.646770001545055
4707-MAXGU,3,"Established, Low-Spend, Low-Risk",72,25.85,0.0037609787557246702
2710-WYVXG,4,"New, Low-Spend, High-Risk",3,71.1,0.06806585354080369
3005-NFMTA,1,"Established, High-Spend, Low-Risk",55,98.8,0.41637818882286
6300-BWMJX,1,"Established, High-Spend, Low-Risk",59,93.35,0.264081526021659
8784-CGILN,2,"New, High-Spend, High-Risk",18,99.85,0.6350577931602197
5389-FFVKB,2,"New, High-Spend, High-Risk",32,80.3,0.5099716179890637
7009-LGECI,4,"New, Low-Spend, High-Risk",4,50.55,0.2887097645202596
8444-WRIDW,1,"Established, High-Spend, Low-Risk",66,80.45,0.21993031727885282
5022-KVDQT,2,"New, High-Spend, High-Risk",27,81.3,0.49849781291288076
7976-CICYS,4,"New, Low-Spend, High-Risk",4,20.7,0.19339970990779284
1036-GUDCL,1,"Established, High-Spend, Low-Risk",60,79.05,0.046832853081447044
2005-DWQZJ,4,"New, Low-Spend, High-Risk",8,19.05,0.03748767351496188
8148-WOCMK,4,"New, Low-Spend, High-Risk",8,19.6,0.036952701075691256
7815-PDTHL,3,"Established, Low-Spend, Low-Risk",35,20.2,0.013536338424721538
9451-LPGOO,2,"New, High-Spend, High-Risk",7,86.8,0.7254358517916126
9173-IVZVP,3,"Established, Low-Spend, Low-Risk",53,20.9,0.004745243861889727
9129-UXERG,2,"New, High-Spend, High-Risk",18,103.6,0.6451754066490569
3635-JBPSG,4,"New, Low-Spend, High-Risk",15,38.8,0.1652141304431033
7964-ZRKKG,1,"Established, High-Spend, Low-Risk",67,88.4,0.14327903183642457
5868-YWPDW,2,"New, High-Spend, High-Risk",6,84.2,0.6851781302261922
6229-LSCKB,2,"New, High-Spend, High-Risk",6,79.7,0.716996852475386
2025-JKFWI,2,"New, High-Spend, High-Risk",13,99.0,0.6746073112855253
4078-SAYYN,2,"New, High-Spend, High-Risk",11,100.75,0.7520671275603984
1724-IQWNM,4,"New, Low-Spend, High-Risk",1,19.3,0.17953657859551098
8217-QYOHV,4,"New, Low-Spend, High-Risk",5,55.75,0.20545941489402922
5546-QUERU,4,"New, Low-Spend, High-Risk",13,19.95,0.0698299310583496
9940-HPQPG,2,"New, High-Spend, High-Risk",9,91.75,0.49084518977002434
6897-UUBNU,2,"New, High-Spend, High-Risk",29,89.65,0.3638327402430359
6127-IYJOZ,4,"New, Low-Spend, High-Risk",1,45.85,0.4703291690303127
6618-RYATB,2,"New, High-Spend, High-Risk",1,79.55,0.702164241200867
8930-XOTDP,4,"New, Low-Spend, High-Risk",18,55.95,0.2888587279955826
5916-QEWPT,2,"New, High-Spend, High-Risk",2,69.0,0.5496359930332764
5060-TQUQN,2,"New, High-Spend, High-Risk",30,83.55,0.3091187568662277
0531-XBKMM,1,"Established, High-Spend, Low-Risk",66,65.7,0.006028771317530624
8465-SBRXP,1,"Established, High-Spend, Low-Risk",38,94.9,0.11513124815892174
2408-PSJVE,3,"Established, Low-Spend, Low-Risk",44,61.9,0.0595683338256786
9079-YEXQJ,1,"Established, High-Spend, Low-Risk",54,111.1,0.35078910756521364
9700-ZCLOT,4,"New, Low-Spend, High-Risk",2,20.0,0.2096985587181851
8738-JOKAR,1,"Established, High-Spend, Low-Risk",42,67.7,0.03601214526590012
4534-WGCIR,3,"Established, Low-Spend, Low-Risk",58,25.15,0.005484803947098658
1930-WNXSB,1,"Established, High-Spend, Low-Risk",58,92.85,0.2756054166389734
2685-SREOM,2,"New, High-Spend, High-Risk",25,89.1,0.5456712094366981
3508-CFVZL,1,"Established, High-Spend, Low-Risk",71,111.3,0.05298664486470764
0402-CQAJN,2,"New, High-Spend, High-Risk",37,101.9,0.5494676859003975
6692-UDPJC,2,"New, High-Spend, High-Risk",14,91.65,0.533051130589181
1273-MTETI,2,"New, High-Spend, High-Risk",4,88.85,0.7755440572780362
0657-DOGUM,3,"Established, Low-Spend, Low-Risk",48,60.6,0.03313477444845306
5480-HPRRX,4,"New, Low-Spend, High-Risk",3,25.3,0.5938851122901248
8792-AOROI,4,"New, Low-Spend, High-Risk",8,65.5,0.0701698237130196
0295-PPHDO,2,"New, High-Spend, High-Risk",1,95.45,0.8128996905252698
5146-YYFRZ,3,"Established, Low-Spend, Low-Risk",67,19.95,0.003120616169369034
1195-OIYEJ,2,"New, High-Spend, High-Risk",13,91.1,0.6825694215528971
5906-CVLHP,3,"Established, Low-Spend, Low-Risk",45,54.15,0.02658070454480047
3452-SRFEG,1,"Established, High-Spend, Low-Risk",49,74.6,0.32701564179849785
4070-OKWVH,1,"Established, High-Spend, Low-Risk",52,94.6,0.37081817168429176
5297-MDOIR,1,"Established, High-Spend, Low-Risk",63,81.15,0.062075294817859936
6369-MCAKO,1,"Established, High-Spend, Low-Risk",68,89.05,0.013573395319360764
4926-UMJZD,4,"New, Low-Spend, High-Risk",31,49.2,0.13151792024633738
6848-HJTXY,3,"Established, Low-Spend, Low-Risk",64,19.45,0.003636975010720592
6341-AEVKX,1,"Established, High-Spend, Low-Risk",62,104.3,0.0996612905127515
4501-EQDRN,2,"New, High-Spend, High-Risk",1,69.7,0.6466060820890803
2990-HWIML,2,"New, High-Spend, High-Risk",6,89.5,0.7339473438081948
0682-USIXD,2,"New, High-Spend, High-Risk",21,86.05,0.46056828518633947
6976-BWGLQ,3,"Established, Low-Spend, Low-Risk",72,25.2,0.0028751955769663563
7078-NVFAM,3,"Established, Low-Spend, Low-Risk",32,35.15,0.12559973004210417
8065-QBYTO,1,"Established, High-Spend, Low-Risk",71,99.65,0.07952053870393558
2133-TSRRM,1,"Established, High-Spend, Low-Risk",34,105.35,0.32974127941180276
7384-GHBPI,2,"New, High-Spend, High-Risk",3,35.15,0.6223943229533014
7603-USHJS,2,"New, High-Spend, High-Risk",12,73.75,0.5748934805332184
7234-FECYN,2,"New, High-Spend, High-Risk",8,101.35,0.7972547619699046
2511-ALLCS,3,"Established, Low-Spend, Low-Risk",35,24.3,0.01518619772862358
3191-CSNMG,2,"New, High-Spend, High-Risk",3,80.7,0.6416530264512726
7952-OBOYL,2,"New, High-Spend, High-Risk",3,89.85,0.588827242247265
7470-DYNOE,3,"Established, Low-Spend, Low-Risk",53,61.1,0.058284883255633704
7853-OETYL,4,"New, Low-Spend, High-Risk",4,29.05,0.43060506183161273
1545-ACTAS,1,"Established, High-Spend, Low-Risk",48,99.7,0.15624037570047258
5876-HZVZM,4,"New, Low-Spend, High-Risk",6,55.9,0.2009544667209887
1400-MMYXY,2,"New, High-Spend, High-Risk",3,105.9,0.8015616550930856
5126-RCXYW,3,"Established, Low-Spend, Low-Risk",54,46.0,0.022962992532653017
3085-QUOZK,4,"New, Low-Spend, High-Risk",1,43.95,0.4277537923958202
2363-BJLSL,1,"Established, High-Spend, Low-Risk",62,80.4,0.08104884031459306
1956-YIFGE,2,"New, High-Spend, High-Risk",22,100.05,0.3354072059680391
3926-CUQZX,4,"New, Low-Spend, High-Risk",1,45.1,0.425799540359197
7921-LMDFQ,1,"Established, High-Spend, Low-Risk",51,94.0,0.2808944398117415
2925-MXLSX,4,"New, Low-Spend, High-Risk",30,68.95,0.15094197738571574
5820-PTRYM,1,"Established, High-Spend, Low-Risk",56,68.45,0.02749523185653287
9609-BENEA,1,"Established, High-Spend, Low-Risk",35,69.0,0.09862405909999113
6211-WHMYA,3,"Established, Low-Spend, Low-Risk",64,43.85,0.08233197318365508
4459-BBGHE,4,"New, Low-Spend, High-Risk",30,44.5,0.35682762264881135
9945-PSVIP,4,"New, Low-Spend, High-Risk",25,18.7,0.016967205045243877
1041-RXHRA,1,"Established, High-Spend, Low-Risk",41,70.25,0.30398269753529505
1750-CSKKM,4,"New, Low-Spend, High-Risk",9,55.35,0.35713403696148444
9108-EJFJP,4,"New, Low-Spend, High-Risk",1,53.55,0.28802691001702785
0530-IJVDB,1,"Established, High-Spend, Low-Risk",70,114.6,0.041125868610129734
0508-SQWPL,3,"Established, Low-Spend, Low-Risk",57,20.1,0.0038826071450533284
2215-ZAFGX,2,"New, High-Spend, High-Risk",9,85.5,0.7199856031552703
8213-TAZPM,1,"Established, High-Spend, Low-Risk",69,108.75,0.11903476681103305
7142-HVGBG,2,"New, High-Spend, High-Risk",43,103.0,0.5723670420677
1304-SEGFY,1,"Established, High-Spend, Low-Risk",72,97.85,0.10783770549404807
7242-EDTYC,3,"Established, Low-Spend, Low-Risk",44,19.55,0.006995966268549612
2904-GGUAZ,1,"Established, High-Spend, Low-Risk",72,84.05,0.031008307142856566
8267-ZNYVZ,1,"Established, High-Spend, Low-Risk",33,103.75,0.19460305989911197
5136-GFPMB,1,"Established, High-Spend, Low-Risk",54,89.4,0.3733551527404272
2595-KIWPV,3,"Established, Low-Spend, Low-Risk",27,19.7,0.015280892901302572
5243-SAOTC,1,"Established, High-Spend, Low-Risk",54,79.85,0.2635749754486859
9398-MMQTO,2,"New, High-Spend, High-Risk",3,74.45,0.5927126840988743
7619-PLRLP,1,"Established, High-Spend, Low-Risk",53,74.1,0.048656445286791306
6457-GIRWB,2,"New, High-Spend, High-Risk",1,69.35,0.650197757374454
6508-NJYRO,4,"New, Low-Spend, High-Risk",15,18.8,0.06677000262192002
1450-SKCVI,1,"Established, High-Spend, Low-Risk",56,73.85,0.1858864682112407
4710-NKCAW,4,"New, Low-Spend, High-Risk",5,64.4,0.19601181273388352
5306-BVTKJ,3,"Established, Low-Spend, Low-Risk",48,55.8,0.03411464986459448
0357-NVCRI,4,"New, Low-Spend, High-Risk",25,20.05,0.06555973656340712
5570-PTWEH,2,"New, High-Spend, High-Risk",3,75.15,0.7031068232457168
2371-KFUOG,1,"Established, High-Spend, Low-Risk",58,99.15,0.12970189663434079
0463-ZSDNT,4,"New, Low-Spend, High-Risk",10,56.75,0.3979004090969621
6502-MJQAE,2,"New, High-Spend, High-Risk",1,69.6,0.649297202605981
6257-DTAYD,1,"Established, High-Spend, Low-Risk",71,104.15,0.07651911588374455
4616-ULAOA,1,"Established, High-Spend, Low-Risk",65,110.8,0.07169211426914084
7693-LCKZL,2,"New, High-Spend, High-Risk",5,80.15,0.59414901358117
7746-AWNQW,4,"New, Low-Spend, High-Risk",28,35.75,0.20313845740019543
5996-EBTKM,1,"Established, High-Spend, Low-Risk",67,69.9,0.014500642356535018
2758-RNWXS,1,"Established, High-Spend, Low-Risk",35,89.2,0.1427041239692376
2314-TNDJQ,3,"Established, Low-Spend, Low-Risk",72,55.65,0.006674100418791762
2405-LBMUW,3,"Established, Low-Spend, Low-Risk",61,50.7,0.020206310185471338
3454-JFUBC,3,"Established, Low-Spend, Low-Risk",68,20.0,0.0036553722700107152
0032-PGELS,4,"New, Low-Spend, High-Risk",1,30.5,0.3955849823884676
9039-ZVJDC,4,"New, Low-Spend, High-Risk",3,19.1,0.20449141789084108
6797-LNAQX,1,"Established, High-Spend, Low-Risk",70,98.3,0.08535759035122255
9013-AQORL,3,"Established, Low-Spend, Low-Risk",48,45.55,0.1331901289704906
2898-MRKPI,1,"Established, High-Spend, Low-Risk",68,101.05,0.16003700643931962
2750-BJLSB,1,"Established, High-Spend, Low-Risk",47,103.7,0.13456239968295922
3648-GZPHF,3,"Established, Low-Spend, Low-Risk",32,36.25,0.07535232734194505
2075-RMJIK,4,"New, Low-Spend, High-Risk",5,49.4,0.2387379177486273
9588-YRFHY,3,"Established, Low-Spend, Low-Risk",49,19.9,0.007255680531659742
6394-MFYNG,1,"Established, High-Spend, Low-Risk",48,107.4,0.4726171264888882
1564-NTYXF,2,"New, High-Spend, High-Risk",13,82.0,0.7379621771436683
9364-YKUVW,4,"New, Low-Spend, High-Risk",15,19.8,0.12776190628441803
5392-AKEMH,4,"New, Low-Spend, High-Risk",12,45.05,0.3182149496237277
2451-YMUXS,1,"Established, High-Spend, Low-Risk",67,64.55,0.008828158635229202
3914-FDRHP,2,"New, High-Spend, High-Risk",9,86.25,0.551139950886002
3078-ZKNTS,4,"New, Low-Spend, High-Risk",13,19.75,0.029323975617877866
1024-KPRBB,1,"Established, High-Spend, Low-Risk",38,89.1,0.31845960713236826
4690-PKDQG,2,"New, High-Spend, High-Risk",42,95.55,0.47997631566695675
8155-IBNHG,2,"New, High-Spend, High-Risk",24,75.4,0.5309232319993483
0886-QGENL,2,"New, High-Spend, High-Risk",27,101.25,0.5188012102267977
9547-ITEFG,2,"New, High-Spend, High-Risk",9,102.6,0.694724321008389
1264-FUHCX,3,"Established, Low-Spend, Low-Risk",49,56.3,0.08783790728215345
7789-CRUVC,1,"Established, High-Spend, Low-Risk",61,94.2,0.14524415984205089
6598-KELSS,3,"Established, Low-Spend, Low-Risk",50,43.05,0.04493335205056588
8739-WWKDU,2,"New, High-Spend, High-Risk",25,89.5,0.6151990756297268
8685-WHQPW,2,"New, High-Spend, High-Risk",22,74.4,0.5974401698666966
4745-LSPLO,4,"New, Low-Spend, High-Risk",1,20.5,0.2163813175203702
8083-YTZES,2,"New, High-Spend, High-Risk",4,74.35,0.6939608253902398
7240-FQLHE,2,"New, High-Spend, High-Risk",18,99.75,0.6871011531777766
6664-FPDAC,1,"Established, High-Spend, Low-Risk",56,111.95,0.23006478351935752
9972-VAFJJ,1,"Established, High-Spend, Low-Risk",53,94.0,0.1313889745231591
0422-UXFAP,1,"Established, High-Spend, Low-Risk",51,98.85,0.31085367262236113
1904-WAJAA,4,"New, Low-Spend, High-Risk",24,64.35,0.03943531432249961
5130-YPIRV,1,"Established, High-Spend, Low-Risk",62,72.0,0.012792454520588527
2843-CQMEG,4,"New, Low-Spend, High-Risk",24,49.7,0.20125959251030612
6439-PKTRR,1,"Established, High-Spend, Low-Risk",70,80.7,0.008143779499098539
5351-QESIO,4,"New, Low-Spend, High-Risk",1,24.2,0.5134497290537302
0786-VSSUD,4,"New, Low-Spend, High-Risk",16,39.0,0.4982723585988828
5568-DMXZS,4,"New, Low-Spend, High-Risk",8,65.45,0.2965525088100722
8468-FZTOE,1,"Established, High-Spend, Low-Risk",72,74.35,0.005028573308835385
6633-SYEUS,2,"New, High-Spend, High-Risk",23,83.2,0.3289878748731215
6447-GORXK,4,"New, Low-Spend, High-Risk",31,25.0,0.21238106669565796
6967-PEJLL,3,"Established, Low-Spend, Low-Risk",37,40.2,0.04158786120281251
3976-BWUCK,2,"New, High-Spend, High-Risk",30,94.1,0.4409526988806704
5981-ZVXOT,1,"Established, High-Spend, Low-Risk",35,108.35,0.32664767894227703
1684-FLBGS,4,"New, Low-Spend, High-Risk",23,69.5,0.2160401866427815
1389-WNUIB,4,"New, Low-Spend, High-Risk",20,76.0,0.17529455988369438
0376-OIWME,2,"New, High-Spend, High-Risk",36,93.6,0.4185538719107977
3585-ISXZP,2,"New, High-Spend, High-Risk",8,95.65,0.7768566641501625
0218-QNVAS,1,"Established, High-Spend, Low-Risk",71,100.55,0.1508010992240583
6583-QGCSI,1,"Established, High-Spend, Low-Risk",50,88.05,0.42766621771842517
0804-YGEQV,3,"Established, Low-Spend, Low-Risk",43,24.45,0.020512745671714107
7164-BPTUT,1,"Established, High-Spend, Low-Risk",57,89.55,0.017906089717658988
4174-LPGTI,1,"Established, High-Spend, Low-Risk",41,66.5,0.043883845575806886
2523-EWWZL,2,"New, High-Spend, High-Risk",27,76.1,0.38977465748417933
0928-XUTSN,2,"New, High-Spend, High-Risk",13,80.5,0.6116177997221811
2108-XWMPY,4,"New, Low-Spend, High-Risk",3,35.45,0.39012765180783054
0052-YNYOT,3,"Established, Low-Spend, Low-Risk",67,20.55,0.006036474213664226
6304-IJFSQ,4,"New, Low-Spend, High-Risk",3,49.9,0.36514112592638526
9586-JGQKH,1,"Established, High-Spend, Low-Risk",64,105.4,0.0920444384596465
4501-VCPFK,4,"New, Low-Spend, High-Risk",26,35.75,0.22398070448537655
6075-SLNIL,2,"New, High-Spend, High-Risk",38,95.1,0.4634215741072242
9347-AERRL,4,"New, Low-Spend, High-Risk",23,19.3,0.047040604247665374
0093-XWZFY,2,"New, High-Spend, High-Risk",40,104.5,0.530007217241249
2274-XUATA,1,"Established, High-Spend, Low-Risk",72,63.1,0.01708861452310049
1980-KXVPM,2,"New, High-Spend, High-Risk",3,75.05,0.7384370061637104
7703-ZEKEF,2,"New, High-Spend, High-Risk",23,81.0,0.5312178224261883
0723-DRCLG,2,"New, High-Spend, High-Risk",1,74.45,0.7569635547548985
5482-NUPNA,4,"New, Low-Spend, High-Risk",4,60.4,0.18543135080482015
6691-CCIHA,1,"Established, High-Spend, Low-Risk",62,84.95,0.01971113982331609
1685-BQULA,2,"New, High-Spend, High-Risk",40,93.4,0.4501267278676599
9053-EJUNL,2,"New, High-Spend, High-Risk",41,89.2,0.44590146833550737
0666-UXTJO,2,"New, High-Spend, High-Risk",34,85.2,0.4951779187507677
1471-GIQKQ,4,"New, Low-Spend, High-Risk",1,49.95,0.38219760241667006
4807-IZYOZ,3,"Established, Low-Spend, Low-Risk",51,20.65,0.006417506294246566
1122-JWTJW,2,"New, High-Spend, High-Risk",1,70.65,0.5924421689262136
9710-NJERN,3,"Established, Low-Spend, Low-Risk",39,20.15,0.011318321911586018
9837-FWLCH,4,"New, Low-Spend, High-Risk",12,19.2,0.1191954770517638
1699-HPSBG,4,"New, Low-Spend, High-Risk",12,59.8,0.1694501702667057
7203-OYKCT,1,"Established, High-Spend, Low-Risk",72,104.95,0.1806622557229395
1035-IPQPU,1,"Established, High-Spend, Low-Risk",63,103.5,0.4263188690398738
7398-LXGYX,1,"Established, High-Spend, Low-Risk",44,84.8,0.26892914621728814
2823-LKABH,2,"New, High-Spend, High-Risk",18,95.05,0.5463466807897479
8775-CEBBJ,4,"New, Low-Spend, High-Risk",9,44.2,0.3492371426929195
0550-DCXLH,2,"New, High-Spend, High-Risk",13,73.35,0.32652654434593725
9281-CEDRU,1,"Established, High-Spend, Low-Risk",68,64.1,0.011277558658150626
2235-DWLJU,2,"New, High-Spend, High-Risk",6,44.4,0.6974315553148832
0871-OPBXW,4,"New, Low-Spend, High-Risk",2,20.05,0.20810825211044234
3605-JISKB,3,"Established, Low-Spend, Low-Risk",55,60.0,0.03898038537901433
6894-LFHLY,2,"New, High-Spend, High-Risk",1,75.75,0.7501471973055294
9767-FFLEM,1,"Established, High-Spend, Low-Risk",38,69.5,0.3303984005626398
0639-TSIQW,1,"Established, High-Spend, Low-Risk",67,102.95,0.19086058442393883
8456-QDAVC,2,"New, High-Spend, High-Risk",19,78.7,0.5767914624448168
7750-EYXWZ,4,"New, Low-Spend, High-Risk",12,60.65,0.27258228066157053
2569-WGERO,3,"Established, Low-Spend, Low-Risk",72,21.15,0.0024103836866596587
6840-RESVB,1,"Established, High-Spend, Low-Risk",24,84.8,0.10821290558124513
2234-XADUH,1,"Established, High-Spend, Low-Risk",72,103.2,0.14705731357925947
4801-JZAZL,4,"New, Low-Spend, High-Risk",11,29.6,0.30005717051058417
8361-LTMKD,2,"New, High-Spend, High-Risk",4,74.4,0.7398289841653267
3186-AJIEK,1,"Established, High-Spend, Low-Risk",66,105.65,0.04447221715338389
